# GLYPH torus knot: (2, 3) trefoil
v 1.55 0 0
v 1.5402113 0.02240041 -0.05760106
v 1.5118034 0.04260811 -0.10956372
v 1.46755705 0.05864504 -0.15080152
v 1.4118034 0.06894138 -0.17727782
v 1.35 0.07248925 -0.18640093
v 1.2881966 0.06894138 -0.17727782
v 1.23244295 0.05864504 -0.15080152
v 1.1881966 0.04260811 -0.10956372
v 1.1597887 0.02240041 -0.05760106
v 1.15 0 0
v 1.1597887 -0.02240041 0.05760106
v 1.1881966 -0.04260811 0.10956372
v 1.23244295 -0.05864504 0.15080152
v 1.2881966 -0.06894138 0.17727782
v 1.35 -0.07248925 0.18640093
v 1.4118034 -0.06894138 0.17727782
v 1.46755705 -0.05864504 0.15080152
v 1.5118034 -0.04260811 0.10956372
v 1.5402113 -0.02240041 0.05760106
v 1.54435554 0.10886631 0.034306
v 1.53231151 0.13005114 -0.02332752
v 1.50197401 0.14713773 -0.07531948
v 1.45631267 0.15845351 -0.11658052
v 1.39979715 0.16289082 -0.14307175
v 1.33795958 0.16001531 -0.1522
v 1.27685305 0.15010845 -0.14307175
v 1.2224591 0.13414 -0.11658052
v 1.18010218 0.11367305 -0.07531948
v 1.15392849 0.09071105 -0.02332752
v 1.14650008 0.06750169 0.034306
v 1.1585441 0.04631685 0.09193952
v 1.18888161 0.02923027 0.14393147
v 1.23454295 0.01791449 0.18519252
v 1.29105847 0.01347717 0.21168374
v 1.35289604 0.01635268 0.220812
v 1.41400256 0.02625954 0.21168374
v 1.46839652 0.042228 0.18519252
v 1.51075344 0.06269495 0.14393147
v 1.53692713 0.08565695 0.09193952
v 1.52751329 0.21643767 0.06828161
v 1.51339856 0.23602023 0.01055141
v 1.48150602 0.24966225 -0.04152776
v 1.43495754 0.25602837 -0.08285802
v 1.37830961 0.25449541 -0.10939368
v 1.31710733 0.24521345 -0.11853725
v 1.25734161 0.22909105 -0.10939368
v 1.20486271 0.2077064 -0.08285802
v 1.16480766 0.18315277 -0.04152776
v 1.14109731 0.15783364 0.01055141
v 1.1360526 0.13422743 0.06828161
v 1.15016734 0.11464488 0.12601182
v 1.18205988 0.10100285 0.17809098
v 1.22860835 0.09463674 0.21942125
v 1.28525628 0.09616969 0.24595691
v 1.34645856 0.10545166 0.25510047
v 1.40622429 0.12157405 0.24595691
v 1.45870318 0.1429587 0.21942125
v 1.49875823 0.16751233 0.17809098
v 1.52246858 0.19283146 0.12601182
v 1.4997443 0.32144736 0.10159964
v 1.48381866 0.33907474 0.04371071
v 1.45080784 0.349004 -0.00851165
v 1.40394318 0.35026319 -0.04995555
v 1.34781211 0.34272905 -0.07656417
v 1.28790914 0.32713908 -0.08573287
v 1.23009798 0.30501933 -0.07656417
v 1.18003759 0.27853504 -0.04995555
v 1.14262824 0.25027867 -0.00851165
v 1.1215318 0.22301616 0.04371071
v 1.11881336 0.19941614 0.10159964
v 1.134739 0.18178876 0.15948857
v 1.16774981 0.17185951 0.21171092
v 1.21461448 0.17060032 0.25315482
v 1.27074554 0.17813445 0.27976344
v 1.33064852 0.19372443 0.28893215
v 1.38845968 0.21584417 0.27976344
v 1.43852007 0.24232847 0.25315482
v 1.47592942 0.27058483 0.21171092
v 1.49702585 0.29784735 0.15948857
v 1.4614925 0.42268421 0.1339392
v 1.44408411 0.43805013 0.07583313
v 1.41044425 0.44406393 0.02341489
v 1.3638658 0.44013695 -0.01818447
v 1.30890821 0.42665358 -0.0448929
v 1.25095109 0.40493367 -0.05409599
v 1.1956677 0.37710332 -0.0448929
v 1.14846956 0.34588675 -0.01818447
v 1.11397675 0.31433967 0.02341489
v 1.09556567 0.28555011 0.07583313
v 1.09503852 0.26233621 0.1339392
v 1.11244691 0.24697029 0.19204527
v 1.14608678 0.24095649 0.24446352
v 1.19266522 0.24488348 0.28606287
v 1.24762281 0.25836684 0.3127713
v 1.30557993 0.28008675 0.3219744
v 1.36086332 0.3079171 0.3127713
v 1.40806146 0.33913367 0.28606287
v 1.44255427 0.37068075 0.24446352
v 1.46096535 0.39947031 0.19204527
v 1.41336336 0.51901834 0.16498886
v 1.39485975 0.53187442 0.10661235
v 1.36112118 0.53384395 0.05395014
v 1.3154502 0.52473415 0.01215718
v 1.26231741 0.50543674 -0.01467556
v 1.20692382 0.4778407 -0.02392149
v 1.15469174 0.44464731 -0.01467556
v 1.11073401 0.40910577 0.01215718
v 1.07935351 0.37469514 0.05395014
v 1.063622 0.34478377 0.10661235
v 1.06507937 0.3222996 0.16498886
v 1.08358298 0.30944352 0.22336536
v 1.11732155 0.30747399 0.27602757
v 1.16299253 0.31658379 0.31782054
v 1.21612532 0.3358812 0.34465327
v 1.27151891 0.36347724 0.3538992
v 1.32375099 0.39667063 0.34465327
v 1.36770872 0.43221217 0.31782054
v 1.39908922 0.4666228 0.27602757
v 1.41482073 0.49653417 0.22336536
v 1.35610853 0.6094244 0.19444958
v 1.33694582 0.61958963 0.13575599
v 1.30366741 0.61746616 0.08280774
v 1.25953083 0.60326183 0.04078777
v 1.20885647 0.57836707 0.01380929
v 1.15660468 0.54521875 0.00451314
v 1.10789025 0.50706166 0.01380929
v 1.06748166 0.46763087 0.04078777
v 1.03933441 0.43078616 0.08280774
v 1.02620374 0.40013413 0.13575599
v 1.02937497 0.37867522 0.19444958
v 1.04853767 0.36850998 0.25314317
v 1.08181608 0.37063346 0.30609142
v 1.12595266 0.38483778 0.34811139
v 1.17662703 0.40973254 0.37508987
v 1.22887881 0.44288086 0.38438602
v 1.27759325 0.48103796 0.37508987
v 1.31800183 0.52046874 0.34811139
v 1.34614908 0.55731346 0.30609142
v 1.35927975 0.58796549 0.25314317
v 1.29060708 0.69300184 0.22203765
v 1.2712578 0.70036993 0.16298856
v 1.23901359 0.69418867 0.1097196
v 1.19703074 0.67506311 0.06744512
v 1.14941882 0.6448654 0.04030323
v 1.10083842 0.6065515 0.03095077
v 1.05604492 0.56387185 0.04030323
v 1.01942303 0.52100421 0.06744512
v 0.99455756 0.48214479 0.1097196
v 0.9838825 0.4510974 0.16298856
v 0.98844281 0.43090119 0.22203765
v 1.00779209 0.42353309 0.28108674
v 1.0400363 0.42971436 0.3343557
v 1.08201915 0.44883992 0.37663018
v 1.12963107 0.47903763 0.40377207
v 1.17821147 0.51735153 0.41312452
v 1.22300496 0.56003118 0.40377207
v 1.25962685 0.60289881 0.37663018
v 1.28449233 0.64175824 0.3343557
v 1.29516739 0.67280563 0.28108674
v 1.21784397 0.76899172 0.24748737
v 1.19880386 0.77353603 0.1880542
v 1.16816922 0.76341762 0.13443876
v 1.12893879 0.73962695 0.09188931
v 1.08495271 0.70449283 0.06457088
v 1.04051665 0.66145441 0.05515759
v 0.99998032 0.61472461 0.06457088
v 0.96731169 0.56887765 0.09188931
v 0.94570861 0.52840137 0.13443876
v 0.93728573 0.49725786 0.1880542
v 0.94286754 0.47849566 0.24748737
v 0.96190765 0.47395135 0.30692055
v 0.99254229 0.48406976 0.36053599
v 1.03177273 0.50786042 0.40308544
v 1.07575881 0.54299455 0.43040387
v 1.12019487 0.58603296 0.43981716
v 1.1607312 0.63276277 0.43040387
v 1.19339982 0.67860972 0.40308544
v 1.2150029 0.719086 0.36053599
v 1.22342578 0.75022952 0.30692055
v 1.13888641 0.83678953 0.27055366
v 1.12066064 0.8385656 0.21071934
v 1.09219848 0.8247152 0.15674203
v 1.05628601 0.7965941 0.11390539
v 1.01643861 0.756955 0.08640257
v 0.9765568 0.70967805 0.07692575
v 0.9405445 0.65939105 0.08640257
v 0.91192685 0.61101643 0.11390539
v 0.89350513 0.56928945 0.15674203
v 0.88708259 0.53829462 0.21071934
v 0.89328793 0.52106595 0.27055366
v 0.91151371 0.51928989 0.33038797
v 0.93997586 0.53314029 0.38436529
v 0.97588833 0.56126138 0.42720193
v 1.01573573 0.60090048 0.45470475
v 1.05561754 0.64817743 0.46418157
v 1.09162984 0.69846443 0.45470475
v 1.1202475 0.74683905 0.42720193
v 1.13866921 0.78856603 0.38436529
v 1.14509175 0.81956086 0.33038797
v 1.05485885 0.89595411 0.29101436
v 1.03794805 0.89509963 0.23077507
v 1.01219536 0.87780358 0.17643241
v 0.98012163 0.84575903 0.13330583
v 0.94486648 0.80210271 0.10561687
v 0.90988092 0.75110801 0.0960759
v 0.87858957 0.69776666 0.10561687
v 0.85405547 0.64730006 0.13330583
v 0.83868016 0.60464825 0.17643241
v 0.8339687 0.57398628 0.23077507
v 0.84038228 0.55831555 0.29101436
v 0.85729308 0.55917004 0.35125366
v 0.88304578 0.57646609 0.40559632
v 0.9151195 0.60851064 0.4487229
v 0.95037465 0.65216696 0.47641186
v 0.98536021 0.70316165 0.48595283
v 1.01665156 0.75650301 0.47641186
v 1.04118567 0.80696961 0.4487229
v 1.05656097 0.84962142 0.40559632
v 1.06127243 0.88028339 0.35125366
v 0.96691734 0.94621229 0.30867244
v 0.95180384 0.94294456 0.24803926
v 0.92925888 0.92256482 0.19334127
v 0.90148931 0.88706797 0.14993271
v 0.87121342 0.8399287 0.12206269
v 0.84139481 0.78576132 0.11245934
v 0.81495234 0.72986812 0.12206269
v 0.79447438 0.67772031 0.14993271
v 0.78196546 0.63442248 0.19334127
v 0.77865004 0.60421293 0.24803926
v 0.78485266 0.59004877 0.30867244
v 0.79996615 0.5933165 0.36930563
v 0.82251111 0.61369624 0.42400361
v 0.85028068 0.64919308 0.46741218
v 0.88055658 0.69633236 0.49528219
v 0.91037519 0.75049973 0.50488555
v 0.93681766 0.80639294 0.49528219
v 0.95729562 0.85854075 0.46741218
v 0.96980454 0.90183858 0.42400361
v 0.97311996 0.93204813 0.36930563
v 0.87622391 0.98745951 0.32335784
v 0.86335859 0.98207037 0.2623585
v 0.84446906 0.95903668 0.2073302
v 0.82140437 0.92061315 0.16365949
v 0.79642223 0.87056093 0.13562118
v 0.77196809 0.81377949 0.12595983
v 0.75043567 0.75582699 0.13562118
v 0.73393273 0.70237623 0.16365949
v 0.72407469 0.65865933 0.2073302
v 0.72182652 0.62895561 0.2623585
v 0.72740828 0.61617269 0.32335784
v 0.7402736 0.62156183 0.38435718
v 0.75916313 0.64459552 0.43938547
v 0.78222783 0.68301905 0.48305618
v 0.80720997 0.73307126 0.5110945
v 0.83166411 0.7898527 0.52075584
v 0.85319653 0.8478052 0.5110945
v 0.86969947 0.90125597 0.48305618
v 0.87955751 0.94497287 0.43938547
v 0.88180568 0.97467658 0.38435718
v 0.78392171 1.01975657 0.33492912
v 0.7737117 1.0126048 0.27360957
v 0.75886413 0.98740479 0.21829241
v 0.7408324 0.9466233 0.17439247
v 0.72138157 0.8942523 0.14620697
v 0.70241563 0.83541823 0.1364949
v 0.6857911 0.77588018 0.14620697
v 0.67313529 0.72146615 0.17439247
v 0.66568706 0.67750256 0.21829241
v 0.66417547 0.64829288 0.27360957
v 0.66874851 0.63669635 0.33492912
v 0.67895853 0.64384812 0.39624866
v 0.69380609 0.66904812 0.45156582
v 0.71183782 0.70982962 0.49546577
v 0.73128865 0.76220062 0.52365127
v 0.75025459 0.82103468 0.53336333
v 0.76687913 0.88057273 0.52365127
v 0.77953493 0.93498677 0.49546577
v 0.78698317 0.97895035 0.45156582
v 0.78849475 1.00816004 0.39624866
v 0.69111136 1.04332256 0.34327485
v 0.68390909 1.03482394 0.28170067
v 0.67341972 1.00799118 0.2261538
v 0.66067004 0.96545084 0.18207156
v 0.64690808 0.91136708 0.15376901
v 0.63348094 0.85103399 0.14401662
v 0.62170297 0.7903574 0.15376901
v 0.61272708 0.73527675 0.18207156
v 0.60743189 0.69118372 0.2261538
v 0.60633574 0.66239444 0.28170067
v 0.60954592 0.65172701 0.34327485
v 0.6167482 0.66022563 0.40484903
v 0.62723756 0.6870584 0.46039589
v 0.63998724 0.72959873 0.50447814
v 0.65374921 0.78368249 0.53278068
v 0.66717635 0.84401558 0.54253307
v 0.67895431 0.90469217 0.53278068
v 0.6879302 0.95977282 0.50447814
v 0.69322539 1.00386585 0.46039589
v 0.69432154 1.03265513 0.40484903
v 0.59882927 1.05852455 0.34831465
v 0.59492314 1.04913954 0.28657211
v 0.58903053 1.02123964 0.23087335
v 0.58172827 0.97755589 0.18667056
v 0.57373114 0.92236437 0.15829063
v 0.56582196 0.86106761 0.14851157
v 0.55877494 0.79966575 0.15829063
v 0.55327988 0.74416924 0.18667056
v 0.54987469 0.70001047 0.23087335
v 0.54889268 0.671512 0.28657211
v 0.55042998 0.66146346 0.34831465
v 0.55433611 0.67084848 0.4100572
v 0.56022872 0.69874838 0.46575596
v 0.56753098 0.74243212 0.50995874
v 0.57552811 0.79762364 0.53833868
v 0.58343729 0.85892041 0.54811774
v 0.59048431 0.92032227 0.53833868
v 0.59597937 0.97581877 0.50995874
v 0.59938456 1.01997755 0.46575596
v 0.60036657 1.04847602 0.4100572
v 0.5080282 1.06586421 0.35
v 0.50763527 1.0560834 0.2881966
v 0.50649495 1.02769839 0.23244295
v 0.50471886 0.98348771 0.1881966
v 0.50248085 0.92777899 0.1597887
v 0.5 0.8660254 0.15
v 0.49751915 0.80427182 0.1597887
v 0.49528114 0.7485631 0.1881966
v 0.49350505 0.70435241 0.23244295
v 0.49236473 0.67596741 0.2881966
v 0.4919718 0.6661866 0.35
v 0.49236473 0.67596741 0.4118034
v 0.49350505 0.70435241 0.46755705
v 0.49528114 0.7485631 0.5118034
v 0.49751915 0.80427182 0.5402113
v 0.5 0.8660254 0.55
v 0.50248085 0.92777899 0.5402113
v 0.50471886 0.98348771 0.5118034
v 0.50649495 1.02769839 0.46755705
v 0.50763527 1.0560834 0.4118034
v 0.41956063 1.06596188 0.34831465
v 0.42282172 1.05628947 0.28657902
v 0.42650311 1.02800044 0.2308865
v 0.43024445 0.98386392 0.18668867
v 0.43367951 0.92820029 0.15831191
v 0.43647204 0.86645832 0.14853395
v 0.43834869 0.80468172 0.15831191
v 0.43912577 0.74891762 0.18668867
v 0.43872719 0.7046246 0.2308865
v 0.43719199 0.67613837 0.28657902
v 0.43467044 0.66624737 0.34831465
v 0.43140935 0.67591978 0.41005029
v 0.42772796 0.70420881 0.46574281
v 0.42398662 0.74834534 0.50994064
v 0.42055156 0.80400896 0.5383174
v 0.41775903 0.86575094 0.54809536
v 0.41588238 0.92752754 0.5383174
v 0.4151053 0.98329163 0.50994064
v 0.41550387 1.02758465 0.46574281
v 0.41703908 1.05607088 0.41005029
v 0.33416524 1.05953855 0.34327485
v 0.34114276 1.05047394 0.28175554
v 0.34962877 1.02284229 0.22625816
v 0.35879258 0.97934838 0.1822152
v 0.36773718 0.92424969 0.15393787
v 0.37558702 0.86293967 0.14419417
v 0.3815737 0.80141976 0.15393787
v 0.38511119 0.74571197 0.1822152
v 0.38585323 0.70126936 0.22625816
v 0.38372717 0.67244229 0.28175554
v 0.37894114 0.66205255 0.34327485
v 0.37196362 0.67111715 0.40479416
v 0.36347762 0.6987488 0.46029153
v 0.3543138 0.74224272 0.5043345
v 0.3453692 0.79734141 0.53261182
v 0.33751936 0.85865143 0.54235553
v 0.33153268 0.92017134 0.53261182
v 0.32799519 0.97587912 0.5043345
v 0.32725315 1.02032173 0.46029153
v 0.32937921 1.0491488 0.40479416
v 0.2524567 1.04739601 0.33492912
v 0.26313575 1.03941413 0.27379217
v 0.27632516 1.01296177 0.21863974
v 0.29073387 0.9706283 0.17487052
v 0.30495146 0.9165576 0.14676895
v 0.3175862 0.85604249 0.13708581
v 0.32740131 0.7950066 0.14676895
v 0.33343604 0.73942457 0.17487052
v 0.33509965 0.69473714 0.21863974
v 0.3322293 0.66531863 0.27379217
v 0.32510596 0.65404873 0.33492912
v 0.31442692 0.66203062 0.39606606
v 0.3012375 0.68848297 0.4512185
v 0.28682879 0.73081644 0.49498772
v 0.27261121 0.78488715 0.52308929
v 0.25997647 0.84540226 0.53277243
v 0.25016135 0.90643814 0.52308929
v 0.24412662 0.96202018 0.49498772
v 0.24246301 1.00670761 0.4512185
v 0.24533336 1.03612611 0.39606606
v 0.17491906 1.03039583 0.32335784
v 0.18921184 1.0239265 0.26278273
v 0.2069249 0.99911551 0.20813714
v 0.22632437 0.95839151 0.16477016
v 0.24551129 0.90574087 0.13692684
v 0.26260752 0.84631739 0.12733268
v 0.27593955 0.78593786 0.13692684
v 0.28420236 0.73051264 0.16477016
v 0.28658713 0.68546715 0.20813714
v 0.2828604 0.65521075 0.26278273
v 0.27338699 0.64270515 0.32335784
v 0.25909422 0.64917448 0.38393294
v 0.24138116 0.67398548 0.43857853
v 0.22198169 0.71470948 0.48194552
v 0.20279477 0.76736012 0.50978883
v 0.18569854 0.8267836 0.51938299
v 0.1723665 0.88716313 0.50978883
v 0.16410369 0.94258834 0.48194552
v 0.16171893 0.98763383 0.43857853
v 0.16544566 1.01789023 0.38393294
v 0.10190279 1.00943717 0.30867244
v 0.11965658 1.00484453 0.24884612
v 0.14164359 0.98205688 0.19487601
v 0.16571158 0.94330481 0.15204509
v 0.18950461 0.89238165 0.12454594
v 0.21069364 0.83427213 0.11507038
v 0.22720456 0.77466439 0.12454594
v 0.23742115 0.71939327 0.15204509
v 0.24034335 0.67386908 0.19487601
v 0.2356851 0.64254805 0.24884612
v 0.2239024 0.6284961 0.30867244
v 0.20614861 0.63308874 0.36849877
v 0.1841616 0.6558764 0.42246888
v 0.16009361 0.69462847 0.4652998
v 0.13630058 0.74555162 0.49279894
v 0.11511154 0.80366115 0.5022745
v 0.09860063 0.86326888 0.49279894
v 0.08838403 0.91854001 0.4652998
v 0.08546184 0.96406419 0.42246888
v 0.09012008 0.99538522 0.36849877
v 0.03362528 0.98543374 0.29101436
v 0.05463375 0.98299652 0.23212308
v 0.08058666 0.96251505 0.17899649
v 0.10894355 0.92599419 0.13683499
v 0.13692865 0.87700885 0.10976564
v 0.16180259 0.82035407 0.10043818
v 0.18113053 0.76157561 0.10976564
v 0.19302052 0.70642711 0.13683499
v 0.19630869 0.66030689 0.17899649
v 0.19067315 0.62772952 0.23212308
v 0.17666558 0.61188391 0.29101436
v 0.15565711 0.61432112 0.34990564
v 0.1297042 0.6348026 0.40303224
v 0.10134731 0.67132346 0.44519374
v 0.07336221 0.72030879 0.47226309
v 0.04848827 0.77696357 0.48159055
v 0.02916033 0.83574204 0.47226309
v 0.01727034 0.89089054 0.44519374
v 0.01398217 0.93701076 0.40303224
v 0.0196177 0.96958812 0.34990564
v -0.02982523 0.95928978 0.27055366
v -0.00580812 0.95918374 0.21277265
v 0.02375815 0.94117544 0.16064764
v 0.0559794 0.90702766 0.119281
v 0.0877016 0.86008302 0.09272199
v 0.11581956 0.80493679 0.08357037
v 0.1375809 0.74698707 0.09272199
v 0.15085547 0.69190637 0.119281
v 0.15434385 0.64508638 0.16064764
v 0.14770459 0.61111017 0.21277265
v 0.13158758 0.59330357 0.27055366
v 0.10757046 0.59340961 0.32833467
v 0.0780042 0.6114179 0.38045968
v 0.04578295 0.64556568 0.42182631
v 0.01406074 0.69251032 0.44838533
v -0.01405722 0.74765656 0.45753694
v -0.03581856 0.80560628 0.44838533
v -0.04909312 0.86068698 0.42182631
v -0.05258151 0.90750696 0.38045968
v -0.04594225 0.94148317 0.32833467
v -0.08848322 0.93187461 0.24748737
v -0.06172784 0.93415861 0.19096825
v -0.0289301 0.91866184 0.13998161
v 0.00669951 0.88690122 0.09951838
v 0.04167333 0.84198571 0.07353939
v 0.07256787 0.78831196 0.06458764
v 0.09635896 0.73113391 0.07353939
v 0.11071777 0.67604857 0.09951838
v 0.11423875 0.62844805 0.13998161
v 0.10657725 0.59299185 0.19096825
v 0.08848322 0.57315065 0.24748737
v 0.06172784 0.57086664 0.3040065
v 0.0289301 0.58636342 0.35499314
v -0.00669951 0.61812403 0.39545637
v -0.04167333 0.66303954 0.42143536
v -0.07256787 0.7167133 0.43038711
v -0.09635896 0.77389134 0.42143536
v -0.11071777 0.82897669 0.39545637
v -0.11423875 0.8765772 0.35499314
v -0.10657725 0.91203341 0.3040065
v -0.14249766 0.90399512 0.22203765
v -0.11328393 0.90860255 0.16689413
v -0.07765118 0.89552005 0.11714843
v -0.03908739 0.86602821 0.07767003
v -0.00136745 0.82301391 0.05232333
v 0.03181635 0.77068769 0.04358946
v 0.05721574 0.71417159 0.05232333
v 0.07234445 0.65899782 0.07767003
v 0.07572159 0.61056715 0.11714843
v 0.06701658 0.57362033 0.16689413
v 0.04708151 0.55177397 0.22203765
v 0.01786778 0.54716653 0.27718117
v -0.01776497 0.56024903 0.32692687
v -0.05632876 0.58974087 0.36640527
v -0.0940487 0.63275517 0.39175197
v -0.12723249 0.68508139 0.40048584
v -0.15263188 0.74159749 0.39175197
v -0.1677606 0.79677127 0.36640527
v -0.17113774 0.84520193 0.32692687
v -0.16243272 0.88214875 0.27718117
v -0.19212405 0.87636542 0.19444958
v -0.16072967 0.88310301 0.14074226
v -0.12266052 0.87220305 0.09229219
v -0.08164308 0.8447325 0.053842
v -0.04169243 0.80338037 0.02915545
v -0.0067192 0.7521945 0.02064905
v 0.01985316 0.69618531 0.02915545
v 0.03542359 0.64083538 0.053842
v 0.03846793 0.59156274 0.09229219
v 0.02868818 0.55319054 0.14074226
v 0.00704166 0.52947492 0.19444958
v -0.02435272 0.52273732 0.2481569
v -0.06242187 0.53363728 0.29660697
v -0.10343931 0.56110783 0.33505717
v -0.14338996 0.60245996 0.35974371
v -0.17836319 0.65364583 0.36825012
v -0.20493555 0.70965502 0.35974371
v -0.22050598 0.76500495 0.33505717
v -0.22355032 0.81427759 0.29660697
v -0.21377057 0.85264979 0.2481569
v -0.23771877 0.84957348 0.16498886
v -0.20441336 0.85812966 0.11271057
v -0.16430068 0.84905779 0.06554964
v -0.12130726 0.82324589 0.02812251
v -0.07964157 0.7832206 0.00409282
v -0.04338216 0.73289989 -0.00418725
v -0.01607835 0.67720949 0.00409282
v -0.00040282 0.62160076 0.02812251
v 0.00211 0.57151708 0.06554964
v -0.00878587 0.53186099 0.11271057
v -0.03202386 0.5065143 0.16498886
v -0.06532928 0.49795812 0.21726715
v -0.10544195 0.50702999 0.26442808
v -0.14843538 0.5328419 0.3018552
v -0.19010106 0.57286718 0.3258849
v -0.22636047 0.6231879 0.33416496
v -0.25366428 0.6788783 0.3258849
v -0.26933981 0.73448702 0.3018552
v -0.27185263 0.7845707 0.26442808
v -0.26095676 0.82422679 0.21726715
v -0.27973836 0.82404625 0.1339392
v -0.24478592 0.83401135 0.08300294
v -0.20301487 0.82631517 0.03705268
v -0.15851405 0.80171107 0.00058634
v -0.1156395 0.76260747 -0.02282649
v -0.07858809 0.71283211 -0.030894
v -0.05098667 0.65725733 -0.02282649
v -0.03553705 0.6013232 0.00058634
v -0.03375156 0.55050492 0.03705268
v -0.04580497 0.50977696 0.08300294
v -0.0705174 0.48312604 0.1339392
v -0.10546984 0.47316094 0.18487546
v -0.14724089 0.48085711 0.23082573
v -0.19174171 0.50546121 0.26729206
v -0.23461626 0.54456481 0.29070489
v -0.27166767 0.59434018 0.29877241
v -0.29926909 0.64991495 0.29070489
v -0.3147187 0.70584909 0.26729206
v -0.3165042 0.75666736 0.23082573
v -0.30445079 0.79739533 0.18487546
v -0.31874477 0.80001785 0.10159964
v -0.28241506 0.81091761 0.05183191
v -0.23936688 0.80408593 0.0069358
v -0.19381407 0.78019155 -0.02869395
v -0.15021568 0.74157342 -0.05156966
v -0.1128394 0.69201174 -0.0594521
v -0.0853439 0.63635796 -0.05156966
v -0.07042062 0.58005985 -0.02869395
v -0.06953036 0.52862828 0.0069358
v -0.08276026 0.48709772 0.05183191
v -0.10881529 0.45953347 0.10159964
v -0.145145 0.44863371 0.15136736
v -0.18819318 0.45546538 0.19626347
v -0.23374598 0.47935976 0.23189323
v -0.27734438 0.5179779 0.25476894
v -0.31472065 0.56753958 0.26265137
v -0.34221616 0.62319336 0.25476894
v -0.35713944 0.67949146 0.23189323
v -0.3580297 0.73092303 0.19626347
v -0.3447998 0.7724536 0.15136736
v -0.35541368 0.77750979 0.06828161
v -0.31799996 0.78885147 0.01942407
v -0.27405894 0.78236631 -0.02465095
v -0.22789185 0.75868912 -0.05962908
v -0.18401787 0.7201376 -0.08208643
v -0.14673167 0.67048544 -0.0898247
v -0.1196831 0.61459293 -0.08208643
v -0.10551985 0.55793122 -0.05962908
v -0.10562832 0.50604677 -0.02465095
v -0.1199979 0.46401837 0.01942407
v -0.14722199 0.43596006 0.06828161
v -0.18463571 0.42461838 0.11713915
v -0.22857674 0.43110355 0.16121417
v -0.27474382 0.45478073 0.19619231
v -0.31861781 0.49333225 0.21864965
v -0.355904 0.54298442 0.22638793
v -0.38295257 0.59887692 0.21864965
v -0.39711582 0.65553863 0.19619231
v -0.39700735 0.70742309 0.16121417
v -0.38263777 0.74945149 0.11713915
v -0.3905363 0.75633355 0.034306
v -0.35237346 0.76765964 -0.01397232
v -0.30793212 0.76105472 -0.05752483
v -0.26156249 0.73716531 -0.09208829
v -0.21780357 0.69832989 -0.1142794
v -0.18093877 0.64834994 -0.12192593
v -0.15457669 0.59211783 -0.1142794
v -0.14129782 0.53513797 -0.09208829
v -0.142402 0.48298793 -0.05752483
v -0.15778114 0.44077252 -0.01397232
v -0.18592982 0.4126241 0.034306
v -0.22409265 0.401298 0.08258432
v -0.268534 0.40790293 0.12613682
v -0.31490362 0.43179233 0.16070029
v -0.35866255 0.47062775 0.1828914
v -0.39552735 0.52060771 0.19053793
v -0.42188943 0.57683981 0.1828914
v -0.4351683 0.63381968 0.16070029
v -0.43406412 0.68596972 0.12613682
v -0.41868498 0.72818512 0.08258432
v -0.425 0.73612159 0
v -0.38647497 0.74706102 -0.04807941
v -0.34193234 0.73997509 -0.09145247
v -0.29573225 0.71555744 -0.12587353
v -0.2523971 0.67619824 -0.14797321
v -0.21616882 0.62575022 -0.15558824
v -0.1905937 0.56915161 -0.14797321
v -0.1781752 0.51194266 -0.12587353
v -0.18012894 0.45972339 -0.09145247
v -0.19626366 0.41760538 -0.04807941
v -0.225 0.38971143 0
v -0.26352503 0.37877201 0.04807941
v -0.30806766 0.38585793 0.09145247
v -0.35426775 0.41027558 0.12587353
v -0.3976029 0.44963479 0.14797321
v -0.43383118 0.5000828 0.15558824
v -0.4594063 0.55668142 0.14797321
v -0.4718248 0.61389036 0.12587353
v -0.46987106 0.66610964 0.09145247
v -0.45373634 0.70822765 0.04807941
v -0.45973592 0.71638113 -0.034306
v -0.42128432 0.72668439 -0.08258432
v -0.37703514 0.71889541 -0.12613682
v -0.3313198 0.69377664 -0.16070029
v -0.28861322 0.65378687 -0.1828914
v -0.25309583 0.60284058 -0.19053793
v -0.22824431 0.54592475 -0.1828914
v -0.21649132 0.4886107 -0.16070029
v -0.2189873 0.43650873 -0.12613682
v -0.23548794 0.39471893 -0.08258432
v -0.26437804 0.36733199 -0.034306
v -0.30282964 0.35702874 0.01397232
v -0.34707882 0.36481771 0.05752483
v -0.39279416 0.38993649 0.09208829
v -0.43550074 0.42992625 0.1142794
v -0.47101813 0.48087254 0.12192593
v -0.49586965 0.53778837 0.1142794
v -0.50762264 0.59510242 0.09208829
v -0.50512666 0.6472044 0.05752483
v -0.48862602 0.68899419 0.01397232
v -0.49563639 0.69655217 -0.06828161
v -0.45772514 0.70609977 -0.11713915
v -0.41414269 0.69752999 -0.16121417
v -0.3691552 0.6716817 -0.19619231
v -0.32716634 0.63108512 -0.21864965
v -0.2922863 0.57971411 -0.22638793
v -0.26792936 0.52259724 -0.21864965
v -0.25647976 0.46532549 -0.19619231
v -0.25905825 0.41350503 -0.16121417
v -0.27541245 0.37220841 -0.11713915
v -0.30394149 0.34547801 -0.06828161
v -0.34185274 0.33593042 -0.01942407
v -0.38543519 0.34450019 0.02465095
v -0.43042269 0.37034848 0.05962908
v -0.47241154 0.41094507 0.08208643
v -0.50729159 0.46231607 0.0898247
v -0.53164852 0.51943295 0.08208643
v -0.54309813 0.57670469 0.05962908
v -0.54051963 0.62852515 0.02465095
v -0.52416543 0.66982178 -0.01942407
v -0.53346339 0.67604999 -0.10159964
v -0.49656454 0.68483218 -0.15136736
v -0.45398306 0.67552433 -0.19626347
v -0.40988715 0.64903755 -0.23189323
v -0.3685932 0.60796456 -0.25476894
v -0.33414336 0.55632587 -0.26265137
v -0.30990983 0.49917623 -0.25476894
v -0.29826474 0.44210984 -0.23189323
v -0.300348 0.39071277 -0.19626347
v -0.31595569 0.35001611 -0.15136736
v -0.34356001 0.32400354 -0.10159964
v -0.38045887 0.31522135 -0.05183191
v -0.42304034 0.3245292 -0.0069358
v -0.46713626 0.35101597 0.02869395
v -0.50843021 0.39208896 0.05156966
v -0.54288004 0.44372766 0.0594521
v -0.56711358 0.5008773 0.05156966
v -0.57875867 0.55794369 0.02869395
v -0.57667541 0.60934076 -0.0069358
v -0.56106772 0.65003742 -0.05183191
v -0.5737758 0.65428365 -0.1339392
v -0.53833921 0.66235978 -0.18487546
v -0.49704106 0.65243435 -0.23082573
v -0.45392389 0.62547894 -0.26729206
v -0.41320831 0.58413211 -0.29070489
v -0.37887986 0.53244119 -0.29877241
v -0.35429883 0.47546604 -0.29070489
v -0.3418714 0.4187838 -0.26729206
v -0.34281403 0.36794291 -0.23082573
v -0.35703447 0.32792003 -0.18487546
v -0.38314072 0.30263288 -0.1339392
v -0.41857731 0.29455674 -0.08300294
v -0.45987547 0.30448217 -0.03705268
v -0.50299264 0.33143759 -0.00058634
v -0.54370821 0.37278442 0.02282649
v -0.57803667 0.42447534 0.030894
v -0.60261769 0.48145048 0.02282649
v -0.61504513 0.53813273 -0.00058634
v -0.61410249 0.58897362 -0.03705268
v -0.59988205 0.6289965 -0.08300294
v -0.61689283 0.63065724 -0.16498886
v -0.58332296 0.63810858 -0.21726715
v -0.54353184 0.62771663 -0.26442808
v -0.50141452 0.60049863 -0.3018552
v -0.46109371 0.55911886 -0.3258849
v -0.42651632 0.50762786 -0.33416496
v -0.401067 0.45106594 -0.3258849
v -0.38723693 0.39496975 -0.3018552
v -0.38637988 0.3448304 -0.26442808
v -0.39857975 0.30555587 -0.21726715
v -0.42264232 0.28099063 -0.16498886
v -0.45621219 0.27353928 -0.11271057
v -0.49600331 0.28393123 -0.06554964
v -0.53812064 0.31114923 -0.02812251
v -0.57844144 0.352529 -0.00409282
v -0.61301884 0.40402 0.00418725
v -0.63846815 0.46058193 -0.00409282
v -0.65229823 0.51667811 -0.02812251
v -0.65315528 0.56681746 -0.06554964
v -0.64095541 0.60609199 -0.11271057
v -0.66289269 0.60456702 -0.19444958
v -0.6315311 0.61145564 -0.2481569
v -0.59340992 0.60073905 -0.29660697
v -0.55226073 0.57346626 -0.33505717
v -0.5121115 0.53230691 -0.35974371
v -0.4768923 0.48128997 -0.36825012
v -0.45005065 0.42540933 -0.35974371
v -0.43421398 0.37013499 -0.33505717
v -0.43093251 0.32087757 -0.29660697
v -0.44052744 0.28245874 -0.2481569
v -0.46205956 0.2586392 -0.19444958
v -0.49342115 0.25175057 -0.14074226
v -0.53154232 0.26246716 -0.09229219
v -0.57269151 0.28973996 -0.053842
v -0.61284075 0.33089931 -0.02915545
v -0.64805994 0.38191625 -0.02064905
v -0.6749016 0.43779689 -0.02915545
v -0.69073826 0.49307123 -0.053842
v -0.69401974 0.54232865 -0.09229219
v -0.6844248 0.58074748 -0.14074226
v -0.7116339 0.57540415 -0.22203765
v -0.68274687 0.58174524 -0.27718117
v -0.64639747 0.5708106 -0.32692687
v -0.60614386 0.54367057 -0.36640527
v -0.56592632 0.50298183 -0.39175197
v -0.52968165 0.45272727 -0.40048584
v -0.5009577 0.39782615 -0.39175197
v -0.4825662 0.34365257 -0.36640527
v -0.47630741 0.29550943 -0.32692687
v -0.48279401 0.25810931 -0.27718117
v -0.50139103 0.2351132 -0.22203765
v -0.53027807 0.22877211 -0.16689413
v -0.56662746 0.23970675 -0.11714843
v -0.60688108 0.26684677 -0.07767003
v -0.64709861 0.30753552 -0.05232333
v -0.68334329 0.35779008 -0.04358946
v -0.71206723 0.4126912 -0.05232333
v -0.73045874 0.46686478 -0.07767003
v -0.73671752 0.51500792 -0.11714843
v -0.73023092 0.55240804 -0.16689413
v -0.76278547 0.54256602 -0.24748737
v -0.73655548 0.54831531 -0.3040065
v -0.70201875 0.53722226 -0.35499314
v -0.66255599 0.51037275 -0.39545637
v -0.62203008 0.47039498 -0.42143536
v -0.58440799 0.42120227 -0.43038711
v -0.55337242 0.36760993 -0.42143536
v -0.53196136 0.31486396 -0.39545637
v -0.52227067 0.26812751 -0.35499314
v -0.52524893 0.23197545 -0.3040065
v -0.54060463 0.20994661 -0.24748737
v -0.56683463 0.20419732 -0.19096825
v -0.60137135 0.21529037 -0.13998161
v -0.64083412 0.24213988 -0.09951838
v -0.68136002 0.28211765 -0.07353939
v -0.71898212 0.33131036 -0.06458764
v -0.75001768 0.3849027 -0.07353939
v -0.77142874 0.43764866 -0.09951838
v -0.78111944 0.48438512 -0.13998161
v -0.77814117 0.52053718 -0.19096825
v -0.8158567 0.5054743 -0.27055366
v -0.79237722 0.51052874 -0.32833467
v -0.75963333 0.49929041 -0.38045968
v -0.72083023 0.47285938 -0.42182631
v -0.67976623 0.43382292 -0.44838533
v -0.64046096 0.38600219 -0.45753694
v -0.6067619 0.3340782 -0.44838533
v -0.58196775 0.28313365 -0.42182631
v -0.56850554 0.23815533 -0.38045968
v -0.56769302 0.20354605 -0.32833467
v -0.57960975 0.1826936 -0.27055366
v -0.60308923 0.17763916 -0.21277265
v -0.63583312 0.18887749 -0.16064764
v -0.67463623 0.21530852 -0.119281
v -0.71570023 0.25434498 -0.09272199
v -0.75500549 0.30216571 -0.08357037
v -0.78870455 0.3540897 -0.09272199
v -0.8134987 0.40503425 -0.119281
v -0.82696092 0.45001256 -0.16064764
v -0.82777343 0.48462185 -0.21277265
v -0.87022329 0.46359652 -0.29101436
v -0.8494968 0.46780463 -0.34990564
v -0.8184662 0.45639646 -0.40303224
v -0.78016901 0.43048872 -0.44519374
v -0.738354 0.39261743 -0.47226309
v -0.69711433 0.34648971 -0.48159055
v -0.66048682 0.29662086 -0.47226309
v -0.63205682 0.24789238 -0.44519374
v -0.61460727 0.20507417 -0.40303224
v -0.60984625 0.17235755 -0.34990564
v -0.6182398 0.15294508 -0.29101436
v -0.63896629 0.14873697 -0.23212308
v -0.66999688 0.16014514 -0.17899649
v -0.70829408 0.18605288 -0.13683499
v -0.75010909 0.22392416 -0.10976564
v -0.79134876 0.27005188 -0.10043818
v -0.82797627 0.31992074 -0.10976564
v -0.85640626 0.36864922 -0.13683499
v -0.87385581 0.41146743 -0.17899649
v -0.87861684 0.44418404 -0.23212308
v -0.92514963 0.41646818 -0.30867244
v -0.90708893 0.41964633 -0.36849877
v -0.877635 0.40801997 -0.42246888
v -0.839671 0.38272718 -0.4652998
v -0.7969131 0.34624379 -0.49279894
v -0.75354674 0.30214105 -0.5022745
v -0.71381693 0.25473605 -0.49279894
v -0.6816127 0.2086691 -0.4652998
v -0.66008642 0.16844958 -0.42246888
v -0.65134524 0.13801444 -0.36849877
v -0.65624479 0.12034289 -0.30867244
v -0.67430549 0.11716474 -0.24884612
v -0.70375942 0.1287911 -0.19487601
v -0.74172342 0.15408389 -0.15204509
v -0.78448132 0.19056728 -0.12454594
v -0.82784768 0.23467002 -0.11507038
v -0.86757749 0.28207502 -0.12454594
v -0.89978172 0.32814197 -0.15204509
v -0.921308 0.36836149 -0.19487601
v -0.93004918 0.39879663 -0.24884612
v -0.9798085 0.36371356 -0.32335784
v -0.96424163 0.36566498 -0.38393294
v -0.93617545 0.35376421 -0.43857853
v -0.8983573 0.3291762 -0.48194552
v -0.85448906 0.29430779 -0.50978883
v -0.80886487 0.25257215 -0.51938299
v -0.76595074 0.20805464 -0.50978883
v -0.72994741 0.16511295 -0.48194552
v -0.70437913 0.12795052 -0.43857853
v -0.6917487 0.10020506 -0.38393294
v -0.69329248 0.08459249 -0.32335784
v -0.70885936 0.08264108 -0.26278273
v -0.73692553 0.09454185 -0.20813714
v -0.77474369 0.11912986 -0.16477016
v -0.81861193 0.15399826 -0.13692684
v -0.86423612 0.19573391 -0.12733268
v -0.90715024 0.24025142 -0.13692684
v -0.94315358 0.2831931 -0.16477016
v -0.96872186 0.32035554 -0.20813714
v -0.98135228 0.34810099 -0.26278273
v -1.03329991 0.30506409 -0.33492912
v -1.01997822 0.30559813 -0.39606606
v -0.99306587 0.29337467 -0.4512185
v -0.95519722 0.26959023 -0.49498772
v -0.91007913 0.23657299 -0.52308929
v -0.86212807 0.1975549 -0.53277243
v -0.81603781 0.15635534 -0.52308929
v -0.77632 0.1170072 -0.49498772
v -0.74686249 0.08336216 -0.4512185
v -0.73054879 0.05871361 -0.39606606
v -0.7289758 0.04547434 -0.33492912
v -0.74229749 0.0449403 -0.27379217
v -0.76920984 0.05716376 -0.21863974
v -0.80707848 0.0809482 -0.17487052
v -0.85219657 0.11396545 -0.14676895
v -0.90014764 0.15298353 -0.13708581
v -0.94623789 0.19418309 -0.14676895
v -0.9859557 0.23353123 -0.17487052
v -1.01541321 0.26717628 -0.21863974
v -1.03172691 0.29182482 -0.27379217
v -1.08466992 0.24037368 -0.34327485
v -1.07327912 0.23932364 -0.40479416
v -1.04725112 0.22675132 -0.46029153
v -1.00913371 0.20388739 -0.5043345
v -0.96265809 0.17296994 -0.53261182
v -0.91237363 0.13702538 -0.54235553
v -0.86320251 0.0995722 -0.53261182
v -0.81995795 0.0642766 -0.5043345
v -0.78687302 0.03459355 -0.46029153
v -0.76718631 0.01342864 -0.40479416
v -0.76282489 0.00285362 -0.34327485
v -0.77421569 0.00390367 -0.28175554
v -0.8002437 0.01647599 -0.22625816
v -0.83836111 0.03933991 -0.1822152
v -0.88483672 0.07025737 -0.15393787
v -0.93512118 0.10620193 -0.14419417
v -0.9842923 0.1436551 -0.15393787
v -1.02753687 0.1789507 -0.1822152
v -1.06062179 0.20863375 -0.22625816
v -1.0803085 0.22979867 -0.28175554
v -1.13293039 0.16963078 -0.34831465
v -1.12310375 0.166869 -0.41005029
v -1.09766635 0.15395541 -0.46574281
v -1.05910819 0.13215408 -0.50994064
v -1.0112036 0.10359906 -0.5383174
v -0.95864182 0.07108554 -0.54809536
v -0.90656796 0.03779614 -0.5383174
v -0.86007938 0.00698948 -0.50994064
v -0.8237267 -0.01831887 -0.46574281
v -0.80106838 -0.03565157 -0.41005029
v -0.79432236 -0.04331196 -0.34831465
v -0.80414901 -0.04055018 -0.28657902
v -0.8295864 -0.02763659 -0.2308865
v -0.86814457 -0.00583526 -0.18668867
v -0.91604915 0.02271975 -0.15831191
v -0.96861093 0.05523328 -0.14853395
v -1.02068479 0.08852268 -0.15831191
v -1.06717337 0.11932934 -0.18668867
v -1.10352605 0.14463769 -0.2308865
v -1.12618437 0.16197039 -0.28657902
v -1.17707958 0.09296678 -0.35
v -1.16841269 0.08841666 -0.4118034
v -1.14326039 0.0752117 -0.46755705
v -1.10408477 0.0546445 -0.5118034
v -1.0547206 0.02872831 -0.5402113
v -1 0 -0.55
v -0.9452794 -0.02872831 -0.5402113
v -0.89591523 -0.0546445 -0.5118034
v -0.85673961 -0.0752117 -0.46755705
v -0.83158731 -0.08841666 -0.4118034
v -0.82292042 -0.09296678 -0.35
v -0.83158731 -0.08841666 -0.2881966
v -0.85673961 -0.0752117 -0.23244295
v -0.89591523 -0.0546445 -0.1881966
v -0.9452794 -0.02872831 -0.1597887
v -1 0 -0.15
v -1.0547206 0.02872831 -0.1597887
v -1.10408477 0.0546445 -0.1881966
v -1.14326039 0.0752117 -0.23244295
v -1.16841269 0.08841666 -0.2881966
v -1.21612379 0.01066092 -0.34831465
v -1.20819015 0.0043053 -0.4100572
v -1.18301875 -0.00909349 -0.46575596
v -1.14307353 -0.02822389 -0.50995874
v -1.09226462 -0.05121328 -0.53833868
v -1.03556554 -0.07581131 -0.54811774
v -0.97852639 -0.09961014 -0.53833868
v -0.92673057 -0.12028019 -0.50995874
v -0.8852482 -0.13579811 -0.46575596
v -0.85813988 -0.14464492 -0.4100572
v -0.84805915 -0.14595461 -0.34831465
v -0.85599279 -0.139599 -0.28657211
v -0.88116419 -0.12620021 -0.23087335
v -0.92110941 -0.10706981 -0.18667056
v -0.97191832 -0.08408042 -0.15829063
v -1.0286174 -0.05948239 -0.14851157
v -1.08565655 -0.03568356 -0.15829063
v -1.13745237 -0.01501351 -0.18667056
v -1.17893474 0.00050441 -0.23087335
v -1.20604306 0.00935122 -0.28657211
v -1.24909953 -0.07685872 -0.34327485
v -1.24146635 -0.08497253 -0.40484903
v -1.21598603 -0.09841787 -0.46039589
v -1.17515275 -0.11587862 -0.50447814
v -1.12296356 -0.1356456 -0.53278068
v -1.0645271 -0.15578388 -0.54253307
v -1.00556355 -0.17432218 -0.53278068
v -0.95184465 -0.18944584 -0.50447814
v -0.9086288 -0.19967446 -0.46039589
v -0.88014626 -0.20400679 -0.40484903
v -0.86918511 -0.20201875 -0.34327485
v -0.87681828 -0.19390494 -0.28170067
v -0.9022986 -0.18045959 -0.2261538
v -0.94313188 -0.16299884 -0.18207156
v -0.99532107 -0.14323186 -0.15376901
v -1.05375753 -0.12309359 -0.14401662
v -1.11272108 -0.10455529 -0.15376901
v -1.16643998 -0.08943162 -0.18207156
v -1.20965583 -0.079203 -0.2261538
v -1.23813837 -0.07487067 -0.28170067
v -1.27509595 -0.16901783 -0.33492912
v -1.26733958 -0.17877646 -0.39624866
v -1.24128746 -0.19207224 -0.45156582
v -1.19948976 -0.20760367 -0.49546577
v -1.14603792 -0.22385044 -0.52365127
v -1.08616419 -0.23922219 -0.53336333
v -1.02572942 -0.25221424 -0.52365127
v -0.97064939 -0.26155483 -0.49546577
v -0.92631572 -0.26632964 -0.45156582
v -0.89706809 -0.26607127 -0.39624866
v -0.88576947 -0.26080503 -0.33492912
v -0.89352584 -0.25104639 -0.27360957
v -0.91957796 -0.23775062 -0.21829241
v -0.96137566 -0.22221919 -0.17439247
v -1.0148275 -0.20597242 -0.14620697
v -1.07470123 -0.19060066 -0.1364949
v -1.135136 -0.17760862 -0.14620697
v -1.19021603 -0.16826803 -0.17439247
v -1.2345497 -0.16349322 -0.21829241
v -1.26379733 -0.16375158 -0.27360957
v -1.29327698 -0.26510241 -0.32335784
v -1.28499752 -0.27632783 -0.38435718
v -1.25814926 -0.28923271 -0.43938547
v -1.2153603 -0.30255385 -0.48305618
v -1.16081911 -0.31498726 -0.5110945
v -1.09986456 -0.3253159 -0.52075584
v -1.03846332 -0.3325287 -0.5110945
v -0.98262576 -0.33591965 -0.48305618
v -0.93781766 -0.3351568 -0.43938547
v -0.90842514 -0.33031483 -0.38435718
v -0.89732534 -0.32186771 -0.32335784
v -0.9056048 -0.31064229 -0.2623585
v -0.93245306 -0.29773741 -0.2073302
v -0.97524202 -0.28441628 -0.16365949
v -1.02978321 -0.27198286 -0.13562118
v -1.09073776 -0.26165423 -0.12595983
v -1.152139 -0.25444142 -0.13562118
v -1.20797656 -0.25105047 -0.16365949
v -1.25278466 -0.25181332 -0.2073302
v -1.28217718 -0.25665529 -0.2623585
v -1.30290255 -0.36426884 -0.30867244
v -1.29373734 -0.37672254 -0.36930563
v -1.26591739 -0.38895608 -0.42400361
v -1.22216591 -0.39977195 -0.46741218
v -1.1667656 -0.40811143 -0.49528219
v -1.10513943 -0.41315818 -0.50488555
v -1.0433198 -0.41441819 -0.49528219
v -0.98735804 -0.41176813 -0.46741218
v -0.94273209 -0.4054674 -0.42400361
v -0.91381023 -0.39613276 -0.36930563
v -0.90342355 -0.38467795 -0.30867244
v -0.91258876 -0.37222425 -0.24803926
v -0.94040871 -0.35999071 -0.19334127
v -0.98416019 -0.34917484 -0.14993271
v -1.0395605 -0.34083537 -0.12206269
v -1.10118667 -0.33578862 -0.11245934
v -1.1630063 -0.3345286 -0.12206269
v -1.21896806 -0.33717866 -0.14993271
v -1.26359401 -0.34347939 -0.19334127
v -1.29251587 -0.35281403 -0.24803926
v -1.30334845 -0.46555751 -0.29101436
v -1.29298399 -0.47894719 -0.35125366
v -1.26407422 -0.49019793 -0.40559632
v -1.21944901 -0.49820843 -0.4487229
v -1.1634766 -0.50219457 -0.47641186
v -1.10163596 -0.50176615 -0.48595283
v -1.03998048 -0.49696511 -0.47641186
v -0.98454542 -0.48826141 -0.4487229
v -0.94075716 -0.47650703 -0.40559632
v -0.912902 -0.46285257 -0.35125366
v -0.90370659 -0.44863462 -0.29101436
v -0.91407105 -0.43524494 -0.23077507
v -0.94298082 -0.4239942 -0.17643241
v -0.98760603 -0.4159837 -0.13330583
v -1.04357844 -0.41199756 -0.10561687
v -1.10541908 -0.41242598 -0.0960759
v -1.16707456 -0.41722702 -0.10561687
v -1.22250962 -0.42593072 -0.13330583
v -1.26629788 -0.4376851 -0.17643241
v -1.29415304 -0.45133956 -0.23077507
v -1.2941242 -0.5679098 -0.27055366
v -1.2823064 -0.58189811 -0.33038797
v -1.25225283 -0.59183345 -0.38436529
v -1.20690534 -0.59674326 -0.42720193
v -1.15070286 -0.59614696 -0.45470475
v -1.08914689 -0.59010289 -0.46418157
v -1.02826295 -0.57920271 -0.45470475
v -0.97401078 -0.56451339 -0.42720193
v -0.93170097 -0.54747283 -0.38436529
v -0.90547509 -0.52974908 -0.33038797
v -0.89790031 -0.51307706 -0.27055366
v -0.90971812 -0.49908875 -0.21071934
v -0.93977169 -0.48915341 -0.15674203
v -0.98511918 -0.4842436 -0.11390539
v -1.04132165 -0.48483991 -0.08640257
v -1.10287762 -0.49088397 -0.07692575
v -1.16376157 -0.50178415 -0.08640257
v -1.21801374 -0.51647347 -0.11390539
v -1.26032355 -0.53351403 -0.15674203
v -1.28654943 -0.55123778 -0.21071934
v -1.27488835 -0.67018796 -0.24748737
v -1.26143071 -0.68440305 -0.30692055
v -1.2302482 -0.69268038 -0.36053599
v -1.18439317 -0.6942097 -0.40308544
v -1.12835423 -0.68884132 -0.43040387
v -1.06761687 -0.67710073 -0.43981716
v -1.00812648 -0.66013718 -0.43040387
v -0.95570639 -0.63961118 -0.40308544
v -0.91548785 -0.61753196 -0.36053599
v -0.89140773 -0.59606079 -0.30692055
v -0.88582316 -0.57729941 -0.24748737
v -0.8992808 -0.56308432 -0.1880542
v -0.93046331 -0.554807 -0.13443876
v -0.97631835 -0.55327767 -0.09188931
v -1.03235728 -0.55864605 -0.06457088
v -1.09309465 -0.57038664 -0.05515759
v -1.15258504 -0.58735019 -0.06457088
v -1.20500512 -0.60787619 -0.09188931
v -1.24522366 -0.62995541 -0.13443876
v -1.26930378 -0.65142658 -0.1880542
v -1.24546074 -0.7711976 -0.22203765
v -1.23025046 -0.78524505 -0.28108674
v -1.1980251 -0.79152387 -0.3343557
v -1.15193911 -0.78941945 -0.37663018
v -1.09650371 -0.77913778 -0.40377207
v -1.0371453 -0.7616853 -0.41312452
v -0.97967429 -0.73877039 -0.40377207
v -0.92971634 -0.71263611 -0.37663018
v -0.8921617 -0.68584068 -0.3343557
v -0.87068646 -0.661007 -0.28108674
v -0.86739278 -0.64056599 -0.22203765
v -0.88260306 -0.62651854 -0.16298856
v -0.91482841 -0.62023972 -0.1097196
v -0.9609144 -0.62234414 -0.06744512
v -1.0163498 -0.63262581 -0.04030323
v -1.07570822 -0.65007828 -0.03095077
v -1.13317923 -0.6729932 -0.04030323
v -1.18313717 -0.69912747 -0.06744512
v -1.22069182 -0.72592291 -0.1097196
v -1.24216706 -0.75075658 -0.16298856
v -1.20583127 -0.86971224 -0.19444958
v -1.18883293 -0.88318805 -0.25314317
v -1.15572215 -0.88714257 -0.30609142
v -1.10974007 -0.8811887 -0.34811139
v -1.05538772 -0.86590923 -0.37508987
v -0.99798548 -0.84279984 -0.38438602
v -0.9431523 -0.81412263 -0.37508987
v -0.89625563 -0.78268472 -0.34811139
v -0.86188603 -0.75156348 -0.30609142
v -0.84340784 -0.72380527 -0.25314317
v -0.84262985 -0.70212726 -0.19444958
v -0.85962819 -0.68865144 -0.13575599
v -0.89273896 -0.68469693 -0.08280774
v -0.93872105 -0.6906508 -0.04078777
v -0.9930734 -0.70593027 -0.01380929
v -1.05047563 -0.72903966 -0.00451314
v -1.10530881 -0.75771687 -0.01380929
v -1.15220549 -0.78915478 -0.04078777
v -1.18657509 -0.82027602 -0.08280774
v -1.20505327 -0.84803423 -0.13575599
v -1.15616475 -0.9644994 -0.16498886
v -1.13742157 -0.97700361 -0.22336536
v -1.10365181 -0.97833541 -0.27602757
v -1.05816108 -0.96836442 -0.31782054
v -1.00540234 -0.94806667 -0.34465327
v -0.95053998 -0.91942906 -0.3538992
v -0.89894431 -0.88525483 -0.34465327
v -0.85566587 -0.84888918 -0.31782054
v -0.82494106 -0.81389186 -0.27602757
v -0.80977744 -0.78368863 -0.22336536
v -0.81165933 -0.76123599 -0.16498886
v -0.83040251 -0.74873178 -0.10661235
v -0.86417227 -0.74739999 -0.05395014
v -0.909663 -0.75737098 -0.01215718
v -0.96242173 -0.77766872 0.01467556
v -1.01728409 -0.80630634 0.02392149
v -1.06887977 -0.84048057 0.01467556
v -1.1121582 -0.87684621 -0.01215718
v -1.14288301 -0.91184354 -0.05395014
v -1.15804663 -0.94204677 -0.10661235
v -1.09680152 -1.05434752 -0.1339392
v -1.07643411 -1.06549795 -0.19204527
v -1.04229609 -1.06394827 -0.24446352
v -0.9977291 -1.04985016 -0.28606287
v -0.94709569 -1.02458365 -0.3127713
v -0.89535221 -0.99062201 -0.3219744
v -0.84756366 -0.95128963 -0.3127713
v -0.80840792 -0.91043664 -0.28606287
v -0.78171783 -0.87206202 -0.24446352
v -0.770106 -0.83992214 -0.19204527
v -0.77470908 -0.81716308 -0.1339392
v -0.79507649 -0.80601265 -0.07583313
v -0.82921451 -0.80756233 -0.02341489
v -0.8737815 -0.82166044 0.01818447
v -0.92441491 -0.84692695 0.0448929
v -0.97615839 -0.88088859 0.05409599
v -1.02394694 -0.92022097 0.0448929
v -1.06310268 -0.96107396 0.01818447
v -1.08979277 -0.99944858 -0.02341489
v -1.1014046 -1.03158846 -0.07583313
v -1.02825373 -1.13809298 -0.10159964
v -1.00645629 -1.14753875 -0.15948857
v -0.97229805 -1.14289996 -0.21171092
v -0.92912264 -1.12463069 -0.25315482
v -0.88115638 -1.09451927 -0.27976344
v -0.83309453 -1.05551321 -0.28893215
v -0.78964174 -1.0114307 -0.27976344
v -0.75505145 -0.96658683 -0.25315482
v -0.7327096 -0.92537125 -0.21171092
v -0.72480319 -0.89181842 -0.15948857
v -0.73210613 -0.86921272 -0.10159964
v -0.75390356 -0.85976695 -0.04371071
v -0.78806181 -0.86440575 0.00851165
v -0.83123721 -0.88267501 0.04995555
v -0.87920348 -0.91278643 0.07656417
v -0.92726532 -0.95179249 0.08573287
v -0.97071812 -0.99587501 0.07656417
v -1.00530841 -1.04071887 0.04995555
v -1.02765025 -1.08193445 0.00851165
v -1.03555667 -1.11548728 -0.04371071
v -0.95119717 -1.21464648 -0.06828161
v -0.92823123 -1.22208074 -0.12601182
v -0.89444905 -1.21420654 -0.17809098
v -0.85315746 -1.19179466 -0.21942125
v -0.80839836 -1.15703893 -0.24595691
v -0.76455309 -1.11334149 -0.25510047
v -0.72591353 -1.06497974 -0.24595691
v -0.69626199 -1.01668768 -0.21942125
v -0.67850097 -0.97319246 -0.17809098
v -0.67436904 -0.93875169 -0.12601182
v -0.68427066 -0.91673669 -0.06828161
v -0.7072366 -0.90930244 -0.01055141
v -0.74101878 -0.91717664 0.04152776
v -0.78231038 -0.93958852 0.08285802
v -0.82706947 -0.97434425 0.10939368
v -0.87091474 -1.01804169 0.11853725
v -0.9095543 -1.06640343 0.10939368
v -0.93920584 -1.1146955 0.08285802
v -0.95696686 -1.15819072 0.04152776
v -0.96109879 -1.19263148 -0.01055141
v -0.86645876 -1.28301798 -0.034306
v -0.84264466 -1.28818947 -0.09193952
v -0.80967214 -1.27700338 -0.14393147
v -0.77076878 -1.25055469 -0.18519252
v -0.72974271 -1.21143237 -0.21168374
v -0.69060986 -1.163466 -0.220812
v -0.65720081 -1.11135084 -0.21168374
v -0.63278587 -1.06018831 -0.18519252
v -0.61975496 -1.01498654 -0.14393147
v -0.61938362 -0.9801702 -0.09193952
v -0.63170822 -0.95914735 -0.034306
v -0.65552232 -0.95397586 0.02332752
v -0.68849484 -0.96516194 0.07531948
v -0.72739819 -0.99161064 0.11658052
v -0.76842426 -1.03073295 0.14307175
v -0.80755712 -1.07869933 0.1522
v -0.84096617 -1.13081448 0.14307175
v -0.8653811 -1.18197702 0.11658052
v -0.87841201 -1.22717879 0.07531948
v -0.87878335 -1.26199513 0.02332752
v -0.775 -1.34233938 0
v -0.75070633 -1.34506232 -0.05760106
v -0.71900199 -1.33056421 -0.10956372
v -0.68299043 -1.30026421 -0.15080152
v -0.64619672 -1.2571283 -0.17727782
v -0.61222247 -1.20537892 -0.18640093
v -0.58439332 -1.15008167 -0.17727782
v -0.56543338 -1.09664942 -0.15080152
v -0.55719859 -1.0503125 -0.10956372
v -0.56049502 -1.01560668 -0.05760106
v -0.575 -0.99592921 0
v -0.59929367 -0.99320627 0.05760106
v -0.63099801 -1.00770438 0.10956372
v -0.66700957 -1.03800438 0.15080152
v -0.70380328 -1.08114029 0.17727782
v -0.73777753 -1.13288967 0.18640093
v -0.76560668 -1.18818692 0.17727782
v -0.78456662 -1.24161917 0.15080152
v -0.79280141 -1.28795609 0.10956372
v -0.78950498 -1.32266191 0.05760106
v -0.67789678 -1.39188428 0.034306
v -0.65352817 -1.39204627 -0.02332752
v -0.623562 -1.37431651 -0.07531948
v -0.59093157 -1.34043053 -0.11658052
v -0.55883098 -1.29370531 -0.14307175
v -0.53040246 -1.23871464 -0.1522
v -0.50842879 -1.18084141 -0.14307175
v -0.49506091 -1.12575063 -0.11658052
v -0.49160735 -1.07883499 -0.07531948
v -0.49840617 -1.04468691 -0.02332752
v -0.51479186 -1.02664904 0.034306
v -0.53916048 -1.02648705 0.09193952
v -0.56912665 -1.04421681 0.14393147
v -0.60175707 -1.0781028 0.18519252
v -0.63385766 -1.12482802 0.21168374
v -0.66228618 -1.17981868 0.220812
v -0.68425985 -1.23769191 0.21168374
v -0.69762774 -1.29278269 0.18519252
v -0.7010813 -1.33969833 0.14393147
v -0.69428248 -1.37384641 0.09193952
v -0.57631613 -1.43108415 0.06828161
v -0.55229977 -1.42865171 0.01055141
v -0.52453916 -1.40785297 -0.04152776
v -0.4957517 -1.37072386 -0.08285802
v -0.46875531 -1.32089885 -0.10939368
v -0.44619259 -1.26325513 -0.11853725
v -0.43027213 -1.2034353 -0.10939368
v -0.42255234 -1.14729492 -0.08285802
v -0.42378888 -1.10032941 -0.04152776
v -0.43386071 -1.06713608 0.01055141
v -0.45178193 -1.05096413 0.06828161
v -0.47579829 -1.05339657 0.12601182
v -0.5035589 -1.07419531 0.17809098
v -0.53234636 -1.11132441 0.21942125
v -0.55934274 -1.16114943 0.24595691
v -0.58190547 -1.21879314 0.25510047
v -0.59782593 -1.27861298 0.24595691
v -0.60554572 -1.33475336 0.21942125
v -0.60430918 -1.38171887 0.17809098
v -0.59423735 -1.4149122 0.12601182
v -0.47149057 -1.45954034 0.10159964
v -0.44826199 -1.45456202 0.04371071
v -0.42315759 -1.43093845 -0.00851165
v -0.39863477 -1.39098205 -0.04995555
v -0.37709399 -1.33860405 -0.07656417
v -0.36064382 -1.27893157 -0.08573287
v -0.3508945 -1.21780576 -0.07656417
v -0.34880038 -1.16121005 -0.04995555
v -0.35456643 -1.11468442 -0.00851165
v -0.36762824 -1.08278311 0.04371071
v -0.38670723 -1.06862886 0.10159964
v -0.40993581 -1.07360718 0.15948857
v -0.43504021 -1.09723076 0.21171092
v -0.45956303 -1.13718715 0.25315482
v -0.48110381 -1.18956515 0.27976344
v -0.49755399 -1.24923763 0.28893215
v -0.5073033 -1.31036344 0.27976344
v -0.50939743 -1.36695915 0.25315482
v -0.50363137 -1.41348479 0.21171092
v -0.49056956 -1.44538609 0.15948857
v -0.36469098 -1.47703174 0.1339392
v -0.34267952 -1.46963859 0.07583313
v -0.32065148 -1.44351251 0.02341489
v -0.30076312 -1.40121091 -0.01818447
v -0.28496127 -1.34687455 -0.0448929
v -0.2747927 -1.28582226 -0.05409599
v -0.2712528 -1.22403026 -0.0448929
v -0.27468807 -1.16754719 -0.01818447
v -0.28476224 -1.121902 0.02341489
v -0.30048918 -1.09156276 0.07583313
v -0.32032944 -1.07949928 0.1339392
v -0.34234091 -1.08689243 0.19204527
v -0.36436895 -1.11301851 0.24446352
v -0.3842573 -1.15532012 0.28606287
v -0.40005916 -1.20965647 0.3127713
v -0.41022772 -1.27070876 0.3219744
v -0.41376763 -1.33250076 0.3127713
v -0.41033236 -1.38898383 0.28606287
v -0.40025819 -1.43462902 0.24446352
v -0.38453124 -1.46496826 0.19204527
v -0.25719861 -1.48351774 0.16498886
v -0.23681312 -1.47392119 0.10661235
v -0.21823816 -1.44568749 0.05395014
v -0.20329199 -1.40158036 0.01215718
v -0.19343764 -1.34591732 -0.01467556
v -0.18963972 -1.28414704 -0.02392149
v -0.19227 -1.22231603 -0.01467556
v -0.20107101 -1.16647675 0.01215718
v -0.21518124 -1.12209513 0.05395014
v -0.23321949 -1.09351556 0.10661235
v -0.25342005 -1.08353559 0.16498886
v -0.27380554 -1.09313215 0.22336536
v -0.29238049 -1.12136585 0.27602757
v -0.30732666 -1.16547297 0.31782054
v -0.31718101 -1.22113602 0.34465327
v -0.32097893 -1.2829063 0.3538992
v -0.31834865 -1.3447373 0.34465327
v -0.30954765 -1.40057658 0.31782054
v -0.29543741 -1.4449582 0.27602757
v -0.27739917 -1.47353778 0.22336536
v -0.15027726 -1.47913663 0.19444958
v -0.13189255 -1.46762386 0.13575599
v -0.11709233 -1.43774218 0.08280774
v -0.10732534 -1.39241661 0.04078777
v -0.10354765 -1.33608395 0.01380929
v -0.10612905 -1.27425841 0.00451314
v -0.11481685 -1.21299193 0.01380929
v -0.12876062 -1.15828168 0.04078777
v -0.14659545 -1.11548308 0.08280774
v -0.16657555 -1.08878557 0.13575599
v -0.18674512 -1.08080248 0.19444958
v -0.20512983 -1.09231525 0.25314317
v -0.21993005 -1.12219694 0.30609142
v -0.22969704 -1.1675225 0.34811139
v -0.23347472 -1.22385517 0.37508987
v -0.23089333 -1.2856807 0.38438602
v -0.22220553 -1.34694719 0.37508987
v -0.20826176 -1.40165744 0.34811139
v -0.19042693 -1.44445603 0.30609142
v -0.17044683 -1.47115354 0.25314317
v -0.04514634 -1.46419944 0.22203765
v -0.02909074 -1.45112652 0.16298856
v -0.01832177 -1.42011158 0.1097196
v -0.01389357 -1.37419058 0.06744512
v -0.01623959 -1.3178586 0.04030323
v -0.0251302 -1.25662979 0.03095077
v -0.03969512 -1.19649765 0.04030323
v -0.05850863 -1.14334835 0.06744512
v -0.07972914 -1.1023845 0.1097196
v -0.10127944 -1.07761594 0.16298856
v -0.12105003 -1.07146717 0.22203765
v -0.13710563 -1.0845401 0.28108674
v -0.1478746 -1.11555503 0.3343557
v -0.1523028 -1.16147603 0.37663018
v -0.14995678 -1.21780801 0.40377207
v -0.14106617 -1.27903683 0.41312452
v -0.12650125 -1.33916896 0.40377207
v -0.10768774 -1.39231826 0.37663018
v -0.08646723 -1.43328211 0.3343557
v -0.06491693 -1.45805067 0.28108674
v 0.05704437 -1.43917968 0.24748737
v 0.07049992 -1.42496261 0.1880542
v 0.07705444 -1.39337303 0.13443876
v 0.07606634 -1.34750314 0.09188931
v 0.06763233 -1.29184302 0.06457088
v 0.052578 -1.23184105 0.05515759
v 0.03237697 -1.17337066 0.06457088
v 0.00900665 -1.12215533 0.09188931
v -0.0152453 -1.08320837 0.13443876
v -0.03800493 -1.06034218 0.1880542
v -0.05704437 -1.05579507 0.24748737
v -0.07049992 -1.07001214 0.30692055
v -0.07705444 -1.10160172 0.36053599
v -0.07606634 -1.1474716 0.40308544
v -0.06763233 -1.20313173 0.43040387
v -0.052578 -1.26313369 0.43981716
v -0.03237697 -1.32160409 0.43040387
v -0.00900665 -1.37281942 0.40308544
v 0.0152453 -1.41176638 0.36053599
v 0.03800493 -1.43463257 0.30692055
v 0.15523779 -1.40469933 0.27055366
v 0.16588879 -1.38980338 0.21071934
v 0.16812507 -1.35822923 0.15674203
v 0.16172772 -1.31306757 0.11390539
v 0.14732296 -1.25873916 0.08640257
v 0.12632082 -1.20056203 0.07692575
v 0.10077715 -1.14423096 0.08640257
v 0.07319233 -1.09526003 0.11390539
v 0.04626656 -1.05844286 0.15674203
v 0.02263552 -1.03738337 0.21071934
v 0.00461239 -1.03414301 0.27055366
v -0.00603862 -1.04903897 0.33038797
v -0.0082749 -1.08061312 0.38436529
v -0.00187755 -1.12577477 0.42720193
v 0.01252721 -1.18010319 0.45470475
v 0.03352935 -1.23828032 0.46418157
v 0.05907302 -1.29461139 0.45470475
v 0.08665784 -1.34358231 0.42720193
v 0.11358361 -1.38039948 0.38436529
v 0.13721465 -1.40145897 0.33038797
v 0.2484896 -1.36151162 0.29101436
v 0.256205 -1.34643919 0.23077507
v 0.25410252 -1.31548868 0.17643241
v 0.24238799 -1.27168975 0.13330583
v 0.22220808 -1.21932973 0.10561687
v 0.19553816 -1.163534 0.0960759
v 0.16498886 -1.10976422 0.10561687
v 0.13355056 -1.06328376 0.13330583
v 0.10430066 -1.02864245 0.17643241
v 0.08010235 -1.00923122 0.23077507
v 0.06332431 -1.00695018 0.29101436
v 0.05560892 -1.02202261 0.35125366
v 0.05771139 -1.05297312 0.40559632
v 0.06942592 -1.09677205 0.4487229
v 0.08960583 -1.14913207 0.47641186
v 0.11627575 -1.2049278 0.48595283
v 0.14682505 -1.25869758 0.47641186
v 0.17826335 -1.30517804 0.4487229
v 0.20751325 -1.33981935 0.40559632
v 0.23171156 -1.35923058 0.35125366
v 0.33598521 -1.31048112 0.30867244
v 0.34071202 -1.29575859 0.24803926
v 0.33433513 -1.26604421 0.19334127
v 0.31747874 -1.22424663 0.14993271
v 0.29179288 -1.1744573 0.12206269
v 0.25979186 -1.12154994 0.11245934
v 0.22460817 -1.07070349 0.12206269
v 0.18968582 -1.02689515 0.14993271
v 0.15844325 -0.99441319 0.19334127
v 0.13393872 -0.97643718 0.24803926
v 0.1185709 -0.97472672 0.30867244
v 0.11384408 -0.98944926 0.36930563
v 0.12022098 -1.01916364 0.42400361
v 0.13707736 -1.06096121 0.46741218
v 0.16276322 -1.11075055 0.49528219
v 0.19476424 -1.16365791 0.50488555
v 0.22994794 -1.21450436 0.49528219
v 0.26487029 -1.2583127 0.46741218
v 0.29611285 -1.29079465 0.42400361
v 0.32061738 -1.30877067 0.36930563
v 0.41705307 -1.25256193 0.32335784
v 0.41881859 -1.23872566 0.2623585
v 0.4083156 -1.21085 0.2073302
v 0.38657219 -1.17166362 0.16365949
v 0.35571677 -1.12500235 0.13562118
v 0.31876967 -1.07543372 0.12595983
v 0.27934754 -1.02780985 0.13562118
v 0.24130929 -0.9867925 0.16365949
v 0.20837837 -0.95639674 0.2073302
v 0.18377828 -0.93959791 0.2623585
v 0.16991706 -0.93804039 0.32335784
v 0.16815153 -0.95187666 0.38435718
v 0.17865453 -0.97975232 0.43938547
v 0.20039793 -1.0189387 0.48305618
v 0.23125335 -1.06559997 0.5110945
v 0.26820045 -1.1151686 0.52075584
v 0.30762258 -1.16279247 0.5110945
v 0.34566083 -1.20380982 0.48305618
v 0.37859176 -1.23420558 0.43938547
v 0.40319184 -1.25100441 0.38435718
v 0.49117424 -1.1887744 0.33492912
v 0.49008563 -1.17635638 0.27360957
v 0.47568557 -1.15089801 0.21829241
v 0.44938363 -1.11489133 0.17439247
v 0.41375443 -1.07186092 0.14620697
v 0.3722856 -1.0260189 0.1364949
v 0.3290364 -0.9818526 0.14620697
v 0.28824037 -0.94368534 0.17439247
v 0.2538909 -0.91525318 0.21829241
v 0.22935037 -0.89933927 0.27360957
v 0.21702096 -0.89750137 0.33492912
v 0.21810956 -0.90991939 0.39624866
v 0.23250963 -0.93537776 0.45156582
v 0.25881157 -0.97138445 0.49546577
v 0.29444077 -1.01441486 0.52365127
v 0.3359096 -1.06025688 0.53336333
v 0.37915879 -1.10442317 0.52365127
v 0.41995483 -1.14259044 0.49546577
v 0.45430429 -1.17102259 0.45156582
v 0.47884483 -1.1869365 0.39624866
v 0.55798816 -1.12018128 0.34327485
v 0.55422928 -1.10969461 0.28170067
v 0.5362361 -1.08719418 0.2261538
v 0.50576993 -1.05488246 0.18207156
v 0.46581301 -1.01592237 0.15376901
v 0.42027659 -0.97412758 0.14401662
v 0.3736181 -0.93358926 0.15376901
v 0.3304048 -0.89827559 0.18207156
v 0.29486671 -0.87164331 0.2261538
v 0.27048254 -0.85629937 0.28170067
v 0.25963919 -0.85374576 0.34327485
v 0.26339807 -0.86423242 0.40484903
v 0.28139124 -0.88673286 0.46039589
v 0.31185742 -0.91904457 0.50447814
v 0.35181434 -0.95800467 0.53278068
v 0.39735076 -0.99979945 0.54253307
v 0.44400924 -1.04033777 0.53278068
v 0.48722254 -1.07565144 0.50447814
v 0.52276064 -1.10228372 0.46039589
v 0.54714481 -1.11762766 0.40484903
v 0.61729452 -1.04786364 0.34831465
v 0.61111992 -1.03978832 0.28657211
v 0.5899042 -1.02073523 0.23087335
v 0.5557241 -0.99256941 0.18667056
v 0.51192541 -0.95804793 0.15829063
v 0.46279544 -0.92055 0.14851157
v 0.41314338 -0.88374617 0.15829063
v 0.36782953 -0.85123905 0.18667056
v 0.33128951 -0.82621068 0.23087335
v 0.30710011 -0.811111 0.28657211
v 0.29762917 -0.80741808 0.34831465
v 0.30380377 -0.8154934 0.4100572
v 0.32501949 -0.83454649 0.46575596
v 0.35919959 -0.86271231 0.50995874
v 0.40299828 -0.89723378 0.53833868
v 0.45212825 -0.93473172 0.54811774
v 0.50178031 -0.97153555 0.53833868
v 0.54709416 -1.00404266 0.50995874
v 0.58363418 -1.02907103 0.46575596
v 0.60782358 -1.04417071 0.4100572
v 0.66905138 -0.97289743 0.35
v 0.66077742 -0.96766674 0.2881966
v 0.63676544 -0.95248669 0.23244295
v 0.59936591 -0.9288432 0.1881966
v 0.55223975 -0.89905068 0.1597887
v 0.5 -0.8660254 0.15
v 0.44776025 -0.83300013 0.1597887
v 0.40063409 -0.8032076 0.1881966
v 0.36323456 -0.77956412 0.23244295
v 0.33922258 -0.76438407 0.2881966
v 0.33094862 -0.75915338 0.35
v 0.33922258 -0.76438407 0.4118034
v 0.36323456 -0.77956412 0.46755705
v 0.40063409 -0.8032076 0.5118034
v 0.44776025 -0.83300013 0.5402113
v 0.5 -0.8660254 0.55
v 0.55223975 -0.89905068 0.5402113
v 0.59936591 -0.9288432 0.5118034
v 0.63676544 -0.95248669 0.46755705
v 0.66077742 -0.96766674 0.4118034
v 0.71336975 -0.89633111 0.34831465
v 0.70336266 -0.89431908 0.28657902
v 0.67702294 -0.88336274 0.2308865
v 0.63692892 -0.86453458 0.18668867
v 0.58700528 -0.83967762 0.15831191
v 0.53213889 -0.81122503 0.14853395
v 0.47770046 -0.78196196 0.15831191
v 0.4290188 -0.75475288 0.18668867
v 0.39085921 -0.7322612 0.2308865
v 0.36695701 -0.71668856 0.28657902
v 0.35965193 -0.70955932 0.34831465
v 0.36965903 -0.71157135 0.41005029
v 0.39599874 -0.72252769 0.46574281
v 0.43609276 -0.74135585 0.50994064
v 0.4860164 -0.76621282 0.5383174
v 0.54088279 -0.7946654 0.54809536
v 0.59532122 -0.82392847 0.5383174
v 0.64400288 -0.85113755 0.50994064
v 0.68216247 -0.87362924 0.46574281
v 0.70606467 -0.88920187 0.41005029
v 0.75050468 -0.81916486 0.34327485
v 0.73916574 -0.82067527 0.28175554
v 0.71099303 -0.81420854 0.22625816
v 0.66874429 -0.80039768 0.1822152
v 0.61655512 -0.78059459 0.15393787
v 0.55953416 -0.75673774 0.14419417
v 0.50326302 -0.73116239 0.15393787
v 0.45324992 -0.70637206 0.1822152
v 0.41439047 -0.68479338 0.22625816
v 0.39048852 -0.66853862 0.28175554
v 0.38388376 -0.65919893 0.34327485
v 0.3952227 -0.65768852 0.40479416
v 0.42339541 -0.66415525 0.46029153
v 0.46564415 -0.67796611 0.5043345
v 0.51783331 -0.6977692 0.53261182
v 0.57485427 -0.72162605 0.54235553
v 0.63112541 -0.74720139 0.53261182
v 0.68113852 -0.77199173 0.5043345
v 0.71999796 -0.79357041 0.46029153
v 0.74389991 -0.80982516 0.40479416
v 0.78084321 -0.74233192 0.33492912
v 0.76859116 -0.7475893 0.27379217
v 0.73908805 -0.7457855 0.21863974
v 0.69522183 -0.73709707 0.17487052
v 0.64128644 -0.72237451 0.14676895
v 0.58256144 -0.70305896 0.13708581
v 0.52479526 -0.68104116 0.14676895
v 0.47364244 -0.65847637 0.17487052
v 0.43411019 -0.63757338 0.21863974
v 0.41006818 -0.62037833 0.27379217
v 0.40386983 -0.60857439 0.33492912
v 0.41612187 -0.60331701 0.39606606
v 0.44562499 -0.60512081 0.4512185
v 0.48949121 -0.61380924 0.49498772
v 0.5434266 -0.6285318 0.52308929
v 0.6021516 -0.64784735 0.53277243
v 0.65991778 -0.66986515 0.52308929
v 0.7110706 -0.69242995 0.49498772
v 0.75060285 -0.71333293 0.4512185
v 0.77464486 -0.73052798 0.39606606
v 0.80488944 -0.66668227 0.32335784
v 0.79214045 -0.67582551 0.26278273
v 0.76179696 -0.67875997 0.20813714
v 0.71682921 -0.67519841 0.16477016
v 0.66163895 -0.66548945 0.13692684
v 0.6016286 -0.65058348 0.12733268
v 0.54267237 -0.63193959 0.13692684
v 0.49054132 -0.61138279 0.16477016
v 0.45033841 -0.59092531 0.20813714
v 0.42599896 -0.57256967 0.26278273
v 0.41990549 -0.55811266 0.32335784
v 0.43265448 -0.54896942 0.38393294
v 0.46299797 -0.54603496 0.43857853
v 0.50796572 -0.54959652 0.48194552
v 0.56315597 -0.55930548 0.50978883
v 0.62316633 -0.57421145 0.51938299
v 0.68212256 -0.59285534 0.50978883
v 0.7342536 -0.61341214 0.48194552
v 0.77445652 -0.63386962 0.43857853
v 0.79879597 -0.65222526 0.38393294
v 0.82324684 -0.59296899 0.30867244
v 0.81039261 -0.6060479 0.24884612
v 0.77966441 -0.61369538 0.19487601
v 0.73407014 -0.61516284 0.15204509
v 0.67807288 -0.61030663 0.12454594
v 0.61715403 -0.59960211 0.11507038
v 0.55727676 -0.58409712 0.12454594
v 0.50430227 -0.56530938 0.15204509
v 0.46341607 -0.54507798 0.19487601
v 0.43862039 -0.52538331 0.24884612
v 0.43234239 -0.50815322 0.30867244
v 0.44519663 -0.4950743 0.36849877
v 0.47592482 -0.48742682 0.42246888
v 0.52151909 -0.48595936 0.4652998
v 0.57751635 -0.49081557 0.49279894
v 0.6384352 -0.50152009 0.5022745
v 0.69831247 -0.51702509 0.49279894
v 0.75128696 -0.53581282 0.4652998
v 0.79217316 -0.55604422 0.42246888
v 0.81696885 -0.57573889 0.36849877
v 0.83659801 -0.52183722 0.29101436
v 0.82398308 -0.53881248 0.23212308
v 0.79326916 -0.55104762 0.17899649
v 0.74746272 -0.55734497 0.13683499
v 0.69104762 -0.55708811 0.10976564
v 0.62954617 -0.55030219 0.10043818
v 0.56897856 -0.53765144 0.10976564
v 0.51527356 -0.52037423 0.13683499
v 0.4736882 -0.50016175 0.17899649
v 0.44829314 -0.47899256 0.23212308
v 0.44157422 -0.45893883 0.29101436
v 0.45418915 -0.44196357 0.34990564
v 0.48490307 -0.42972843 0.40303224
v 0.53070951 -0.42343108 0.44519374
v 0.58712461 -0.42368793 0.47226309
v 0.64862606 -0.43047386 0.48159055
v 0.70919367 -0.4431246 0.47226309
v 0.76289867 -0.46040182 0.44519374
v 0.80448403 -0.48061429 0.40303224
v 0.82987909 -0.50178349 0.34990564
v 0.84568193 -0.45381548 0.27055366
v 0.83358154 -0.47456189 0.21277265
v 0.80320277 -0.49116288 0.16064764
v 0.7575193 -0.50199341 0.119281
v 0.70100295 -0.50599333 0.09272199
v 0.63918593 -0.50277108 0.08357037
v 0.57811932 -0.49264209 0.09272199
v 0.52378076 -0.47659785 0.119281
v 0.48148927 -0.45620889 0.16064764
v 0.45538464 -0.43347102 0.21277265
v 0.44802217 -0.41060997 0.27055366
v 0.46012256 -0.38986355 0.32833467
v 0.49050134 -0.37326257 0.38045968
v 0.53618481 -0.36243204 0.42182631
v 0.59270116 -0.35843212 0.44838533
v 0.65451818 -0.36165437 0.45753694
v 0.71558478 -0.37178336 0.44838533
v 0.76992335 -0.3878276 0.42182631
v 0.81221484 -0.40821656 0.38045968
v 0.83831947 -0.43095443 0.32833467
v 0.85126869 -0.38930859 0.24748737
v 0.839869 -0.41362143 0.19096825
v 0.81004954 -0.43427671 0.13998161
v 0.76472923 -0.44925256 0.09951838
v 0.70834435 -0.45708302 0.07353939
v 0.64641424 -0.4570016 0.06458764
v 0.58500106 -0.44901627 0.07353939
v 0.53011635 -0.43390868 0.09951838
v 0.4871326 -0.41315769 0.13998161
v 0.46025738 -0.38879453 0.19096825
v 0.45212141 -0.36320404 0.24748737
v 0.4635211 -0.3388912 0.3040065
v 0.49334056 -0.31823591 0.35499314
v 0.53866087 -0.30326007 0.39545637
v 0.59504575 -0.29542961 0.42143536
v 0.65697586 -0.29551103 0.43038711
v 0.71838904 -0.30349636 0.42143536
v 0.77327376 -0.31860394 0.39545637
v 0.8162575 -0.33935494 0.35499314
v 0.84313272 -0.3637181 0.3040065
v 0.85413156 -0.32859096 0.22203765
v 0.84351485 -0.35619451 0.16689413
v 0.8143687 -0.38051213 0.11714843
v 0.76954613 -0.39916343 0.07767003
v 0.71343468 -0.41032271 0.05232333
v 0.65152694 -0.41289761 0.04358946
v 0.58988287 -0.40663608 0.05232333
v 0.53453662 -0.39215104 0.07767003
v 0.49090587 -0.3708604 0.11714843
v 0.46326149 -0.34484822 0.16689413
v 0.45430952 -0.31666077 0.22203765
v 0.46492622 -0.28905722 0.27718117
v 0.49407238 -0.2647396 0.32692687
v 0.53889495 -0.2460883 0.36640527
v 0.5950064 -0.23492902 0.39175197
v 0.65691414 -0.23235413 0.40048584
v 0.71855821 -0.23861566 0.39175197
v 0.77390446 -0.25310069 0.36640527
v 0.81753521 -0.27439134 0.32692687
v 0.84517959 -0.30040351 0.27718117
v 0.85501674 -0.2717984 0.19444958
v 0.84515447 -0.30235553 0.14074226
v 0.81668025 -0.3298744 0.09229219
v 0.77238134 -0.35166127 0.053842
v 0.71659402 -0.36558349 0.02915545
v 0.65477915 -0.37027825 0.02064905
v 0.59298758 -0.365286 0.02915545
v 0.53726792 -0.35109542 0.053842
v 0.49307439 -0.32909557 0.09229219
v 0.46473297 -0.30143996 0.14074226
v 0.4550179 -0.27083572 0.19444958
v 0.46488016 -0.24027858 0.2481569
v 0.49335438 -0.21275971 0.29660697
v 0.53765329 -0.19097285 0.33505717
v 0.59344061 -0.17705063 0.35974371
v 0.65525549 -0.17235586 0.36825012
v 0.71704705 -0.17734811 0.35974371
v 0.77276671 -0.1915387 0.33505717
v 0.81696024 -0.21353854 0.29660697
v 0.84530167 -0.24119415 0.2481569
v 0.85461161 -0.21891625 0.16498886
v 0.84536877 -0.25203767 0.11271057
v 0.81745596 -0.28224033 0.06554964
v 0.77360548 -0.30656778 0.02812251
v 0.71810973 -0.32263868 0.00409282
v 0.656401 -0.32887989 -0.00418725
v 0.59451979 -0.32468048 0.00409282
v 0.53852346 -0.31045153 0.02812251
v 0.49389331 -0.28758585 0.06554964
v 0.46499806 -0.25832171 0.11271057
v 0.45466618 -0.22552367 0.16498886
v 0.46390902 -0.19240225 0.21726715
v 0.49182183 -0.16219959 0.26442808
v 0.53567231 -0.13787214 0.3018552
v 0.59116806 -0.12180125 0.3258849
v 0.65287678 -0.11556003 0.33416496
v 0.71475799 -0.11975944 0.3258849
v 0.77075433 -0.13398839 0.3018552
v 0.81538447 -0.15685407 0.26442808
v 0.84427972 -0.18611821 0.21726715
v 0.85351416 -0.1697626 0.1339392
v 0.84466797 -0.20501485 0.08300294
v 0.81711736 -0.23734155 0.03705268
v 0.77355918 -0.26357834 0.00058634
v 0.71825719 -0.28115699 -0.02282649
v 0.65662476 -0.28835677 -0.030894
v 0.59469488 -0.28447292 -0.02282649
v 0.53852969 -0.26988561 0.00058634
v 0.49362703 -0.24602275 0.03705268
v 0.46438228 -0.21522021 0.08300294
v 0.45365812 -0.18049316 0.1339392
v 0.46250431 -0.14524091 0.18487546
v 0.49005492 -0.11291421 0.23082573
v 0.53361311 -0.08667741 0.26729206
v 0.58891509 -0.06909877 0.29070489
v 0.65054752 -0.06189899 0.29877241
v 0.7124774 -0.06578284 0.29070489
v 0.76864259 -0.08037015 0.26729206
v 0.81354525 -0.104233 0.23082573
v 0.84279 -0.13503554 0.18487546
v 0.85220816 -0.12396786 0.10159964
v 0.84348278 -0.16088019 0.05183191
v 0.81604228 -0.19474517 0.0069358
v 0.77257274 -0.22224786 -0.02869395
v 0.71732926 -0.24069612 -0.05156966
v 0.65571945 -0.24828408 -0.0594521
v 0.59377411 -0.24426899 -0.05156966
v 0.53755688 -0.22904388 -0.02869395
v 0.4925707 -0.20409908 0.0069358
v 0.46321913 -0.17187637 0.05183191
v 0.4523753 -0.13552993 0.10159964
v 0.46110069 -0.0986176 0.15136736
v 0.48854118 -0.06475261 0.19626347
v 0.53201072 -0.03724992 0.23189323
v 0.58725421 -0.01880167 0.25476894
v 0.64886402 -0.01121371 0.26265137
v 0.71080936 -0.01522879 0.25476894
v 0.76702658 -0.0304539 0.23189323
v 0.81201276 -0.0553987 0.19626347
v 0.84136434 -0.08762141 0.15136736
v 0.85105007 -0.08095762 0.06828161
v 0.84216539 -0.11902969 0.01942407
v 0.81457856 -0.15384115 -0.02465095
v 0.77098998 -0.18198443 -0.05962908
v 0.71566639 -0.20070465 -0.08208643
v 0.65402326 -0.20816936 -0.0898247
v 0.59209464 -0.20364786 -0.08208643
v 0.53594254 -0.18758274 -0.05962908
v 0.49106352 -0.16154657 -0.02465095
v 0.46185064 -0.12808795 0.01942407
v 0.45116348 -0.09048204 0.06828161
v 0.46004816 -0.05240998 0.11713915
v 0.48763499 -0.01759851 0.16121417
v 0.53122358 0.01054476 0.19619231
v 0.58654716 0.02926499 0.21864965
v 0.6481903 0.0367297 0.22638793
v 0.71011892 0.0322082 0.21864965
v 0.76627102 0.01614308 0.19619231
v 0.81115004 -0.0098931 0.16121417
v 0.84036291 -0.04335172 0.11713915
v 0.85027222 -0.03995242 0.034306
v 0.84099948 -0.07866545 -0.01397232
v 0.81305878 -0.11385032 -0.05752483
v 0.76918514 -0.14206289 -0.09208829
v 0.71367321 -0.16054153 -0.1142794
v 0.6519569 -0.1674774 -0.12192593
v 0.59007743 -0.16219158 -0.1142794
v 0.53409198 -0.14520148 -0.09208829
v 0.48948081 -0.11817022 -0.05752483
v 0.46061077 -0.08374379 -0.01397232
v 0.45030786 -0.0452921 0.034306
v 0.45958059 -0.00657907 0.08258432
v 0.4875213 0.0286058 0.12613682
v 0.53139494 0.05681837 0.16070029
v 0.58690686 0.075297 0.1828914
v 0.64862317 0.08223288 0.19053793
v 0.71050265 0.07694706 0.1828914
v 0.76648809 0.05995696 0.16070029
v 0.81109926 0.03292569 0.12613682
v 0.8399693 -0.00150073 0.08258432
v 0.85 0 0
v 0.8402113 -0.03883337 -0.04807941
v 0.8118034 -0.07386546 -0.09145247
v 0.76755705 -0.10166708 -0.12587353
v 0.7118034 -0.11951682 -0.14797321
v 0.65 -0.12566742 -0.15558824
v 0.5881966 -0.11951682 -0.14797321
v 0.53244295 -0.10166708 -0.12587353
v 0.4881966 -0.07386546 -0.09145247
v 0.4597887 -0.03883337 -0.04807941
v 0.45 0 0
v 0.4597887 0.03883337 0.04807941
v 0.4881966 0.07386546 0.09145247
v 0.53244295 0.10166708 0.12587353
v 0.5881966 0.11951682 0.14797321
v 0.65 0.12566742 0.15558824
v 0.7118034 0.11951682 0.14797321
v 0.76755705 0.10166708 0.12587353
v 0.8118034 0.07386546 0.09145247
v 0.8402113 0.03883337 0.04807941
v 0.85027222 0.03995242 -0.034306
v 0.8399693 0.00150073 -0.08258432
v 0.81109926 -0.03292569 -0.12613682
v 0.76648809 -0.05995696 -0.16070029
v 0.71050265 -0.07694706 -0.1828914
v 0.64862317 -0.08223288 -0.19053793
v 0.58690686 -0.075297 -0.1828914
v 0.53139494 -0.05681837 -0.16070029
v 0.4875213 -0.0286058 -0.12613682
v 0.45958059 0.00657907 -0.08258432
v 0.45030786 0.0452921 -0.034306
v 0.46061077 0.08374379 0.01397232
v 0.48948081 0.11817022 0.05752483
v 0.53409198 0.14520148 0.09208829
v 0.59007743 0.16219158 0.1142794
v 0.6519569 0.1674774 0.12192593
v 0.71367321 0.16054153 0.1142794
v 0.76918514 0.14206289 0.09208829
v 0.81305878 0.11385032 0.05752483
v 0.84099948 0.07866545 0.01397232
v 0.85105007 0.08095762 -0.06828161
v 0.84036291 0.04335172 -0.11713915
v 0.81115004 0.0098931 -0.16121417
v 0.76627102 -0.01614308 -0.19619231
v 0.71011892 -0.0322082 -0.21864965
v 0.6481903 -0.0367297 -0.22638793
v 0.58654716 -0.02926499 -0.21864965
v 0.53122358 -0.01054476 -0.19619231
v 0.48763499 0.01759851 -0.16121417
v 0.46004816 0.05240998 -0.11713915
v 0.45116348 0.09048204 -0.06828161
v 0.46185064 0.12808795 -0.01942407
v 0.49106352 0.16154657 0.02465095
v 0.53594254 0.18758274 0.05962908
v 0.59209464 0.20364786 0.08208643
v 0.65402326 0.20816936 0.0898247
v 0.71566639 0.20070465 0.08208643
v 0.77098998 0.18198443 0.05962908
v 0.81457856 0.15384115 0.02465095
v 0.84216539 0.11902969 -0.01942407
v 0.85220816 0.12396786 -0.10159964
v 0.84136434 0.08762141 -0.15136736
v 0.81201276 0.0553987 -0.19626347
v 0.76702658 0.0304539 -0.23189323
v 0.71080936 0.01522879 -0.25476894
v 0.64886402 0.01121371 -0.26265137
v 0.58725421 0.01880167 -0.25476894
v 0.53201072 0.03724992 -0.23189323
v 0.48854118 0.06475261 -0.19626347
v 0.46110069 0.0986176 -0.15136736
v 0.4523753 0.13552993 -0.10159964
v 0.46321913 0.17187637 -0.05183191
v 0.4925707 0.20409908 -0.0069358
v 0.53755688 0.22904388 0.02869395
v 0.59377411 0.24426899 0.05156966
v 0.65571945 0.24828408 0.0594521
v 0.71732926 0.24069612 0.05156966
v 0.77257274 0.22224786 0.02869395
v 0.81604228 0.19474517 -0.0069358
v 0.84348278 0.16088019 -0.05183191
v 0.85351416 0.1697626 -0.1339392
v 0.84279 0.13503554 -0.18487546
v 0.81354525 0.104233 -0.23082573
v 0.76864259 0.08037015 -0.26729206
v 0.7124774 0.06578284 -0.29070489
v 0.65054752 0.06189899 -0.29877241
v 0.58891509 0.06909877 -0.29070489
v 0.53361311 0.08667741 -0.26729206
v 0.49005492 0.11291421 -0.23082573
v 0.46250431 0.14524091 -0.18487546
v 0.45365812 0.18049316 -0.1339392
v 0.46438228 0.21522021 -0.08300294
v 0.49362703 0.24602275 -0.03705268
v 0.53852969 0.26988561 -0.00058634
v 0.59469488 0.28447292 0.02282649
v 0.65662476 0.28835677 0.030894
v 0.71825719 0.28115699 0.02282649
v 0.77355918 0.26357834 -0.00058634
v 0.81711736 0.23734155 -0.03705268
v 0.84466797 0.20501485 -0.08300294
v 0.85461161 0.21891625 -0.16498886
v 0.84427972 0.18611821 -0.21726715
v 0.81538447 0.15685407 -0.26442808
v 0.77075433 0.13398839 -0.3018552
v 0.71475799 0.11975944 -0.3258849
v 0.65287678 0.11556003 -0.33416496
v 0.59116806 0.12180125 -0.3258849
v 0.53567231 0.13787214 -0.3018552
v 0.49182183 0.16219959 -0.26442808
v 0.46390902 0.19240225 -0.21726715
v 0.45466618 0.22552367 -0.16498886
v 0.46499806 0.25832171 -0.11271057
v 0.49389331 0.28758585 -0.06554964
v 0.53852346 0.31045153 -0.02812251
v 0.59451979 0.32468048 -0.00409282
v 0.656401 0.32887989 0.00418725
v 0.71810973 0.32263868 -0.00409282
v 0.77360548 0.30656778 -0.02812251
v 0.81745596 0.28224033 -0.06554964
v 0.84536877 0.25203767 -0.11271057
v 0.85501674 0.2717984 -0.19444958
v 0.84530167 0.24119415 -0.2481569
v 0.81696024 0.21353854 -0.29660697
v 0.77276671 0.1915387 -0.33505717
v 0.71704705 0.17734811 -0.35974371
v 0.65525549 0.17235586 -0.36825012
v 0.59344061 0.17705063 -0.35974371
v 0.53765329 0.19097285 -0.33505717
v 0.49335438 0.21275971 -0.29660697
v 0.46488016 0.24027858 -0.2481569
v 0.4550179 0.27083572 -0.19444958
v 0.46473297 0.30143996 -0.14074226
v 0.49307439 0.32909557 -0.09229219
v 0.53726792 0.35109542 -0.053842
v 0.59298758 0.365286 -0.02915545
v 0.65477915 0.37027825 -0.02064905
v 0.71659402 0.36558349 -0.02915545
v 0.77238134 0.35166127 -0.053842
v 0.81668025 0.3298744 -0.09229219
v 0.84515447 0.30235553 -0.14074226
v 0.85413156 0.32859096 -0.22203765
v 0.84517959 0.30040351 -0.27718117
v 0.81753521 0.27439134 -0.32692687
v 0.77390446 0.25310069 -0.36640527
v 0.71855821 0.23861566 -0.39175197
v 0.65691414 0.23235413 -0.40048584
v 0.5950064 0.23492902 -0.39175197
v 0.53889495 0.2460883 -0.36640527
v 0.49407238 0.2647396 -0.32692687
v 0.46492622 0.28905722 -0.27718117
v 0.45430952 0.31666077 -0.22203765
v 0.46326149 0.34484822 -0.16689413
v 0.49090587 0.3708604 -0.11714843
v 0.53453662 0.39215104 -0.07767003
v 0.58988287 0.40663608 -0.05232333
v 0.65152694 0.41289761 -0.04358946
v 0.71343468 0.41032271 -0.05232333
v 0.76954613 0.39916343 -0.07767003
v 0.8143687 0.38051213 -0.11714843
v 0.84351485 0.35619451 -0.16689413
v 0.85126869 0.38930859 -0.24748737
v 0.84313272 0.3637181 -0.3040065
v 0.8162575 0.33935494 -0.35499314
v 0.77327376 0.31860394 -0.39545637
v 0.71838904 0.30349636 -0.42143536
v 0.65697586 0.29551103 -0.43038711
v 0.59504575 0.29542961 -0.42143536
v 0.53866087 0.30326007 -0.39545637
v 0.49334056 0.31823591 -0.35499314
v 0.4635211 0.3388912 -0.3040065
v 0.45212141 0.36320404 -0.24748737
v 0.46025738 0.38879453 -0.19096825
v 0.4871326 0.41315769 -0.13998161
v 0.53011635 0.43390868 -0.09951838
v 0.58500106 0.44901627 -0.07353939
v 0.64641424 0.4570016 -0.06458764
v 0.70834435 0.45708302 -0.07353939
v 0.76472923 0.44925256 -0.09951838
v 0.81004954 0.43427671 -0.13998161
v 0.839869 0.41362143 -0.19096825
v 0.84568193 0.45381548 -0.27055366
v 0.83831947 0.43095443 -0.32833467
v 0.81221484 0.40821656 -0.38045968
v 0.76992335 0.3878276 -0.42182631
v 0.71558478 0.37178336 -0.44838533
v 0.65451818 0.36165437 -0.45753694
v 0.59270116 0.35843212 -0.44838533
v 0.53618481 0.36243204 -0.42182631
v 0.49050134 0.37326257 -0.38045968
v 0.46012256 0.38986355 -0.32833467
v 0.44802217 0.41060997 -0.27055366
v 0.45538464 0.43347102 -0.21277265
v 0.48148927 0.45620889 -0.16064764
v 0.52378076 0.47659785 -0.119281
v 0.57811932 0.49264209 -0.09272199
v 0.63918593 0.50277108 -0.08357037
v 0.70100295 0.50599333 -0.09272199
v 0.7575193 0.50199341 -0.119281
v 0.80320277 0.49116288 -0.16064764
v 0.83358154 0.47456189 -0.21277265
v 0.83659801 0.52183722 -0.29101436
v 0.82987909 0.50178349 -0.34990564
v 0.80448403 0.48061429 -0.40303224
v 0.76289867 0.46040182 -0.44519374
v 0.70919367 0.4431246 -0.47226309
v 0.64862606 0.43047386 -0.48159055
v 0.58712461 0.42368793 -0.47226309
v 0.53070951 0.42343108 -0.44519374
v 0.48490307 0.42972843 -0.40303224
v 0.45418915 0.44196357 -0.34990564
v 0.44157422 0.45893883 -0.29101436
v 0.44829314 0.47899256 -0.23212308
v 0.4736882 0.50016175 -0.17899649
v 0.51527356 0.52037423 -0.13683499
v 0.56897856 0.53765144 -0.10976564
v 0.62954617 0.55030219 -0.10043818
v 0.69104762 0.55708811 -0.10976564
v 0.74746272 0.55734497 -0.13683499
v 0.79326916 0.55104762 -0.17899649
v 0.82398308 0.53881248 -0.23212308
v 0.82324684 0.59296899 -0.30867244
v 0.81696885 0.57573889 -0.36849877
v 0.79217316 0.55604422 -0.42246888
v 0.75128696 0.53581282 -0.4652998
v 0.69831247 0.51702509 -0.49279894
v 0.6384352 0.50152009 -0.5022745
v 0.57751635 0.49081557 -0.49279894
v 0.52151909 0.48595936 -0.4652998
v 0.47592482 0.48742682 -0.42246888
v 0.44519663 0.4950743 -0.36849877
v 0.43234239 0.50815322 -0.30867244
v 0.43862039 0.52538331 -0.24884612
v 0.46341607 0.54507798 -0.19487601
v 0.50430227 0.56530938 -0.15204509
v 0.55727676 0.58409712 -0.12454594
v 0.61715403 0.59960211 -0.11507038
v 0.67807288 0.61030663 -0.12454594
v 0.73407014 0.61516284 -0.15204509
v 0.77966441 0.61369538 -0.19487601
v 0.81039261 0.6060479 -0.24884612
v 0.80488944 0.66668227 -0.32335784
v 0.79879597 0.65222526 -0.38393294
v 0.77445652 0.63386962 -0.43857853
v 0.7342536 0.61341214 -0.48194552
v 0.68212256 0.59285534 -0.50978883
v 0.62316633 0.57421145 -0.51938299
v 0.56315597 0.55930548 -0.50978883
v 0.50796572 0.54959652 -0.48194552
v 0.46299797 0.54603496 -0.43857853
v 0.43265448 0.54896942 -0.38393294
v 0.41990549 0.55811266 -0.32335784
v 0.42599896 0.57256967 -0.26278273
v 0.45033841 0.59092531 -0.20813714
v 0.49054132 0.61138279 -0.16477016
v 0.54267237 0.63193959 -0.13692684
v 0.6016286 0.65058348 -0.12733268
v 0.66163895 0.66548945 -0.13692684
v 0.71682921 0.67519841 -0.16477016
v 0.76179696 0.67875997 -0.20813714
v 0.79214045 0.67582551 -0.26278273
v 0.78084321 0.74233192 -0.33492912
v 0.77464486 0.73052798 -0.39606606
v 0.75060285 0.71333293 -0.4512185
v 0.7110706 0.69242995 -0.49498772
v 0.65991778 0.66986515 -0.52308929
v 0.6021516 0.64784735 -0.53277243
v 0.5434266 0.6285318 -0.52308929
v 0.48949121 0.61380924 -0.49498772
v 0.44562499 0.60512081 -0.4512185
v 0.41612187 0.60331701 -0.39606606
v 0.40386983 0.60857439 -0.33492912
v 0.41006818 0.62037833 -0.27379217
v 0.43411019 0.63757338 -0.21863974
v 0.47364244 0.65847637 -0.17487052
v 0.52479526 0.68104116 -0.14676895
v 0.58256144 0.70305896 -0.13708581
v 0.64128644 0.72237451 -0.14676895
v 0.69522183 0.73709707 -0.17487052
v 0.73908805 0.7457855 -0.21863974
v 0.76859116 0.7475893 -0.27379217
v 0.75050468 0.81916486 -0.34327485
v 0.74389991 0.80982516 -0.40479416
v 0.71999796 0.79357041 -0.46029153
v 0.68113852 0.77199173 -0.5043345
v 0.63112541 0.74720139 -0.53261182
v 0.57485427 0.72162605 -0.54235553
v 0.51783331 0.6977692 -0.53261182
v 0.46564415 0.67796611 -0.5043345
v 0.42339541 0.66415525 -0.46029153
v 0.3952227 0.65768852 -0.40479416
v 0.38388376 0.65919893 -0.34327485
v 0.39048852 0.66853862 -0.28175554
v 0.41439047 0.68479338 -0.22625816
v 0.45324992 0.70637206 -0.1822152
v 0.50326302 0.73116239 -0.15393787
v 0.55953416 0.75673774 -0.14419417
v 0.61655512 0.78059459 -0.15393787
v 0.66874429 0.80039768 -0.1822152
v 0.71099303 0.81420854 -0.22625816
v 0.73916574 0.82067527 -0.28175554
v 0.71336975 0.89633111 -0.34831465
v 0.70606467 0.88920187 -0.41005029
v 0.68216247 0.87362924 -0.46574281
v 0.64400288 0.85113755 -0.50994064
v 0.59532122 0.82392847 -0.5383174
v 0.54088279 0.7946654 -0.54809536
v 0.4860164 0.76621282 -0.5383174
v 0.43609276 0.74135585 -0.50994064
v 0.39599874 0.72252769 -0.46574281
v 0.36965903 0.71157135 -0.41005029
v 0.35965193 0.70955932 -0.34831465
v 0.36695701 0.71668856 -0.28657902
v 0.39085921 0.7322612 -0.2308865
v 0.4290188 0.75475288 -0.18668867
v 0.47770046 0.78196196 -0.15831191
v 0.53213889 0.81122503 -0.14853395
v 0.58700528 0.83967762 -0.15831191
v 0.63692892 0.86453458 -0.18668867
v 0.67702294 0.88336274 -0.2308865
v 0.70336266 0.89431908 -0.28657902
v 0.66905138 0.97289743 -0.35
v 0.66077742 0.96766674 -0.4118034
v 0.63676544 0.95248669 -0.46755705
v 0.59936591 0.9288432 -0.5118034
v 0.55223975 0.89905068 -0.5402113
v 0.5 0.8660254 -0.55
v 0.44776025 0.83300013 -0.5402113
v 0.40063409 0.8032076 -0.5118034
v 0.36323456 0.77956412 -0.46755705
v 0.33922258 0.76438407 -0.4118034
v 0.33094862 0.75915338 -0.35
v 0.33922258 0.76438407 -0.2881966
v 0.36323456 0.77956412 -0.23244295
v 0.40063409 0.8032076 -0.1881966
v 0.44776025 0.83300013 -0.1597887
v 0.5 0.8660254 -0.15
v 0.55223975 0.89905068 -0.1597887
v 0.59936591 0.9288432 -0.1881966
v 0.63676544 0.95248669 -0.23244295
v 0.66077742 0.96766674 -0.2881966
v 0.61729452 1.04786364 -0.34831465
v 0.60782358 1.04417071 -0.4100572
v 0.58363418 1.02907103 -0.46575596
v 0.54709416 1.00404266 -0.50995874
v 0.50178031 0.97153555 -0.53833868
v 0.45212825 0.93473172 -0.54811774
v 0.40299828 0.89723378 -0.53833868
v 0.35919959 0.86271231 -0.50995874
v 0.32501949 0.83454649 -0.46575596
v 0.30380377 0.8154934 -0.4100572
v 0.29762917 0.80741808 -0.34831465
v 0.30710011 0.811111 -0.28657211
v 0.33128951 0.82621068 -0.23087335
v 0.36782953 0.85123905 -0.18667056
v 0.41314338 0.88374617 -0.15829063
v 0.46279544 0.92055 -0.14851157
v 0.51192541 0.95804793 -0.15829063
v 0.5557241 0.99256941 -0.18667056
v 0.5899042 1.02073523 -0.23087335
v 0.61111992 1.03978832 -0.28657211
v 0.55798816 1.12018128 -0.34327485
v 0.54714481 1.11762766 -0.40484903
v 0.52276064 1.10228372 -0.46039589
v 0.48722254 1.07565144 -0.50447814
v 0.44400924 1.04033777 -0.53278068
v 0.39735076 0.99979945 -0.54253307
v 0.35181434 0.95800467 -0.53278068
v 0.31185742 0.91904457 -0.50447814
v 0.28139124 0.88673286 -0.46039589
v 0.26339807 0.86423242 -0.40484903
v 0.25963919 0.85374576 -0.34327485
v 0.27048254 0.85629937 -0.28170067
v 0.29486671 0.87164331 -0.2261538
v 0.3304048 0.89827559 -0.18207156
v 0.3736181 0.93358926 -0.15376901
v 0.42027659 0.97412758 -0.14401662
v 0.46581301 1.01592237 -0.15376901
v 0.50576993 1.05488246 -0.18207156
v 0.5362361 1.08719418 -0.2261538
v 0.55422928 1.10969461 -0.28170067
v 0.49117424 1.1887744 -0.33492912
v 0.47884483 1.1869365 -0.39624866
v 0.45430429 1.17102259 -0.45156582
v 0.41995483 1.14259044 -0.49546577
v 0.37915879 1.10442317 -0.52365127
v 0.3359096 1.06025688 -0.53336333
v 0.29444077 1.01441486 -0.52365127
v 0.25881157 0.97138445 -0.49546577
v 0.23250963 0.93537776 -0.45156582
v 0.21810956 0.90991939 -0.39624866
v 0.21702096 0.89750137 -0.33492912
v 0.22935037 0.89933927 -0.27360957
v 0.2538909 0.91525318 -0.21829241
v 0.28824037 0.94368534 -0.17439247
v 0.3290364 0.9818526 -0.14620697
v 0.3722856 1.0260189 -0.1364949
v 0.41375443 1.07186092 -0.14620697
v 0.44938363 1.11489133 -0.17439247
v 0.47568557 1.15089801 -0.21829241
v 0.49008563 1.17635638 -0.27360957
v 0.41705307 1.25256193 -0.32335784
v 0.40319184 1.25100441 -0.38435718
v 0.37859176 1.23420558 -0.43938547
v 0.34566083 1.20380982 -0.48305618
v 0.30762258 1.16279247 -0.5110945
v 0.26820045 1.1151686 -0.52075584
v 0.23125335 1.06559997 -0.5110945
v 0.20039793 1.0189387 -0.48305618
v 0.17865453 0.97975232 -0.43938547
v 0.16815153 0.95187666 -0.38435718
v 0.16991706 0.93804039 -0.32335784
v 0.18377828 0.93959791 -0.2623585
v 0.20837837 0.95639674 -0.2073302
v 0.24130929 0.9867925 -0.16365949
v 0.27934754 1.02780985 -0.13562118
v 0.31876967 1.07543372 -0.12595983
v 0.35571677 1.12500235 -0.13562118
v 0.38657219 1.17166362 -0.16365949
v 0.4083156 1.21085 -0.2073302
v 0.41881859 1.23872566 -0.2623585
v 0.33598521 1.31048112 -0.30867244
v 0.32061738 1.30877067 -0.36930563
v 0.29611285 1.29079465 -0.42400361
v 0.26487029 1.2583127 -0.46741218
v 0.22994794 1.21450436 -0.49528219
v 0.19476424 1.16365791 -0.50488555
v 0.16276322 1.11075055 -0.49528219
v 0.13707736 1.06096121 -0.46741218
v 0.12022098 1.01916364 -0.42400361
v 0.11384408 0.98944926 -0.36930563
v 0.1185709 0.97472672 -0.30867244
v 0.13393872 0.97643718 -0.24803926
v 0.15844325 0.99441319 -0.19334127
v 0.18968582 1.02689515 -0.14993271
v 0.22460817 1.07070349 -0.12206269
v 0.25979186 1.12154994 -0.11245934
v 0.29179288 1.1744573 -0.12206269
v 0.31747874 1.22424663 -0.14993271
v 0.33433513 1.26604421 -0.19334127
v 0.34071202 1.29575859 -0.24803926
v 0.2484896 1.36151162 -0.29101436
v 0.23171156 1.35923058 -0.35125366
v 0.20751325 1.33981935 -0.40559632
v 0.17826335 1.30517804 -0.4487229
v 0.14682505 1.25869758 -0.47641186
v 0.11627575 1.2049278 -0.48595283
v 0.08960583 1.14913207 -0.47641186
v 0.06942592 1.09677205 -0.4487229
v 0.05771139 1.05297312 -0.40559632
v 0.05560892 1.02202261 -0.35125366
v 0.06332431 1.00695018 -0.29101436
v 0.08010235 1.00923122 -0.23077507
v 0.10430066 1.02864245 -0.17643241
v 0.13355056 1.06328376 -0.13330583
v 0.16498886 1.10976422 -0.10561687
v 0.19553816 1.163534 -0.0960759
v 0.22220808 1.21932973 -0.10561687
v 0.24238799 1.27168975 -0.13330583
v 0.25410252 1.31548868 -0.17643241
v 0.256205 1.34643919 -0.23077507
v 0.15523779 1.40469933 -0.27055366
v 0.13721465 1.40145897 -0.33038797
v 0.11358361 1.38039948 -0.38436529
v 0.08665784 1.34358231 -0.42720193
v 0.05907302 1.29461139 -0.45470475
v 0.03352935 1.23828032 -0.46418157
v 0.01252721 1.18010319 -0.45470475
v -0.00187755 1.12577477 -0.42720193
v -0.0082749 1.08061312 -0.38436529
v -0.00603862 1.04903897 -0.33038797
v 0.00461239 1.03414301 -0.27055366
v 0.02263552 1.03738337 -0.21071934
v 0.04626656 1.05844286 -0.15674203
v 0.07319233 1.09526003 -0.11390539
v 0.10077715 1.14423096 -0.08640257
v 0.12632082 1.20056203 -0.07692575
v 0.14732296 1.25873916 -0.08640257
v 0.16172772 1.31306757 -0.11390539
v 0.16812507 1.35822923 -0.15674203
v 0.16588879 1.38980338 -0.21071934
v 0.05704437 1.43917968 -0.24748737
v 0.03800493 1.43463257 -0.30692055
v 0.0152453 1.41176638 -0.36053599
v -0.00900665 1.37281942 -0.40308544
v -0.03237697 1.32160409 -0.43040387
v -0.052578 1.26313369 -0.43981716
v -0.06763233 1.20313173 -0.43040387
v -0.07606634 1.1474716 -0.40308544
v -0.07705444 1.10160172 -0.36053599
v -0.07049992 1.07001214 -0.30692055
v -0.05704437 1.05579507 -0.24748737
v -0.03800493 1.06034218 -0.1880542
v -0.0152453 1.08320837 -0.13443876
v 0.00900665 1.12215533 -0.09188931
v 0.03237697 1.17337066 -0.06457088
v 0.052578 1.23184105 -0.05515759
v 0.06763233 1.29184302 -0.06457088
v 0.07606634 1.34750314 -0.09188931
v 0.07705444 1.39337303 -0.13443876
v 0.07049992 1.42496261 -0.1880542
v -0.04514634 1.46419944 -0.22203765
v -0.06491693 1.45805067 -0.28108674
v -0.08646723 1.43328211 -0.3343557
v -0.10768774 1.39231826 -0.37663018
v -0.12650125 1.33916896 -0.40377207
v -0.14106617 1.27903683 -0.41312452
v -0.14995678 1.21780801 -0.40377207
v -0.1523028 1.16147603 -0.37663018
v -0.1478746 1.11555503 -0.3343557
v -0.13710563 1.0845401 -0.28108674
v -0.12105003 1.07146717 -0.22203765
v -0.10127944 1.07761594 -0.16298856
v -0.07972914 1.1023845 -0.1097196
v -0.05850863 1.14334835 -0.06744512
v -0.03969512 1.19649765 -0.04030323
v -0.0251302 1.25662979 -0.03095077
v -0.01623959 1.3178586 -0.04030323
v -0.01389357 1.37419058 -0.06744512
v -0.01832177 1.42011158 -0.1097196
v -0.02909074 1.45112652 -0.16298856
v -0.15027726 1.47913663 -0.19444958
v -0.17044683 1.47115354 -0.25314317
v -0.19042693 1.44445603 -0.30609142
v -0.20826176 1.40165744 -0.34811139
v -0.22220553 1.34694719 -0.37508987
v -0.23089333 1.2856807 -0.38438602
v -0.23347472 1.22385517 -0.37508987
v -0.22969704 1.1675225 -0.34811139
v -0.21993005 1.12219694 -0.30609142
v -0.20512983 1.09231525 -0.25314317
v -0.18674512 1.08080248 -0.19444958
v -0.16657555 1.08878557 -0.13575599
v -0.14659545 1.11548308 -0.08280774
v -0.12876062 1.15828168 -0.04078777
v -0.11481685 1.21299193 -0.01380929
v -0.10612905 1.27425841 -0.00451314
v -0.10354765 1.33608395 -0.01380929
v -0.10732534 1.39241661 -0.04078777
v -0.11709233 1.43774218 -0.08280774
v -0.13189255 1.46762386 -0.13575599
v -0.25719861 1.48351774 -0.16498886
v -0.27739917 1.47353778 -0.22336536
v -0.29543741 1.4449582 -0.27602757
v -0.30954765 1.40057658 -0.31782054
v -0.31834865 1.3447373 -0.34465327
v -0.32097893 1.2829063 -0.3538992
v -0.31718101 1.22113602 -0.34465327
v -0.30732666 1.16547297 -0.31782054
v -0.29238049 1.12136585 -0.27602757
v -0.27380554 1.09313215 -0.22336536
v -0.25342005 1.08353559 -0.16498886
v -0.23321949 1.09351556 -0.10661235
v -0.21518124 1.12209513 -0.05395014
v -0.20107101 1.16647675 -0.01215718
v -0.19227 1.22231603 0.01467556
v -0.18963972 1.28414704 0.02392149
v -0.19343764 1.34591732 0.01467556
v -0.20329199 1.40158036 -0.01215718
v -0.21823816 1.44568749 -0.05395014
v -0.23681312 1.47392119 -0.10661235
v -0.36469098 1.47703174 -0.1339392
v -0.38453124 1.46496826 -0.19204527
v -0.40025819 1.43462902 -0.24446352
v -0.41033236 1.38898383 -0.28606287
v -0.41376763 1.33250076 -0.3127713
v -0.41022772 1.27070876 -0.3219744
v -0.40005916 1.20965647 -0.3127713
v -0.3842573 1.15532012 -0.28606287
v -0.36436895 1.11301851 -0.24446352
v -0.34234091 1.08689243 -0.19204527
v -0.32032944 1.07949928 -0.1339392
v -0.30048918 1.09156276 -0.07583313
v -0.28476224 1.121902 -0.02341489
v -0.27468807 1.16754719 0.01818447
v -0.2712528 1.22403026 0.0448929
v -0.2747927 1.28582226 0.05409599
v -0.28496127 1.34687455 0.0448929
v -0.30076312 1.40121091 0.01818447
v -0.32065148 1.44351251 -0.02341489
v -0.34267952 1.46963859 -0.07583313
v -0.47149057 1.45954034 -0.10159964
v -0.49056956 1.44538609 -0.15948857
v -0.50363137 1.41348479 -0.21171092
v -0.50939743 1.36695915 -0.25315482
v -0.5073033 1.31036344 -0.27976344
v -0.49755399 1.24923763 -0.28893215
v -0.48110381 1.18956515 -0.27976344
v -0.45956303 1.13718715 -0.25315482
v -0.43504021 1.09723076 -0.21171092
v -0.40993581 1.07360718 -0.15948857
v -0.38670723 1.06862886 -0.10159964
v -0.36762824 1.08278311 -0.04371071
v -0.35456643 1.11468442 0.00851165
v -0.34880038 1.16121005 0.04995555
v -0.3508945 1.21780576 0.07656417
v -0.36064382 1.27893157 0.08573287
v -0.37709399 1.33860405 0.07656417
v -0.39863477 1.39098205 0.04995555
v -0.42315759 1.43093845 0.00851165
v -0.44826199 1.45456202 -0.04371071
v -0.57631613 1.43108415 -0.06828161
v -0.59423735 1.4149122 -0.12601182
v -0.60430918 1.38171887 -0.17809098
v -0.60554572 1.33475336 -0.21942125
v -0.59782593 1.27861298 -0.24595691
v -0.58190547 1.21879314 -0.25510047
v -0.55934274 1.16114943 -0.24595691
v -0.53234636 1.11132441 -0.21942125
v -0.5035589 1.07419531 -0.17809098
v -0.47579829 1.05339657 -0.12601182
v -0.45178193 1.05096413 -0.06828161
v -0.43386071 1.06713608 -0.01055141
v -0.42378888 1.10032941 0.04152776
v -0.42255234 1.14729492 0.08285802
v -0.43027213 1.2034353 0.10939368
v -0.44619259 1.26325513 0.11853725
v -0.46875531 1.32089885 0.10939368
v -0.4957517 1.37072386 0.08285802
v -0.52453916 1.40785297 0.04152776
v -0.55229977 1.42865171 -0.01055141
v -0.67789678 1.39188428 -0.034306
v -0.69428248 1.37384641 -0.09193952
v -0.7010813 1.33969833 -0.14393147
v -0.69762774 1.29278269 -0.18519252
v -0.68425985 1.23769191 -0.21168374
v -0.66228618 1.17981868 -0.220812
v -0.63385766 1.12482802 -0.21168374
v -0.60175707 1.0781028 -0.18519252
v -0.56912665 1.04421681 -0.14393147
v -0.53916048 1.02648705 -0.09193952
v -0.51479186 1.02664904 -0.034306
v -0.49840617 1.04468691 0.02332752
v -0.49160735 1.07883499 0.07531948
v -0.49506091 1.12575063 0.11658052
v -0.50842879 1.18084141 0.14307175
v -0.53040246 1.23871464 0.1522
v -0.55883098 1.29370531 0.14307175
v -0.59093157 1.34043053 0.11658052
v -0.623562 1.37431651 0.07531948
v -0.65352817 1.39204627 0.02332752
v -0.775 1.34233938 0
v -0.78950498 1.32266191 -0.05760106
v -0.79280141 1.28795609 -0.10956372
v -0.78456662 1.24161917 -0.15080152
v -0.76560668 1.18818692 -0.17727782
v -0.73777753 1.13288967 -0.18640093
v -0.70380328 1.08114029 -0.17727782
v -0.66700957 1.03800438 -0.15080152
v -0.63099801 1.00770438 -0.10956372
v -0.59929367 0.99320627 -0.05760106
v -0.575 0.99592921 0
v -0.56049502 1.01560668 0.05760106
v -0.55719859 1.0503125 0.10956372
v -0.56543338 1.09664942 0.15080152
v -0.58439332 1.15008167 0.17727782
v -0.61222247 1.20537892 0.18640093
v -0.64619672 1.2571283 0.17727782
v -0.68299043 1.30026421 0.15080152
v -0.71900199 1.33056421 0.10956372
v -0.75070633 1.34506232 0.05760106
v -0.86645876 1.28301798 0.034306
v -0.87878335 1.26199513 -0.02332752
v -0.87841201 1.22717879 -0.07531948
v -0.8653811 1.18197702 -0.11658052
v -0.84096617 1.13081448 -0.14307175
v -0.80755712 1.07869933 -0.1522
v -0.76842426 1.03073295 -0.14307175
v -0.72739819 0.99161064 -0.11658052
v -0.68849484 0.96516194 -0.07531948
v -0.65552232 0.95397586 -0.02332752
v -0.63170822 0.95914735 0.034306
v -0.61938362 0.9801702 0.09193952
v -0.61975496 1.01498654 0.14393147
v -0.63278587 1.06018831 0.18519252
v -0.65720081 1.11135084 0.21168374
v -0.69060986 1.163466 0.220812
v -0.72974271 1.21143237 0.21168374
v -0.77076878 1.25055469 0.18519252
v -0.80967214 1.27700338 0.14393147
v -0.84264466 1.28818947 0.09193952
v -0.95119717 1.21464648 0.06828161
v -0.96109879 1.19263148 0.01055141
v -0.95696686 1.15819072 -0.04152776
v -0.93920584 1.1146955 -0.08285802
v -0.9095543 1.06640343 -0.10939368
v -0.87091474 1.01804169 -0.11853725
v -0.82706947 0.97434425 -0.10939368
v -0.78231038 0.93958852 -0.08285802
v -0.74101878 0.91717664 -0.04152776
v -0.7072366 0.90930244 0.01055141
v -0.68427066 0.91673669 0.06828161
v -0.67436904 0.93875169 0.12601182
v -0.67850097 0.97319246 0.17809098
v -0.69626199 1.01668768 0.21942125
v -0.72591353 1.06497974 0.24595691
v -0.76455309 1.11334149 0.25510047
v -0.80839836 1.15703893 0.24595691
v -0.85315746 1.19179466 0.21942125
v -0.89444905 1.21420654 0.17809098
v -0.92823123 1.22208074 0.12601182
v -1.02825373 1.13809298 0.10159964
v -1.03555667 1.11548728 0.04371071
v -1.02765025 1.08193445 -0.00851165
v -1.00530841 1.04071887 -0.04995555
v -0.97071812 0.99587501 -0.07656417
v -0.92726532 0.95179249 -0.08573287
v -0.87920348 0.91278643 -0.07656417
v -0.83123721 0.88267501 -0.04995555
v -0.78806181 0.86440575 -0.00851165
v -0.75390356 0.85976695 0.04371071
v -0.73210613 0.86921272 0.10159964
v -0.72480319 0.89181842 0.15948857
v -0.7327096 0.92537125 0.21171092
v -0.75505145 0.96658683 0.25315482
v -0.78964174 1.0114307 0.27976344
v -0.83309453 1.05551321 0.28893215
v -0.88115638 1.09451927 0.27976344
v -0.92912264 1.12463069 0.25315482
v -0.97229805 1.14289996 0.21171092
v -1.00645629 1.14753875 0.15948857
v -1.09680152 1.05434752 0.1339392
v -1.1014046 1.03158846 0.07583313
v -1.08979277 0.99944858 0.02341489
v -1.06310268 0.96107396 -0.01818447
v -1.02394694 0.92022097 -0.0448929
v -0.97615839 0.88088859 -0.05409599
v -0.92441491 0.84692695 -0.0448929
v -0.8737815 0.82166044 -0.01818447
v -0.82921451 0.80756233 0.02341489
v -0.79507649 0.80601265 0.07583313
v -0.77470908 0.81716308 0.1339392
v -0.770106 0.83992214 0.19204527
v -0.78171783 0.87206202 0.24446352
v -0.80840792 0.91043664 0.28606287
v -0.84756366 0.95128963 0.3127713
v -0.89535221 0.99062201 0.3219744
v -0.94709569 1.02458365 0.3127713
v -0.9977291 1.04985016 0.28606287
v -1.04229609 1.06394827 0.24446352
v -1.07643411 1.06549795 0.19204527
v -1.15616475 0.9644994 0.16498886
v -1.15804663 0.94204677 0.10661235
v -1.14288301 0.91184354 0.05395014
v -1.1121582 0.87684621 0.01215718
v -1.06887977 0.84048057 -0.01467556
v -1.01728409 0.80630634 -0.02392149
v -0.96242173 0.77766872 -0.01467556
v -0.909663 0.75737098 0.01215718
v -0.86417227 0.74739999 0.05395014
v -0.83040251 0.74873178 0.10661235
v -0.81165933 0.76123599 0.16498886
v -0.80977744 0.78368863 0.22336536
v -0.82494106 0.81389186 0.27602757
v -0.85566587 0.84888918 0.31782054
v -0.89894431 0.88525483 0.34465327
v -0.95053998 0.91942906 0.3538992
v -1.00540234 0.94806667 0.34465327
v -1.05816108 0.96836442 0.31782054
v -1.10365181 0.97833541 0.27602757
v -1.13742157 0.97700361 0.22336536
v -1.20583127 0.86971224 0.19444958
v -1.20505327 0.84803423 0.13575599
v -1.18657509 0.82027602 0.08280774
v -1.15220549 0.78915478 0.04078777
v -1.10530881 0.75771687 0.01380929
v -1.05047563 0.72903966 0.00451314
v -0.9930734 0.70593027 0.01380929
v -0.93872105 0.6906508 0.04078777
v -0.89273896 0.68469693 0.08280774
v -0.85962819 0.68865144 0.13575599
v -0.84262985 0.70212726 0.19444958
v -0.84340784 0.72380527 0.25314317
v -0.86188603 0.75156348 0.30609142
v -0.89625563 0.78268472 0.34811139
v -0.9431523 0.81412263 0.37508987
v -0.99798548 0.84279984 0.38438602
v -1.05538772 0.86590923 0.37508987
v -1.10974007 0.8811887 0.34811139
v -1.15572215 0.88714257 0.30609142
v -1.18883293 0.88318805 0.25314317
v -1.24546074 0.7711976 0.22203765
v -1.24216706 0.75075658 0.16298856
v -1.22069182 0.72592291 0.1097196
v -1.18313717 0.69912747 0.06744512
v -1.13317923 0.6729932 0.04030323
v -1.07570822 0.65007828 0.03095077
v -1.0163498 0.63262581 0.04030323
v -0.9609144 0.62234414 0.06744512
v -0.91482841 0.62023972 0.1097196
v -0.88260306 0.62651854 0.16298856
v -0.86739278 0.64056599 0.22203765
v -0.87068646 0.661007 0.28108674
v -0.8921617 0.68584068 0.3343557
v -0.92971634 0.71263611 0.37663018
v -0.97967429 0.73877039 0.40377207
v -1.0371453 0.7616853 0.41312452
v -1.09650371 0.77913778 0.40377207
v -1.15193911 0.78941945 0.37663018
v -1.1980251 0.79152387 0.3343557
v -1.23025046 0.78524505 0.28108674
v -1.27488835 0.67018796 0.24748737
v -1.26930378 0.65142658 0.1880542
v -1.24522366 0.62995541 0.13443876
v -1.20500512 0.60787619 0.09188931
v -1.15258504 0.58735019 0.06457088
v -1.09309465 0.57038664 0.05515759
v -1.03235728 0.55864605 0.06457088
v -0.97631835 0.55327767 0.09188931
v -0.93046331 0.554807 0.13443876
v -0.8992808 0.56308432 0.1880542
v -0.88582316 0.57729941 0.24748737
v -0.89140773 0.59606079 0.30692055
v -0.91548785 0.61753196 0.36053599
v -0.95570639 0.63961118 0.40308544
v -1.00812648 0.66013718 0.43040387
v -1.06761687 0.67710073 0.43981716
v -1.12835423 0.68884132 0.43040387
v -1.18439317 0.6942097 0.40308544
v -1.2302482 0.69268038 0.36053599
v -1.26143071 0.68440305 0.30692055
v -1.2941242 0.5679098 0.27055366
v -1.28654943 0.55123778 0.21071934
v -1.26032355 0.53351403 0.15674203
v -1.21801374 0.51647347 0.11390539
v -1.16376157 0.50178415 0.08640257
v -1.10287762 0.49088397 0.07692575
v -1.04132165 0.48483991 0.08640257
v -0.98511918 0.4842436 0.11390539
v -0.93977169 0.48915341 0.15674203
v -0.90971812 0.49908875 0.21071934
v -0.89790031 0.51307706 0.27055366
v -0.90547509 0.52974908 0.33038797
v -0.93170097 0.54747283 0.38436529
v -0.97401078 0.56451339 0.42720193
v -1.02826295 0.57920271 0.45470475
v -1.08914689 0.59010289 0.46418157
v -1.15070286 0.59614696 0.45470475
v -1.20690534 0.59674326 0.42720193
v -1.25225283 0.59183345 0.38436529
v -1.2823064 0.58189811 0.33038797
v -1.30334845 0.46555751 0.29101436
v -1.29415304 0.45133956 0.23077507
v -1.26629788 0.4376851 0.17643241
v -1.22250962 0.42593072 0.13330583
v -1.16707456 0.41722702 0.10561687
v -1.10541908 0.41242598 0.0960759
v -1.04357844 0.41199756 0.10561687
v -0.98760603 0.4159837 0.13330583
v -0.94298082 0.4239942 0.17643241
v -0.91407105 0.43524494 0.23077507
v -0.90370659 0.44863462 0.29101436
v -0.912902 0.46285257 0.35125366
v -0.94075716 0.47650703 0.40559632
v -0.98454542 0.48826141 0.4487229
v -1.03998048 0.49696511 0.47641186
v -1.10163596 0.50176615 0.48595283
v -1.1634766 0.50219457 0.47641186
v -1.21944901 0.49820843 0.4487229
v -1.26407422 0.49019793 0.40559632
v -1.29298399 0.47894719 0.35125366
v -1.30290255 0.36426884 0.30867244
v -1.29251587 0.35281403 0.24803926
v -1.26359401 0.34347939 0.19334127
v -1.21896806 0.33717866 0.14993271
v -1.1630063 0.3345286 0.12206269
v -1.10118667 0.33578862 0.11245934
v -1.0395605 0.34083537 0.12206269
v -0.98416019 0.34917484 0.14993271
v -0.94040871 0.35999071 0.19334127
v -0.91258876 0.37222425 0.24803926
v -0.90342355 0.38467795 0.30867244
v -0.91381023 0.39613276 0.36930563
v -0.94273209 0.4054674 0.42400361
v -0.98735804 0.41176813 0.46741218
v -1.0433198 0.41441819 0.49528219
v -1.10513943 0.41315818 0.50488555
v -1.1667656 0.40811143 0.49528219
v -1.22216591 0.39977195 0.46741218
v -1.26591739 0.38895608 0.42400361
v -1.29373734 0.37672254 0.36930563
v -1.29327698 0.26510241 0.32335784
v -1.28217718 0.25665529 0.2623585
v -1.25278466 0.25181332 0.2073302
v -1.20797656 0.25105047 0.16365949
v -1.152139 0.25444142 0.13562118
v -1.09073776 0.26165423 0.12595983
v -1.02978321 0.27198286 0.13562118
v -0.97524202 0.28441628 0.16365949
v -0.93245306 0.29773741 0.2073302
v -0.9056048 0.31064229 0.2623585
v -0.89732534 0.32186771 0.32335784
v -0.90842514 0.33031483 0.38435718
v -0.93781766 0.3351568 0.43938547
v -0.98262576 0.33591965 0.48305618
v -1.03846332 0.3325287 0.5110945
v -1.09986456 0.3253159 0.52075584
v -1.16081911 0.31498726 0.5110945
v -1.2153603 0.30255385 0.48305618
v -1.25814926 0.28923271 0.43938547
v -1.28499752 0.27632783 0.38435718
v -1.27509595 0.16901783 0.33492912
v -1.26379733 0.16375158 0.27360957
v -1.2345497 0.16349322 0.21829241
v -1.19021603 0.16826803 0.17439247
v -1.135136 0.17760862 0.14620697
v -1.07470123 0.19060066 0.1364949
v -1.0148275 0.20597242 0.14620697
v -0.96137566 0.22221919 0.17439247
v -0.91957796 0.23775062 0.21829241
v -0.89352584 0.25104639 0.27360957
v -0.88576947 0.26080503 0.33492912
v -0.89706809 0.26607127 0.39624866
v -0.92631572 0.26632964 0.45156582
v -0.97064939 0.26155483 0.49546577
v -1.02572942 0.25221424 0.52365127
v -1.08616419 0.23922219 0.53336333
v -1.14603792 0.22385044 0.52365127
v -1.19948976 0.20760367 0.49546577
v -1.24128746 0.19207224 0.45156582
v -1.26733958 0.17877646 0.39624866
v -1.24909953 0.07685872 0.34327485
v -1.23813837 0.07487067 0.28170067
v -1.20965583 0.079203 0.2261538
v -1.16643998 0.08943162 0.18207156
v -1.11272108 0.10455529 0.15376901
v -1.05375753 0.12309359 0.14401662
v -0.99532107 0.14323186 0.15376901
v -0.94313188 0.16299884 0.18207156
v -0.9022986 0.18045959 0.2261538
v -0.87681828 0.19390494 0.28170067
v -0.86918511 0.20201875 0.34327485
v -0.88014626 0.20400679 0.40484903
v -0.9086288 0.19967446 0.46039589
v -0.95184465 0.18944584 0.50447814
v -1.00556355 0.17432218 0.53278068
v -1.0645271 0.15578388 0.54253307
v -1.12296356 0.1356456 0.53278068
v -1.17515275 0.11587862 0.50447814
v -1.21598603 0.09841787 0.46039589
v -1.24146635 0.08497253 0.40484903
v -1.21612379 -0.01066092 0.34831465
v -1.20604306 -0.00935122 0.28657211
v -1.17893474 -0.00050441 0.23087335
v -1.13745237 0.01501351 0.18667056
v -1.08565655 0.03568356 0.15829063
v -1.0286174 0.05948239 0.14851157
v -0.97191832 0.08408042 0.15829063
v -0.92110941 0.10706981 0.18667056
v -0.88116419 0.12620021 0.23087335
v -0.85599279 0.139599 0.28657211
v -0.84805915 0.14595461 0.34831465
v -0.85813988 0.14464492 0.4100572
v -0.8852482 0.13579811 0.46575596
v -0.92673057 0.12028019 0.50995874
v -0.97852639 0.09961014 0.53833868
v -1.03556554 0.07581131 0.54811774
v -1.09226462 0.05121328 0.53833868
v -1.14307353 0.02822389 0.50995874
v -1.18301875 0.00909349 0.46575596
v -1.20819015 -0.0043053 0.4100572
v -1.17707958 -0.09296678 0.35
v -1.16841269 -0.08841666 0.2881966
v -1.14326039 -0.0752117 0.23244295
v -1.10408477 -0.0546445 0.1881966
v -1.0547206 -0.02872831 0.1597887
v -1 0 0.15
v -0.9452794 0.02872831 0.1597887
v -0.89591523 0.0546445 0.1881966
v -0.85673961 0.0752117 0.23244295
v -0.83158731 0.08841666 0.2881966
v -0.82292042 0.09296678 0.35
v -0.83158731 0.08841666 0.4118034
v -0.85673961 0.0752117 0.46755705
v -0.89591523 0.0546445 0.5118034
v -0.9452794 0.02872831 0.5402113
v -1 0 0.55
v -1.0547206 -0.02872831 0.5402113
v -1.10408477 -0.0546445 0.5118034
v -1.14326039 -0.0752117 0.46755705
v -1.16841269 -0.08841666 0.4118034
v -1.13293039 -0.16963078 0.34831465
v -1.12618437 -0.16197039 0.28657902
v -1.10352605 -0.14463769 0.2308865
v -1.06717337 -0.11932934 0.18668867
v -1.02068479 -0.08852268 0.15831191
v -0.96861093 -0.05523328 0.14853395
v -0.91604915 -0.02271975 0.15831191
v -0.86814457 0.00583526 0.18668867
v -0.8295864 0.02763659 0.2308865
v -0.80414901 0.04055018 0.28657902
v -0.79432236 0.04331196 0.34831465
v -0.80106838 0.03565157 0.41005029
v -0.8237267 0.01831887 0.46574281
v -0.86007938 -0.00698948 0.50994064
v -0.90656796 -0.03779614 0.5383174
v -0.95864182 -0.07108554 0.54809536
v -1.0112036 -0.10359906 0.5383174
v -1.05910819 -0.13215408 0.50994064
v -1.09766635 -0.15395541 0.46574281
v -1.12310375 -0.166869 0.41005029
v -1.08466992 -0.24037368 0.34327485
v -1.0803085 -0.22979867 0.28175554
v -1.06062179 -0.20863375 0.22625816
v -1.02753687 -0.1789507 0.1822152
v -0.9842923 -0.1436551 0.15393787
v -0.93512118 -0.10620193 0.14419417
v -0.88483672 -0.07025737 0.15393787
v -0.83836111 -0.03933991 0.1822152
v -0.8002437 -0.01647599 0.22625816
v -0.77421569 -0.00390367 0.28175554
v -0.76282489 -0.00285362 0.34327485
v -0.76718631 -0.01342864 0.40479416
v -0.78687302 -0.03459355 0.46029153
v -0.81995795 -0.0642766 0.5043345
v -0.86320251 -0.0995722 0.53261182
v -0.91237363 -0.13702538 0.54235553
v -0.96265809 -0.17296994 0.53261182
v -1.00913371 -0.20388739 0.5043345
v -1.04725112 -0.22675132 0.46029153
v -1.07327912 -0.23932364 0.40479416
v -1.03329991 -0.30506409 0.33492912
v -1.03172691 -0.29182482 0.27379217
v -1.01541321 -0.26717628 0.21863974
v -0.9859557 -0.23353123 0.17487052
v -0.94623789 -0.19418309 0.14676895
v -0.90014764 -0.15298353 0.13708581
v -0.85219657 -0.11396545 0.14676895
v -0.80707848 -0.0809482 0.17487052
v -0.76920984 -0.05716376 0.21863974
v -0.74229749 -0.0449403 0.27379217
v -0.7289758 -0.04547434 0.33492912
v -0.73054879 -0.05871361 0.39606606
v -0.74686249 -0.08336216 0.4512185
v -0.77632 -0.1170072 0.49498772
v -0.81603781 -0.15635534 0.52308929
v -0.86212807 -0.1975549 0.53277243
v -0.91007913 -0.23657299 0.52308929
v -0.95519722 -0.26959023 0.49498772
v -0.99306587 -0.29337467 0.4512185
v -1.01997822 -0.30559813 0.39606606
v -0.9798085 -0.36371356 0.32335784
v -0.98135228 -0.34810099 0.26278273
v -0.96872186 -0.32035554 0.20813714
v -0.94315358 -0.2831931 0.16477016
v -0.90715024 -0.24025142 0.13692684
v -0.86423612 -0.19573391 0.12733268
v -0.81861193 -0.15399826 0.13692684
v -0.77474369 -0.11912986 0.16477016
v -0.73692553 -0.09454185 0.20813714
v -0.70885936 -0.08264108 0.26278273
v -0.69329248 -0.08459249 0.32335784
v -0.6917487 -0.10020506 0.38393294
v -0.70437913 -0.12795052 0.43857853
v -0.72994741 -0.16511295 0.48194552
v -0.76595074 -0.20805464 0.50978883
v -0.80886487 -0.25257215 0.51938299
v -0.85448906 -0.29430779 0.50978883
v -0.8983573 -0.3291762 0.48194552
v -0.93617545 -0.35376421 0.43857853
v -0.96424163 -0.36566498 0.38393294
v -0.92514963 -0.41646818 0.30867244
v -0.93004918 -0.39879663 0.24884612
v -0.921308 -0.36836149 0.19487601
v -0.89978172 -0.32814197 0.15204509
v -0.86757749 -0.28207502 0.12454594
v -0.82784768 -0.23467002 0.11507038
v -0.78448132 -0.19056728 0.12454594
v -0.74172342 -0.15408389 0.15204509
v -0.70375942 -0.1287911 0.19487601
v -0.67430549 -0.11716474 0.24884612
v -0.65624479 -0.12034289 0.30867244
v -0.65134524 -0.13801444 0.36849877
v -0.66008642 -0.16844958 0.42246888
v -0.6816127 -0.2086691 0.4652998
v -0.71381693 -0.25473605 0.49279894
v -0.75354674 -0.30214105 0.5022745
v -0.7969131 -0.34624379 0.49279894
v -0.839671 -0.38272718 0.4652998
v -0.877635 -0.40801997 0.42246888
v -0.90708893 -0.41964633 0.36849877
v -0.87022329 -0.46359652 0.29101436
v -0.87861684 -0.44418404 0.23212308
v -0.87385581 -0.41146743 0.17899649
v -0.85640626 -0.36864922 0.13683499
v -0.82797627 -0.31992074 0.10976564
v -0.79134876 -0.27005188 0.10043818
v -0.75010909 -0.22392416 0.10976564
v -0.70829408 -0.18605288 0.13683499
v -0.66999688 -0.16014514 0.17899649
v -0.63896629 -0.14873697 0.23212308
v -0.6182398 -0.15294508 0.29101436
v -0.60984625 -0.17235755 0.34990564
v -0.61460727 -0.20507417 0.40303224
v -0.63205682 -0.24789238 0.44519374
v -0.66048682 -0.29662086 0.47226309
v -0.69711433 -0.34648971 0.48159055
v -0.738354 -0.39261743 0.47226309
v -0.78016901 -0.43048872 0.44519374
v -0.8184662 -0.45639646 0.40303224
v -0.8494968 -0.46780463 0.34990564
v -0.8158567 -0.5054743 0.27055366
v -0.82777343 -0.48462185 0.21277265
v -0.82696092 -0.45001256 0.16064764
v -0.8134987 -0.40503425 0.119281
v -0.78870455 -0.3540897 0.09272199
v -0.75500549 -0.30216571 0.08357037
v -0.71570023 -0.25434498 0.09272199
v -0.67463623 -0.21530852 0.119281
v -0.63583312 -0.18887749 0.16064764
v -0.60308923 -0.17763916 0.21277265
v -0.57960975 -0.1826936 0.27055366
v -0.56769302 -0.20354605 0.32833467
v -0.56850554 -0.23815533 0.38045968
v -0.58196775 -0.28313365 0.42182631
v -0.6067619 -0.3340782 0.44838533
v -0.64046096 -0.38600219 0.45753694
v -0.67976623 -0.43382292 0.44838533
v -0.72083023 -0.47285938 0.42182631
v -0.75963333 -0.49929041 0.38045968
v -0.79237722 -0.51052874 0.32833467
v -0.76278547 -0.54256602 0.24748737
v -0.77814117 -0.52053718 0.19096825
v -0.78111944 -0.48438512 0.13998161
v -0.77142874 -0.43764866 0.09951838
v -0.75001768 -0.3849027 0.07353939
v -0.71898212 -0.33131036 0.06458764
v -0.68136002 -0.28211765 0.07353939
v -0.64083412 -0.24213988 0.09951838
v -0.60137135 -0.21529037 0.13998161
v -0.56683463 -0.20419732 0.19096825
v -0.54060463 -0.20994661 0.24748737
v -0.52524893 -0.23197545 0.3040065
v -0.52227067 -0.26812751 0.35499314
v -0.53196136 -0.31486396 0.39545637
v -0.55337242 -0.36760993 0.42143536
v -0.58440799 -0.42120227 0.43038711
v -0.62203008 -0.47039498 0.42143536
v -0.66255599 -0.51037275 0.39545637
v -0.70201875 -0.53722226 0.35499314
v -0.73655548 -0.54831531 0.3040065
v -0.7116339 -0.57540415 0.22203765
v -0.73023092 -0.55240804 0.16689413
v -0.73671752 -0.51500792 0.11714843
v -0.73045874 -0.46686478 0.07767003
v -0.71206723 -0.4126912 0.05232333
v -0.68334329 -0.35779008 0.04358946
v -0.64709861 -0.30753552 0.05232333
v -0.60688108 -0.26684677 0.07767003
v -0.56662746 -0.23970675 0.11714843
v -0.53027807 -0.22877211 0.16689413
v -0.50139103 -0.2351132 0.22203765
v -0.48279401 -0.25810931 0.27718117
v -0.47630741 -0.29550943 0.32692687
v -0.4825662 -0.34365257 0.36640527
v -0.5009577 -0.39782615 0.39175197
v -0.52968165 -0.45272727 0.40048584
v -0.56592632 -0.50298183 0.39175197
v -0.60614386 -0.54367057 0.36640527
v -0.64639747 -0.5708106 0.32692687
v -0.68274687 -0.58174524 0.27718117
v -0.66289269 -0.60456702 0.19444958
v -0.6844248 -0.58074748 0.14074226
v -0.69401974 -0.54232865 0.09229219
v -0.69073826 -0.49307123 0.053842
v -0.6749016 -0.43779689 0.02915545
v -0.64805994 -0.38191625 0.02064905
v -0.61284075 -0.33089931 0.02915545
v -0.57269151 -0.28973996 0.053842
v -0.53154232 -0.26246716 0.09229219
v -0.49342115 -0.25175057 0.14074226
v -0.46205956 -0.2586392 0.19444958
v -0.44052744 -0.28245874 0.2481569
v -0.43093251 -0.32087757 0.29660697
v -0.43421398 -0.37013499 0.33505717
v -0.45005065 -0.42540933 0.35974371
v -0.4768923 -0.48128997 0.36825012
v -0.5121115 -0.53230691 0.35974371
v -0.55226073 -0.57346626 0.33505717
v -0.59340992 -0.60073905 0.29660697
v -0.6315311 -0.61145564 0.2481569
v -0.61689283 -0.63065724 0.16498886
v -0.64095541 -0.60609199 0.11271057
v -0.65315528 -0.56681746 0.06554964
v -0.65229823 -0.51667811 0.02812251
v -0.63846815 -0.46058193 0.00409282
v -0.61301884 -0.40402 -0.00418725
v -0.57844144 -0.352529 0.00409282
v -0.53812064 -0.31114923 0.02812251
v -0.49600331 -0.28393123 0.06554964
v -0.45621219 -0.27353928 0.11271057
v -0.42264232 -0.28099063 0.16498886
v -0.39857975 -0.30555587 0.21726715
v -0.38637988 -0.3448304 0.26442808
v -0.38723693 -0.39496975 0.3018552
v -0.401067 -0.45106594 0.3258849
v -0.42651632 -0.50762786 0.33416496
v -0.46109371 -0.55911886 0.3258849
v -0.50141452 -0.60049863 0.3018552
v -0.54353184 -0.62771663 0.26442808
v -0.58332296 -0.63810858 0.21726715
v -0.5737758 -0.65428365 0.1339392
v -0.59988205 -0.6289965 0.08300294
v -0.61410249 -0.58897362 0.03705268
v -0.61504513 -0.53813273 0.00058634
v -0.60261769 -0.48145048 -0.02282649
v -0.57803667 -0.42447534 -0.030894
v -0.54370821 -0.37278442 -0.02282649
v -0.50299264 -0.33143759 0.00058634
v -0.45987547 -0.30448217 0.03705268
v -0.41857731 -0.29455674 0.08300294
v -0.38314072 -0.30263288 0.1339392
v -0.35703447 -0.32792003 0.18487546
v -0.34281403 -0.36794291 0.23082573
v -0.3418714 -0.4187838 0.26729206
v -0.35429883 -0.47546604 0.29070489
v -0.37887986 -0.53244119 0.29877241
v -0.41320831 -0.58413211 0.29070489
v -0.45392389 -0.62547894 0.26729206
v -0.49704106 -0.65243435 0.23082573
v -0.53833921 -0.66235978 0.18487546
v -0.53346339 -0.67604999 0.10159964
v -0.56106772 -0.65003742 0.05183191
v -0.57667541 -0.60934076 0.0069358
v -0.57875867 -0.55794369 -0.02869395
v -0.56711358 -0.5008773 -0.05156966
v -0.54288004 -0.44372766 -0.0594521
v -0.50843021 -0.39208896 -0.05156966
v -0.46713626 -0.35101597 -0.02869395
v -0.42304034 -0.3245292 0.0069358
v -0.38045887 -0.31522135 0.05183191
v -0.34356001 -0.32400354 0.10159964
v -0.31595569 -0.35001611 0.15136736
v -0.300348 -0.39071277 0.19626347
v -0.29826474 -0.44210984 0.23189323
v -0.30990983 -0.49917623 0.25476894
v -0.33414336 -0.55632587 0.26265137
v -0.3685932 -0.60796456 0.25476894
v -0.40988715 -0.64903755 0.23189323
v -0.45398306 -0.67552433 0.19626347
v -0.49656454 -0.68483218 0.15136736
v -0.49563639 -0.69655217 0.06828161
v -0.52416543 -0.66982178 0.01942407
v -0.54051963 -0.62852515 -0.02465095
v -0.54309813 -0.57670469 -0.05962908
v -0.53164852 -0.51943295 -0.08208643
v -0.50729159 -0.46231607 -0.0898247
v -0.47241154 -0.41094507 -0.08208643
v -0.43042269 -0.37034848 -0.05962908
v -0.38543519 -0.34450019 -0.02465095
v -0.34185274 -0.33593042 0.01942407
v -0.30394149 -0.34547801 0.06828161
v -0.27541245 -0.37220841 0.11713915
v -0.25905825 -0.41350503 0.16121417
v -0.25647976 -0.46532549 0.19619231
v -0.26792936 -0.52259724 0.21864965
v -0.2922863 -0.57971411 0.22638793
v -0.32716634 -0.63108512 0.21864965
v -0.3691552 -0.6716817 0.19619231
v -0.41414269 -0.69752999 0.16121417
v -0.45772514 -0.70609977 0.11713915
v -0.45973592 -0.71638113 0.034306
v -0.48862602 -0.68899419 -0.01397232
v -0.50512666 -0.6472044 -0.05752483
v -0.50762264 -0.59510242 -0.09208829
v -0.49586965 -0.53778837 -0.1142794
v -0.47101813 -0.48087254 -0.12192593
v -0.43550074 -0.42992625 -0.1142794
v -0.39279416 -0.38993649 -0.09208829
v -0.34707882 -0.36481771 -0.05752483
v -0.30282964 -0.35702874 -0.01397232
v -0.26437804 -0.36733199 0.034306
v -0.23548794 -0.39471893 0.08258432
v -0.2189873 -0.43650873 0.12613682
v -0.21649132 -0.4886107 0.16070029
v -0.22824431 -0.54592475 0.1828914
v -0.25309583 -0.60284058 0.19053793
v -0.28861322 -0.65378687 0.1828914
v -0.3313198 -0.69377664 0.16070029
v -0.37703514 -0.71889541 0.12613682
v -0.42128432 -0.72668439 0.08258432
v -0.425 -0.73612159 0
v -0.45373634 -0.70822765 -0.04807941
v -0.46987106 -0.66610964 -0.09145247
v -0.4718248 -0.61389036 -0.12587353
v -0.4594063 -0.55668142 -0.14797321
v -0.43383118 -0.5000828 -0.15558824
v -0.3976029 -0.44963479 -0.14797321
v -0.35426775 -0.41027558 -0.12587353
v -0.30806766 -0.38585793 -0.09145247
v -0.26352503 -0.37877201 -0.04807941
v -0.225 -0.38971143 0
v -0.19626366 -0.41760538 0.04807941
v -0.18012894 -0.45972339 0.09145247
v -0.1781752 -0.51194266 0.12587353
v -0.1905937 -0.56915161 0.14797321
v -0.21616882 -0.62575022 0.15558824
v -0.2523971 -0.67619824 0.14797321
v -0.29573225 -0.71555744 0.12587353
v -0.34193234 -0.73997509 0.09145247
v -0.38647497 -0.74706102 0.04807941
v -0.3905363 -0.75633355 -0.034306
v -0.41868498 -0.72818512 -0.08258432
v -0.43406412 -0.68596972 -0.12613682
v -0.4351683 -0.63381968 -0.16070029
v -0.42188943 -0.57683981 -0.1828914
v -0.39552735 -0.52060771 -0.19053793
v -0.35866255 -0.47062775 -0.1828914
v -0.31490362 -0.43179233 -0.16070029
v -0.268534 -0.40790293 -0.12613682
v -0.22409265 -0.401298 -0.08258432
v -0.18592982 -0.4126241 -0.034306
v -0.15778114 -0.44077252 0.01397232
v -0.142402 -0.48298793 0.05752483
v -0.14129782 -0.53513797 0.09208829
v -0.15457669 -0.59211783 0.1142794
v -0.18093877 -0.64834994 0.12192593
v -0.21780357 -0.69832989 0.1142794
v -0.26156249 -0.73716531 0.09208829
v -0.30793212 -0.76105472 0.05752483
v -0.35237346 -0.76765964 0.01397232
v -0.35541368 -0.77750979 -0.06828161
v -0.38263777 -0.74945149 -0.11713915
v -0.39700735 -0.70742309 -0.16121417
v -0.39711582 -0.65553863 -0.19619231
v -0.38295257 -0.59887692 -0.21864965
v -0.355904 -0.54298442 -0.22638793
v -0.31861781 -0.49333225 -0.21864965
v -0.27474382 -0.45478073 -0.19619231
v -0.22857674 -0.43110355 -0.16121417
v -0.18463571 -0.42461838 -0.11713915
v -0.14722199 -0.43596006 -0.06828161
v -0.1199979 -0.46401837 -0.01942407
v -0.10562832 -0.50604677 0.02465095
v -0.10551985 -0.55793122 0.05962908
v -0.1196831 -0.61459293 0.08208643
v -0.14673167 -0.67048544 0.0898247
v -0.18401787 -0.7201376 0.08208643
v -0.22789185 -0.75868912 0.05962908
v -0.27405894 -0.78236631 0.02465095
v -0.31799996 -0.78885147 -0.01942407
v -0.31874477 -0.80001785 -0.10159964
v -0.3447998 -0.7724536 -0.15136736
v -0.3580297 -0.73092303 -0.19626347
v -0.35713944 -0.67949146 -0.23189323
v -0.34221616 -0.62319336 -0.25476894
v -0.31472065 -0.56753958 -0.26265137
v -0.27734438 -0.5179779 -0.25476894
v -0.23374598 -0.47935976 -0.23189323
v -0.18819318 -0.45546538 -0.19626347
v -0.145145 -0.44863371 -0.15136736
v -0.10881529 -0.45953347 -0.10159964
v -0.08276026 -0.48709772 -0.05183191
v -0.06953036 -0.52862828 -0.0069358
v -0.07042062 -0.58005985 0.02869395
v -0.0853439 -0.63635796 0.05156966
v -0.1128394 -0.69201174 0.0594521
v -0.15021568 -0.74157342 0.05156966
v -0.19381407 -0.78019155 0.02869395
v -0.23936688 -0.80408593 -0.0069358
v -0.28241506 -0.81091761 -0.05183191
v -0.27973836 -0.82404625 -0.1339392
v -0.30445079 -0.79739533 -0.18487546
v -0.3165042 -0.75666736 -0.23082573
v -0.3147187 -0.70584909 -0.26729206
v -0.29926909 -0.64991495 -0.29070489
v -0.27166767 -0.59434018 -0.29877241
v -0.23461626 -0.54456481 -0.29070489
v -0.19174171 -0.50546121 -0.26729206
v -0.14724089 -0.48085711 -0.23082573
v -0.10546984 -0.47316094 -0.18487546
v -0.0705174 -0.48312604 -0.1339392
v -0.04580497 -0.50977696 -0.08300294
v -0.03375156 -0.55050492 -0.03705268
v -0.03553705 -0.6013232 -0.00058634
v -0.05098667 -0.65725733 0.02282649
v -0.07858809 -0.71283211 0.030894
v -0.1156395 -0.76260747 0.02282649
v -0.15851405 -0.80171107 -0.00058634
v -0.20301487 -0.82631517 -0.03705268
v -0.24478592 -0.83401135 -0.08300294
v -0.23771877 -0.84957348 -0.16498886
v -0.26095676 -0.82422679 -0.21726715
v -0.27185263 -0.7845707 -0.26442808
v -0.26933981 -0.73448702 -0.3018552
v -0.25366428 -0.6788783 -0.3258849
v -0.22636047 -0.6231879 -0.33416496
v -0.19010106 -0.57286718 -0.3258849
v -0.14843538 -0.5328419 -0.3018552
v -0.10544195 -0.50702999 -0.26442808
v -0.06532928 -0.49795812 -0.21726715
v -0.03202386 -0.5065143 -0.16498886
v -0.00878587 -0.53186099 -0.11271057
v 0.00211 -0.57151708 -0.06554964
v -0.00040282 -0.62160076 -0.02812251
v -0.01607835 -0.67720949 -0.00409282
v -0.04338216 -0.73289989 0.00418725
v -0.07964157 -0.7832206 -0.00409282
v -0.12130726 -0.82324589 -0.02812251
v -0.16430068 -0.84905779 -0.06554964
v -0.20441336 -0.85812966 -0.11271057
v -0.19212405 -0.87636542 -0.19444958
v -0.21377057 -0.85264979 -0.2481569
v -0.22355032 -0.81427759 -0.29660697
v -0.22050598 -0.76500495 -0.33505717
v -0.20493555 -0.70965502 -0.35974371
v -0.17836319 -0.65364583 -0.36825012
v -0.14338996 -0.60245996 -0.35974371
v -0.10343931 -0.56110783 -0.33505717
v -0.06242187 -0.53363728 -0.29660697
v -0.02435272 -0.52273732 -0.2481569
v 0.00704166 -0.52947492 -0.19444958
v 0.02868818 -0.55319054 -0.14074226
v 0.03846793 -0.59156274 -0.09229219
v 0.03542359 -0.64083538 -0.053842
v 0.01985316 -0.69618531 -0.02915545
v -0.0067192 -0.7521945 -0.02064905
v -0.04169243 -0.80338037 -0.02915545
v -0.08164308 -0.8447325 -0.053842
v -0.12266052 -0.87220305 -0.09229219
v -0.16072967 -0.88310301 -0.14074226
v -0.14249766 -0.90399512 -0.22203765
v -0.16243272 -0.88214875 -0.27718117
v -0.17113774 -0.84520193 -0.32692687
v -0.1677606 -0.79677127 -0.36640527
v -0.15263188 -0.74159749 -0.39175197
v -0.12723249 -0.68508139 -0.40048584
v -0.0940487 -0.63275517 -0.39175197
v -0.05632876 -0.58974087 -0.36640527
v -0.01776497 -0.56024903 -0.32692687
v 0.01786778 -0.54716653 -0.27718117
v 0.04708151 -0.55177397 -0.22203765
v 0.06701658 -0.57362033 -0.16689413
v 0.07572159 -0.61056715 -0.11714843
v 0.07234445 -0.65899782 -0.07767003
v 0.05721574 -0.71417159 -0.05232333
v 0.03181635 -0.77068769 -0.04358946
v -0.00136745 -0.82301391 -0.05232333
v -0.03908739 -0.86602821 -0.07767003
v -0.07765118 -0.89552005 -0.11714843
v -0.11328393 -0.90860255 -0.16689413
v -0.08848322 -0.93187461 -0.24748737
v -0.10657725 -0.91203341 -0.3040065
v -0.11423875 -0.8765772 -0.35499314
v -0.11071777 -0.82897669 -0.39545637
v -0.09635896 -0.77389134 -0.42143536
v -0.07256787 -0.7167133 -0.43038711
v -0.04167333 -0.66303954 -0.42143536
v -0.00669951 -0.61812403 -0.39545637
v 0.0289301 -0.58636342 -0.35499314
v 0.06172784 -0.57086664 -0.3040065
v 0.08848322 -0.57315065 -0.24748737
v 0.10657725 -0.59299185 -0.19096825
v 0.11423875 -0.62844805 -0.13998161
v 0.11071777 -0.67604857 -0.09951838
v 0.09635896 -0.73113391 -0.07353939
v 0.07256787 -0.78831196 -0.06458764
v 0.04167333 -0.84198571 -0.07353939
v 0.00669951 -0.88690122 -0.09951838
v -0.0289301 -0.91866184 -0.13998161
v -0.06172784 -0.93415861 -0.19096825
v -0.02982523 -0.95928978 -0.27055366
v -0.04594225 -0.94148317 -0.32833467
v -0.05258151 -0.90750696 -0.38045968
v -0.04909312 -0.86068698 -0.42182631
v -0.03581856 -0.80560628 -0.44838533
v -0.01405722 -0.74765656 -0.45753694
v 0.01406074 -0.69251032 -0.44838533
v 0.04578295 -0.64556568 -0.42182631
v 0.0780042 -0.6114179 -0.38045968
v 0.10757046 -0.59340961 -0.32833467
v 0.13158758 -0.59330357 -0.27055366
v 0.14770459 -0.61111017 -0.21277265
v 0.15434385 -0.64508638 -0.16064764
v 0.15085547 -0.69190637 -0.119281
v 0.1375809 -0.74698707 -0.09272199
v 0.11581956 -0.80493679 -0.08357037
v 0.0877016 -0.86008302 -0.09272199
v 0.0559794 -0.90702766 -0.119281
v 0.02375815 -0.94117544 -0.16064764
v -0.00580812 -0.95918374 -0.21277265
v 0.03362528 -0.98543374 -0.29101436
v 0.0196177 -0.96958812 -0.34990564
v 0.01398217 -0.93701076 -0.40303224
v 0.01727034 -0.89089054 -0.44519374
v 0.02916033 -0.83574204 -0.47226309
v 0.04848827 -0.77696357 -0.48159055
v 0.07336221 -0.72030879 -0.47226309
v 0.10134731 -0.67132346 -0.44519374
v 0.1297042 -0.6348026 -0.40303224
v 0.15565711 -0.61432112 -0.34990564
v 0.17666558 -0.61188391 -0.29101436
v 0.19067315 -0.62772952 -0.23212308
v 0.19630869 -0.66030689 -0.17899649
v 0.19302052 -0.70642711 -0.13683499
v 0.18113053 -0.76157561 -0.10976564
v 0.16180259 -0.82035407 -0.10043818
v 0.13692865 -0.87700885 -0.10976564
v 0.10894355 -0.92599419 -0.13683499
v 0.08058666 -0.96251505 -0.17899649
v 0.05463375 -0.98299652 -0.23212308
v 0.10190279 -1.00943717 -0.30867244
v 0.09012008 -0.99538522 -0.36849877
v 0.08546184 -0.96406419 -0.42246888
v 0.08838403 -0.91854001 -0.4652998
v 0.09860063 -0.86326888 -0.49279894
v 0.11511154 -0.80366115 -0.5022745
v 0.13630058 -0.74555162 -0.49279894
v 0.16009361 -0.69462847 -0.4652998
v 0.1841616 -0.6558764 -0.42246888
v 0.20614861 -0.63308874 -0.36849877
v 0.2239024 -0.6284961 -0.30867244
v 0.2356851 -0.64254805 -0.24884612
v 0.24034335 -0.67386908 -0.19487601
v 0.23742115 -0.71939327 -0.15204509
v 0.22720456 -0.77466439 -0.12454594
v 0.21069364 -0.83427213 -0.11507038
v 0.18950461 -0.89238165 -0.12454594
v 0.16571158 -0.94330481 -0.15204509
v 0.14164359 -0.98205688 -0.19487601
v 0.11965658 -1.00484453 -0.24884612
v 0.17491906 -1.03039583 -0.32335784
v 0.16544566 -1.01789023 -0.38393294
v 0.16171893 -0.98763383 -0.43857853
v 0.16410369 -0.94258834 -0.48194552
v 0.1723665 -0.88716313 -0.50978883
v 0.18569854 -0.8267836 -0.51938299
v 0.20279477 -0.76736012 -0.50978883
v 0.22198169 -0.71470948 -0.48194552
v 0.24138116 -0.67398548 -0.43857853
v 0.25909422 -0.64917448 -0.38393294
v 0.27338699 -0.64270515 -0.32335784
v 0.2828604 -0.65521075 -0.26278273
v 0.28658713 -0.68546715 -0.20813714
v 0.28420236 -0.73051264 -0.16477016
v 0.27593955 -0.78593786 -0.13692684
v 0.26260752 -0.84631739 -0.12733268
v 0.24551129 -0.90574087 -0.13692684
v 0.22632437 -0.95839151 -0.16477016
v 0.2069249 -0.99911551 -0.20813714
v 0.18921184 -1.0239265 -0.26278273
v 0.2524567 -1.04739601 -0.33492912
v 0.24533336 -1.03612611 -0.39606606
v 0.24246301 -1.00670761 -0.4512185
v 0.24412662 -0.96202018 -0.49498772
v 0.25016135 -0.90643814 -0.52308929
v 0.25997647 -0.84540226 -0.53277243
v 0.27261121 -0.78488715 -0.52308929
v 0.28682879 -0.73081644 -0.49498772
v 0.3012375 -0.68848297 -0.4512185
v 0.31442692 -0.66203062 -0.39606606
v 0.32510596 -0.65404873 -0.33492912
v 0.3322293 -0.66531863 -0.27379217
v 0.33509965 -0.69473714 -0.21863974
v 0.33343604 -0.73942457 -0.17487052
v 0.32740131 -0.7950066 -0.14676895
v 0.3175862 -0.85604249 -0.13708581
v 0.30495146 -0.9165576 -0.14676895
v 0.29073387 -0.9706283 -0.17487052
v 0.27632516 -1.01296177 -0.21863974
v 0.26313575 -1.03941413 -0.27379217
v 0.33416524 -1.05953855 -0.34327485
v 0.32937921 -1.0491488 -0.40479416
v 0.32725315 -1.02032173 -0.46029153
v 0.32799519 -0.97587912 -0.5043345
v 0.33153268 -0.92017134 -0.53261182
v 0.33751936 -0.85865143 -0.54235553
v 0.3453692 -0.79734141 -0.53261182
v 0.3543138 -0.74224272 -0.5043345
v 0.36347762 -0.6987488 -0.46029153
v 0.37196362 -0.67111715 -0.40479416
v 0.37894114 -0.66205255 -0.34327485
v 0.38372717 -0.67244229 -0.28175554
v 0.38585323 -0.70126936 -0.22625816
v 0.38511119 -0.74571197 -0.1822152
v 0.3815737 -0.80141976 -0.15393787
v 0.37558702 -0.86293967 -0.14419417
v 0.36773718 -0.92424969 -0.15393787
v 0.35879258 -0.97934838 -0.1822152
v 0.34962877 -1.02284229 -0.22625816
v 0.34114276 -1.05047394 -0.28175554
v 0.41956063 -1.06596188 -0.34831465
v 0.41703908 -1.05607088 -0.41005029
v 0.41550387 -1.02758465 -0.46574281
v 0.4151053 -0.98329163 -0.50994064
v 0.41588238 -0.92752754 -0.5383174
v 0.41775903 -0.86575094 -0.54809536
v 0.42055156 -0.80400896 -0.5383174
v 0.42398662 -0.74834534 -0.50994064
v 0.42772796 -0.70420881 -0.46574281
v 0.43140935 -0.67591978 -0.41005029
v 0.43467044 -0.66624737 -0.34831465
v 0.43719199 -0.67613837 -0.28657902
v 0.43872719 -0.7046246 -0.2308865
v 0.43912577 -0.74891762 -0.18668867
v 0.43834869 -0.80468172 -0.15831191
v 0.43647204 -0.86645832 -0.14853395
v 0.43367951 -0.92820029 -0.15831191
v 0.43024445 -0.98386392 -0.18668867
v 0.42650311 -1.02800044 -0.2308865
v 0.42282172 -1.05628947 -0.28657902
v 0.5080282 -1.06586421 -0.35
v 0.50763527 -1.0560834 -0.4118034
v 0.50649495 -1.02769839 -0.46755705
v 0.50471886 -0.98348771 -0.5118034
v 0.50248085 -0.92777899 -0.5402113
v 0.5 -0.8660254 -0.55
v 0.49751915 -0.80427182 -0.5402113
v 0.49528114 -0.7485631 -0.5118034
v 0.49350505 -0.70435241 -0.46755705
v 0.49236473 -0.67596741 -0.4118034
v 0.4919718 -0.6661866 -0.35
v 0.49236473 -0.67596741 -0.2881966
v 0.49350505 -0.70435241 -0.23244295
v 0.49528114 -0.7485631 -0.1881966
v 0.49751915 -0.80427182 -0.1597887
v 0.5 -0.8660254 -0.15
v 0.50248085 -0.92777899 -0.1597887
v 0.50471886 -0.98348771 -0.1881966
v 0.50649495 -1.02769839 -0.23244295
v 0.50763527 -1.0560834 -0.2881966
v 0.59882927 -1.05852455 -0.34831465
v 0.60036657 -1.04847602 -0.4100572
v 0.59938456 -1.01997755 -0.46575596
v 0.59597937 -0.97581877 -0.50995874
v 0.59048431 -0.92032227 -0.53833868
v 0.58343729 -0.85892041 -0.54811774
v 0.57552811 -0.79762364 -0.53833868
v 0.56753098 -0.74243212 -0.50995874
v 0.56022872 -0.69874838 -0.46575596
v 0.55433611 -0.67084848 -0.4100572
v 0.55042998 -0.66146346 -0.34831465
v 0.54889268 -0.671512 -0.28657211
v 0.54987469 -0.70001047 -0.23087335
v 0.55327988 -0.74416924 -0.18667056
v 0.55877494 -0.79966575 -0.15829063
v 0.56582196 -0.86106761 -0.14851157
v 0.57373114 -0.92236437 -0.15829063
v 0.58172827 -0.97755589 -0.18667056
v 0.58903053 -1.02123964 -0.23087335
v 0.59492314 -1.04913954 -0.28657211
v 0.69111136 -1.04332256 -0.34327485
v 0.69432154 -1.03265513 -0.40484903
v 0.69322539 -1.00386585 -0.46039589
v 0.6879302 -0.95977282 -0.50447814
v 0.67895431 -0.90469217 -0.53278068
v 0.66717635 -0.84401558 -0.54253307
v 0.65374921 -0.78368249 -0.53278068
v 0.63998724 -0.72959873 -0.50447814
v 0.62723756 -0.6870584 -0.46039589
v 0.6167482 -0.66022563 -0.40484903
v 0.60954592 -0.65172701 -0.34327485
v 0.60633574 -0.66239444 -0.28170067
v 0.60743189 -0.69118372 -0.2261538
v 0.61272708 -0.73527675 -0.18207156
v 0.62170297 -0.7903574 -0.15376901
v 0.63348094 -0.85103399 -0.14401662
v 0.64690808 -0.91136708 -0.15376901
v 0.66067004 -0.96545084 -0.18207156
v 0.67341972 -1.00799118 -0.2261538
v 0.68390909 -1.03482394 -0.28170067
v 0.78392171 -1.01975657 -0.33492912
v 0.78849475 -1.00816004 -0.39624866
v 0.78698317 -0.97895035 -0.45156582
v 0.77953493 -0.93498677 -0.49546577
v 0.76687913 -0.88057273 -0.52365127
v 0.75025459 -0.82103468 -0.53336333
v 0.73128865 -0.76220062 -0.52365127
v 0.71183782 -0.70982962 -0.49546577
v 0.69380609 -0.66904812 -0.45156582
v 0.67895853 -0.64384812 -0.39624866
v 0.66874851 -0.63669635 -0.33492912
v 0.66417547 -0.64829288 -0.27360957
v 0.66568706 -0.67750256 -0.21829241
v 0.67313529 -0.72146615 -0.17439247
v 0.6857911 -0.77588018 -0.14620697
v 0.70241563 -0.83541823 -0.1364949
v 0.72138157 -0.8942523 -0.14620697
v 0.7408324 -0.9466233 -0.17439247
v 0.75886413 -0.98740479 -0.21829241
v 0.7737117 -1.0126048 -0.27360957
v 0.87622391 -0.98745951 -0.32335784
v 0.88180568 -0.97467658 -0.38435718
v 0.87955751 -0.94497287 -0.43938547
v 0.86969947 -0.90125597 -0.48305618
v 0.85319653 -0.8478052 -0.5110945
v 0.83166411 -0.7898527 -0.52075584
v 0.80720997 -0.73307126 -0.5110945
v 0.78222783 -0.68301905 -0.48305618
v 0.75916313 -0.64459552 -0.43938547
v 0.7402736 -0.62156183 -0.38435718
v 0.72740828 -0.61617269 -0.32335784
v 0.72182652 -0.62895561 -0.2623585
v 0.72407469 -0.65865933 -0.2073302
v 0.73393273 -0.70237623 -0.16365949
v 0.75043567 -0.75582699 -0.13562118
v 0.77196809 -0.81377949 -0.12595983
v 0.79642223 -0.87056093 -0.13562118
v 0.82140437 -0.92061315 -0.16365949
v 0.84446906 -0.95903668 -0.2073302
v 0.86335859 -0.98207037 -0.2623585
v 0.96691734 -0.94621229 -0.30867244
v 0.97311996 -0.93204813 -0.36930563
v 0.96980454 -0.90183858 -0.42400361
v 0.95729562 -0.85854075 -0.46741218
v 0.93681766 -0.80639294 -0.49528219
v 0.91037519 -0.75049973 -0.50488555
v 0.88055658 -0.69633236 -0.49528219
v 0.85028068 -0.64919308 -0.46741218
v 0.82251111 -0.61369624 -0.42400361
v 0.79996615 -0.5933165 -0.36930563
v 0.78485266 -0.59004877 -0.30867244
v 0.77865004 -0.60421293 -0.24803926
v 0.78196546 -0.63442248 -0.19334127
v 0.79447438 -0.67772031 -0.14993271
v 0.81495234 -0.72986812 -0.12206269
v 0.84139481 -0.78576132 -0.11245934
v 0.87121342 -0.8399287 -0.12206269
v 0.90148931 -0.88706797 -0.14993271
v 0.92925888 -0.92256482 -0.19334127
v 0.95180384 -0.94294456 -0.24803926
v 1.05485885 -0.89595411 -0.29101436
v 1.06127243 -0.88028339 -0.35125366
v 1.05656097 -0.84962142 -0.40559632
v 1.04118567 -0.80696961 -0.4487229
v 1.01665156 -0.75650301 -0.47641186
v 0.98536021 -0.70316165 -0.48595283
v 0.95037465 -0.65216696 -0.47641186
v 0.9151195 -0.60851064 -0.4487229
v 0.88304578 -0.57646609 -0.40559632
v 0.85729308 -0.55917004 -0.35125366
v 0.84038228 -0.55831555 -0.29101436
v 0.8339687 -0.57398628 -0.23077507
v 0.83868016 -0.60464825 -0.17643241
v 0.85405547 -0.64730006 -0.13330583
v 0.87858957 -0.69776666 -0.10561687
v 0.90988092 -0.75110801 -0.0960759
v 0.94486648 -0.80210271 -0.10561687
v 0.98012163 -0.84575903 -0.13330583
v 1.01219536 -0.87780358 -0.17643241
v 1.03794805 -0.89509963 -0.23077507
v 1.13888641 -0.83678953 -0.27055366
v 1.14509175 -0.81956086 -0.33038797
v 1.13866921 -0.78856603 -0.38436529
v 1.1202475 -0.74683905 -0.42720193
v 1.09162984 -0.69846443 -0.45470475
v 1.05561754 -0.64817743 -0.46418157
v 1.01573573 -0.60090048 -0.45470475
v 0.97588833 -0.56126138 -0.42720193
v 0.93997586 -0.53314029 -0.38436529
v 0.91151371 -0.51928989 -0.33038797
v 0.89328793 -0.52106595 -0.27055366
v 0.88708259 -0.53829462 -0.21071934
v 0.89350513 -0.56928945 -0.15674203
v 0.91192685 -0.61101643 -0.11390539
v 0.9405445 -0.65939105 -0.08640257
v 0.9765568 -0.70967805 -0.07692575
v 1.01643861 -0.756955 -0.08640257
v 1.05628601 -0.7965941 -0.11390539
v 1.09219848 -0.8247152 -0.15674203
v 1.12066064 -0.8385656 -0.21071934
v 1.21784397 -0.76899172 -0.24748737
v 1.22342578 -0.75022952 -0.30692055
v 1.2150029 -0.719086 -0.36053599
v 1.19339982 -0.67860972 -0.40308544
v 1.1607312 -0.63276277 -0.43040387
v 1.12019487 -0.58603296 -0.43981716
v 1.07575881 -0.54299455 -0.43040387
v 1.03177273 -0.50786042 -0.40308544
v 0.99254229 -0.48406976 -0.36053599
v 0.96190765 -0.47395135 -0.30692055
v 0.94286754 -0.47849566 -0.24748737
v 0.93728573 -0.49725786 -0.1880542
v 0.94570861 -0.52840137 -0.13443876
v 0.96731169 -0.56887765 -0.09188931
v 0.99998032 -0.61472461 -0.06457088
v 1.04051665 -0.66145441 -0.05515759
v 1.08495271 -0.70449283 -0.06457088
v 1.12893879 -0.73962695 -0.09188931
v 1.16816922 -0.76341762 -0.13443876
v 1.19880386 -0.77353603 -0.1880542
v 1.29060708 -0.69300184 -0.22203765
v 1.29516739 -0.67280563 -0.28108674
v 1.28449233 -0.64175824 -0.3343557
v 1.25962685 -0.60289881 -0.37663018
v 1.22300496 -0.56003118 -0.40377207
v 1.17821147 -0.51735153 -0.41312452
v 1.12963107 -0.47903763 -0.40377207
v 1.08201915 -0.44883992 -0.37663018
v 1.0400363 -0.42971436 -0.3343557
v 1.00779209 -0.42353309 -0.28108674
v 0.98844281 -0.43090119 -0.22203765
v 0.9838825 -0.4510974 -0.16298856
v 0.99455756 -0.48214479 -0.1097196
v 1.01942303 -0.52100421 -0.06744512
v 1.05604492 -0.56387185 -0.04030323
v 1.10083842 -0.6065515 -0.03095077
v 1.14941882 -0.6448654 -0.04030323
v 1.19703074 -0.67506311 -0.06744512
v 1.23901359 -0.69418867 -0.1097196
v 1.2712578 -0.70036993 -0.16298856
v 1.35610853 -0.6094244 -0.19444958
v 1.35927975 -0.58796549 -0.25314317
v 1.34614908 -0.55731346 -0.30609142
v 1.31800183 -0.52046874 -0.34811139
v 1.27759325 -0.48103796 -0.37508987
v 1.22887881 -0.44288086 -0.38438602
v 1.17662703 -0.40973254 -0.37508987
v 1.12595266 -0.38483778 -0.34811139
v 1.08181608 -0.37063346 -0.30609142
v 1.04853767 -0.36850998 -0.25314317
v 1.02937497 -0.37867522 -0.19444958
v 1.02620374 -0.40013413 -0.13575599
v 1.03933441 -0.43078616 -0.08280774
v 1.06748166 -0.46763087 -0.04078777
v 1.10789025 -0.50706166 -0.01380929
v 1.15660468 -0.54521875 -0.00451314
v 1.20885647 -0.57836707 -0.01380929
v 1.25953083 -0.60326183 -0.04078777
v 1.30366741 -0.61746616 -0.08280774
v 1.33694582 -0.61958963 -0.13575599
v 1.41336336 -0.51901834 -0.16498886
v 1.41482073 -0.49653417 -0.22336536
v 1.39908922 -0.4666228 -0.27602757
v 1.36770872 -0.43221217 -0.31782054
v 1.32375099 -0.39667063 -0.34465327
v 1.27151891 -0.36347724 -0.3538992
v 1.21612532 -0.3358812 -0.34465327
v 1.16299253 -0.31658379 -0.31782054
v 1.11732155 -0.30747399 -0.27602757
v 1.08358298 -0.30944352 -0.22336536
v 1.06507937 -0.3222996 -0.16498886
v 1.063622 -0.34478377 -0.10661235
v 1.07935351 -0.37469514 -0.05395014
v 1.11073401 -0.40910577 -0.01215718
v 1.15469174 -0.44464731 0.01467556
v 1.20692382 -0.4778407 0.02392149
v 1.26231741 -0.50543674 0.01467556
v 1.3154502 -0.52473415 -0.01215718
v 1.36112118 -0.53384395 -0.05395014
v 1.39485975 -0.53187442 -0.10661235
v 1.4614925 -0.42268421 -0.1339392
v 1.46096535 -0.39947031 -0.19204527
v 1.44255427 -0.37068075 -0.24446352
v 1.40806146 -0.33913367 -0.28606287
v 1.36086332 -0.3079171 -0.3127713
v 1.30557993 -0.28008675 -0.3219744
v 1.24762281 -0.25836684 -0.3127713
v 1.19266522 -0.24488348 -0.28606287
v 1.14608678 -0.24095649 -0.24446352
v 1.11244691 -0.24697029 -0.19204527
v 1.09503852 -0.26233621 -0.1339392
v 1.09556567 -0.28555011 -0.07583313
v 1.11397675 -0.31433967 -0.02341489
v 1.14846956 -0.34588675 0.01818447
v 1.1956677 -0.37710332 0.0448929
v 1.25095109 -0.40493367 0.05409599
v 1.30890821 -0.42665358 0.0448929
v 1.3638658 -0.44013695 0.01818447
v 1.41044425 -0.44406393 -0.02341489
v 1.44408411 -0.43805013 -0.07583313
v 1.4997443 -0.32144736 -0.10159964
v 1.49702585 -0.29784735 -0.15948857
v 1.47592942 -0.27058483 -0.21171092
v 1.43852007 -0.24232847 -0.25315482
v 1.38845968 -0.21584417 -0.27976344
v 1.33064852 -0.19372443 -0.28893215
v 1.27074554 -0.17813445 -0.27976344
v 1.21461448 -0.17060032 -0.25315482
v 1.16774981 -0.17185951 -0.21171092
v 1.134739 -0.18178876 -0.15948857
v 1.11881336 -0.19941614 -0.10159964
v 1.1215318 -0.22301616 -0.04371071
v 1.14262824 -0.25027867 0.00851165
v 1.18003759 -0.27853504 0.04995555
v 1.23009798 -0.30501933 0.07656417
v 1.28790914 -0.32713908 0.08573287
v 1.34781211 -0.34272905 0.07656417
v 1.40394318 -0.35026319 0.04995555
v 1.45080784 -0.349004 0.00851165
v 1.48381866 -0.33907474 -0.04371071
v 1.52751329 -0.21643767 -0.06828161
v 1.52246858 -0.19283146 -0.12601182
v 1.49875823 -0.16751233 -0.17809098
v 1.45870318 -0.1429587 -0.21942125
v 1.40622429 -0.12157405 -0.24595691
v 1.34645856 -0.10545166 -0.25510047
v 1.28525628 -0.09616969 -0.24595691
v 1.22860835 -0.09463674 -0.21942125
v 1.18205988 -0.10100285 -0.17809098
v 1.15016734 -0.11464488 -0.12601182
v 1.1360526 -0.13422743 -0.06828161
v 1.14109731 -0.15783364 -0.01055141
v 1.16480766 -0.18315277 0.04152776
v 1.20486271 -0.2077064 0.08285802
v 1.25734161 -0.22909105 0.10939368
v 1.31710733 -0.24521345 0.11853725
v 1.37830961 -0.25449541 0.10939368
v 1.43495754 -0.25602837 0.08285802
v 1.48150602 -0.24966225 0.04152776
v 1.51339856 -0.23602023 -0.01055141
v 1.54435554 -0.10886631 -0.034306
v 1.53692713 -0.08565695 -0.09193952
v 1.51075344 -0.06269495 -0.14393147
v 1.46839652 -0.042228 -0.18519252
v 1.41400256 -0.02625954 -0.21168374
v 1.35289604 -0.01635268 -0.220812
v 1.29105847 -0.01347717 -0.21168374
v 1.23454295 -0.01791449 -0.18519252
v 1.18888161 -0.02923027 -0.14393147
v 1.1585441 -0.04631685 -0.09193952
v 1.14650008 -0.06750169 -0.034306
v 1.15392849 -0.09071105 0.02332752
v 1.18010218 -0.11367305 0.07531948
v 1.2224591 -0.13414 0.11658052
v 1.27685305 -0.15010845 0.14307175
v 1.33795958 -0.16001531 0.1522
v 1.39979715 -0.16289082 0.14307175
v 1.45631267 -0.15845351 0.11658052
v 1.50197401 -0.14713773 0.07531948
v 1.53231151 -0.13005114 0.02332752
f 1 21 2
f 21 22 2
f 2 22 3
f 22 23 3
f 3 23 4
f 23 24 4
f 4 24 5
f 24 25 5
f 5 25 6
f 25 26 6
f 6 26 7
f 26 27 7
f 7 27 8
f 27 28 8
f 8 28 9
f 28 29 9
f 9 29 10
f 29 30 10
f 10 30 11
f 30 31 11
f 11 31 12
f 31 32 12
f 12 32 13
f 32 33 13
f 13 33 14
f 33 34 14
f 14 34 15
f 34 35 15
f 15 35 16
f 35 36 16
f 16 36 17
f 36 37 17
f 17 37 18
f 37 38 18
f 18 38 19
f 38 39 19
f 19 39 20
f 39 40 20
f 20 40 1
f 40 21 1
f 21 41 22
f 41 42 22
f 22 42 23
f 42 43 23
f 23 43 24
f 43 44 24
f 24 44 25
f 44 45 25
f 25 45 26
f 45 46 26
f 26 46 27
f 46 47 27
f 27 47 28
f 47 48 28
f 28 48 29
f 48 49 29
f 29 49 30
f 49 50 30
f 30 50 31
f 50 51 31
f 31 51 32
f 51 52 32
f 32 52 33
f 52 53 33
f 33 53 34
f 53 54 34
f 34 54 35
f 54 55 35
f 35 55 36
f 55 56 36
f 36 56 37
f 56 57 37
f 37 57 38
f 57 58 38
f 38 58 39
f 58 59 39
f 39 59 40
f 59 60 40
f 40 60 21
f 60 41 21
f 41 61 42
f 61 62 42
f 42 62 43
f 62 63 43
f 43 63 44
f 63 64 44
f 44 64 45
f 64 65 45
f 45 65 46
f 65 66 46
f 46 66 47
f 66 67 47
f 47 67 48
f 67 68 48
f 48 68 49
f 68 69 49
f 49 69 50
f 69 70 50
f 50 70 51
f 70 71 51
f 51 71 52
f 71 72 52
f 52 72 53
f 72 73 53
f 53 73 54
f 73 74 54
f 54 74 55
f 74 75 55
f 55 75 56
f 75 76 56
f 56 76 57
f 76 77 57
f 57 77 58
f 77 78 58
f 58 78 59
f 78 79 59
f 59 79 60
f 79 80 60
f 60 80 41
f 80 61 41
f 61 81 62
f 81 82 62
f 62 82 63
f 82 83 63
f 63 83 64
f 83 84 64
f 64 84 65
f 84 85 65
f 65 85 66
f 85 86 66
f 66 86 67
f 86 87 67
f 67 87 68
f 87 88 68
f 68 88 69
f 88 89 69
f 69 89 70
f 89 90 70
f 70 90 71
f 90 91 71
f 71 91 72
f 91 92 72
f 72 92 73
f 92 93 73
f 73 93 74
f 93 94 74
f 74 94 75
f 94 95 75
f 75 95 76
f 95 96 76
f 76 96 77
f 96 97 77
f 77 97 78
f 97 98 78
f 78 98 79
f 98 99 79
f 79 99 80
f 99 100 80
f 80 100 61
f 100 81 61
f 81 101 82
f 101 102 82
f 82 102 83
f 102 103 83
f 83 103 84
f 103 104 84
f 84 104 85
f 104 105 85
f 85 105 86
f 105 106 86
f 86 106 87
f 106 107 87
f 87 107 88
f 107 108 88
f 88 108 89
f 108 109 89
f 89 109 90
f 109 110 90
f 90 110 91
f 110 111 91
f 91 111 92
f 111 112 92
f 92 112 93
f 112 113 93
f 93 113 94
f 113 114 94
f 94 114 95
f 114 115 95
f 95 115 96
f 115 116 96
f 96 116 97
f 116 117 97
f 97 117 98
f 117 118 98
f 98 118 99
f 118 119 99
f 99 119 100
f 119 120 100
f 100 120 81
f 120 101 81
f 101 121 102
f 121 122 102
f 102 122 103
f 122 123 103
f 103 123 104
f 123 124 104
f 104 124 105
f 124 125 105
f 105 125 106
f 125 126 106
f 106 126 107
f 126 127 107
f 107 127 108
f 127 128 108
f 108 128 109
f 128 129 109
f 109 129 110
f 129 130 110
f 110 130 111
f 130 131 111
f 111 131 112
f 131 132 112
f 112 132 113
f 132 133 113
f 113 133 114
f 133 134 114
f 114 134 115
f 134 135 115
f 115 135 116
f 135 136 116
f 116 136 117
f 136 137 117
f 117 137 118
f 137 138 118
f 118 138 119
f 138 139 119
f 119 139 120
f 139 140 120
f 120 140 101
f 140 121 101
f 121 141 122
f 141 142 122
f 122 142 123
f 142 143 123
f 123 143 124
f 143 144 124
f 124 144 125
f 144 145 125
f 125 145 126
f 145 146 126
f 126 146 127
f 146 147 127
f 127 147 128
f 147 148 128
f 128 148 129
f 148 149 129
f 129 149 130
f 149 150 130
f 130 150 131
f 150 151 131
f 131 151 132
f 151 152 132
f 132 152 133
f 152 153 133
f 133 153 134
f 153 154 134
f 134 154 135
f 154 155 135
f 135 155 136
f 155 156 136
f 136 156 137
f 156 157 137
f 137 157 138
f 157 158 138
f 138 158 139
f 158 159 139
f 139 159 140
f 159 160 140
f 140 160 121
f 160 141 121
f 141 161 142
f 161 162 142
f 142 162 143
f 162 163 143
f 143 163 144
f 163 164 144
f 144 164 145
f 164 165 145
f 145 165 146
f 165 166 146
f 146 166 147
f 166 167 147
f 147 167 148
f 167 168 148
f 148 168 149
f 168 169 149
f 149 169 150
f 169 170 150
f 150 170 151
f 170 171 151
f 151 171 152
f 171 172 152
f 152 172 153
f 172 173 153
f 153 173 154
f 173 174 154
f 154 174 155
f 174 175 155
f 155 175 156
f 175 176 156
f 156 176 157
f 176 177 157
f 157 177 158
f 177 178 158
f 158 178 159
f 178 179 159
f 159 179 160
f 179 180 160
f 160 180 141
f 180 161 141
f 161 181 162
f 181 182 162
f 162 182 163
f 182 183 163
f 163 183 164
f 183 184 164
f 164 184 165
f 184 185 165
f 165 185 166
f 185 186 166
f 166 186 167
f 186 187 167
f 167 187 168
f 187 188 168
f 168 188 169
f 188 189 169
f 169 189 170
f 189 190 170
f 170 190 171
f 190 191 171
f 171 191 172
f 191 192 172
f 172 192 173
f 192 193 173
f 173 193 174
f 193 194 174
f 174 194 175
f 194 195 175
f 175 195 176
f 195 196 176
f 176 196 177
f 196 197 177
f 177 197 178
f 197 198 178
f 178 198 179
f 198 199 179
f 179 199 180
f 199 200 180
f 180 200 161
f 200 181 161
f 181 201 182
f 201 202 182
f 182 202 183
f 202 203 183
f 183 203 184
f 203 204 184
f 184 204 185
f 204 205 185
f 185 205 186
f 205 206 186
f 186 206 187
f 206 207 187
f 187 207 188
f 207 208 188
f 188 208 189
f 208 209 189
f 189 209 190
f 209 210 190
f 190 210 191
f 210 211 191
f 191 211 192
f 211 212 192
f 192 212 193
f 212 213 193
f 193 213 194
f 213 214 194
f 194 214 195
f 214 215 195
f 195 215 196
f 215 216 196
f 196 216 197
f 216 217 197
f 197 217 198
f 217 218 198
f 198 218 199
f 218 219 199
f 199 219 200
f 219 220 200
f 200 220 181
f 220 201 181
f 201 221 202
f 221 222 202
f 202 222 203
f 222 223 203
f 203 223 204
f 223 224 204
f 204 224 205
f 224 225 205
f 205 225 206
f 225 226 206
f 206 226 207
f 226 227 207
f 207 227 208
f 227 228 208
f 208 228 209
f 228 229 209
f 209 229 210
f 229 230 210
f 210 230 211
f 230 231 211
f 211 231 212
f 231 232 212
f 212 232 213
f 232 233 213
f 213 233 214
f 233 234 214
f 214 234 215
f 234 235 215
f 215 235 216
f 235 236 216
f 216 236 217
f 236 237 217
f 217 237 218
f 237 238 218
f 218 238 219
f 238 239 219
f 219 239 220
f 239 240 220
f 220 240 201
f 240 221 201
f 221 241 222
f 241 242 222
f 222 242 223
f 242 243 223
f 223 243 224
f 243 244 224
f 224 244 225
f 244 245 225
f 225 245 226
f 245 246 226
f 226 246 227
f 246 247 227
f 227 247 228
f 247 248 228
f 228 248 229
f 248 249 229
f 229 249 230
f 249 250 230
f 230 250 231
f 250 251 231
f 231 251 232
f 251 252 232
f 232 252 233
f 252 253 233
f 233 253 234
f 253 254 234
f 234 254 235
f 254 255 235
f 235 255 236
f 255 256 236
f 236 256 237
f 256 257 237
f 237 257 238
f 257 258 238
f 238 258 239
f 258 259 239
f 239 259 240
f 259 260 240
f 240 260 221
f 260 241 221
f 241 261 242
f 261 262 242
f 242 262 243
f 262 263 243
f 243 263 244
f 263 264 244
f 244 264 245
f 264 265 245
f 245 265 246
f 265 266 246
f 246 266 247
f 266 267 247
f 247 267 248
f 267 268 248
f 248 268 249
f 268 269 249
f 249 269 250
f 269 270 250
f 250 270 251
f 270 271 251
f 251 271 252
f 271 272 252
f 252 272 253
f 272 273 253
f 253 273 254
f 273 274 254
f 254 274 255
f 274 275 255
f 255 275 256
f 275 276 256
f 256 276 257
f 276 277 257
f 257 277 258
f 277 278 258
f 258 278 259
f 278 279 259
f 259 279 260
f 279 280 260
f 260 280 241
f 280 261 241
f 261 281 262
f 281 282 262
f 262 282 263
f 282 283 263
f 263 283 264
f 283 284 264
f 264 284 265
f 284 285 265
f 265 285 266
f 285 286 266
f 266 286 267
f 286 287 267
f 267 287 268
f 287 288 268
f 268 288 269
f 288 289 269
f 269 289 270
f 289 290 270
f 270 290 271
f 290 291 271
f 271 291 272
f 291 292 272
f 272 292 273
f 292 293 273
f 273 293 274
f 293 294 274
f 274 294 275
f 294 295 275
f 275 295 276
f 295 296 276
f 276 296 277
f 296 297 277
f 277 297 278
f 297 298 278
f 278 298 279
f 298 299 279
f 279 299 280
f 299 300 280
f 280 300 261
f 300 281 261
f 281 301 282
f 301 302 282
f 282 302 283
f 302 303 283
f 283 303 284
f 303 304 284
f 284 304 285
f 304 305 285
f 285 305 286
f 305 306 286
f 286 306 287
f 306 307 287
f 287 307 288
f 307 308 288
f 288 308 289
f 308 309 289
f 289 309 290
f 309 310 290
f 290 310 291
f 310 311 291
f 291 311 292
f 311 312 292
f 292 312 293
f 312 313 293
f 293 313 294
f 313 314 294
f 294 314 295
f 314 315 295
f 295 315 296
f 315 316 296
f 296 316 297
f 316 317 297
f 297 317 298
f 317 318 298
f 298 318 299
f 318 319 299
f 299 319 300
f 319 320 300
f 300 320 281
f 320 301 281
f 301 321 302
f 321 322 302
f 302 322 303
f 322 323 303
f 303 323 304
f 323 324 304
f 304 324 305
f 324 325 305
f 305 325 306
f 325 326 306
f 306 326 307
f 326 327 307
f 307 327 308
f 327 328 308
f 308 328 309
f 328 329 309
f 309 329 310
f 329 330 310
f 310 330 311
f 330 331 311
f 311 331 312
f 331 332 312
f 312 332 313
f 332 333 313
f 313 333 314
f 333 334 314
f 314 334 315
f 334 335 315
f 315 335 316
f 335 336 316
f 316 336 317
f 336 337 317
f 317 337 318
f 337 338 318
f 318 338 319
f 338 339 319
f 319 339 320
f 339 340 320
f 320 340 301
f 340 321 301
f 321 341 322
f 341 342 322
f 322 342 323
f 342 343 323
f 323 343 324
f 343 344 324
f 324 344 325
f 344 345 325
f 325 345 326
f 345 346 326
f 326 346 327
f 346 347 327
f 327 347 328
f 347 348 328
f 328 348 329
f 348 349 329
f 329 349 330
f 349 350 330
f 330 350 331
f 350 351 331
f 331 351 332
f 351 352 332
f 332 352 333
f 352 353 333
f 333 353 334
f 353 354 334
f 334 354 335
f 354 355 335
f 335 355 336
f 355 356 336
f 336 356 337
f 356 357 337
f 337 357 338
f 357 358 338
f 338 358 339
f 358 359 339
f 339 359 340
f 359 360 340
f 340 360 321
f 360 341 321
f 341 361 342
f 361 362 342
f 342 362 343
f 362 363 343
f 343 363 344
f 363 364 344
f 344 364 345
f 364 365 345
f 345 365 346
f 365 366 346
f 346 366 347
f 366 367 347
f 347 367 348
f 367 368 348
f 348 368 349
f 368 369 349
f 349 369 350
f 369 370 350
f 350 370 351
f 370 371 351
f 351 371 352
f 371 372 352
f 352 372 353
f 372 373 353
f 353 373 354
f 373 374 354
f 354 374 355
f 374 375 355
f 355 375 356
f 375 376 356
f 356 376 357
f 376 377 357
f 357 377 358
f 377 378 358
f 358 378 359
f 378 379 359
f 359 379 360
f 379 380 360
f 360 380 341
f 380 361 341
f 361 381 362
f 381 382 362
f 362 382 363
f 382 383 363
f 363 383 364
f 383 384 364
f 364 384 365
f 384 385 365
f 365 385 366
f 385 386 366
f 366 386 367
f 386 387 367
f 367 387 368
f 387 388 368
f 368 388 369
f 388 389 369
f 369 389 370
f 389 390 370
f 370 390 371
f 390 391 371
f 371 391 372
f 391 392 372
f 372 392 373
f 392 393 373
f 373 393 374
f 393 394 374
f 374 394 375
f 394 395 375
f 375 395 376
f 395 396 376
f 376 396 377
f 396 397 377
f 377 397 378
f 397 398 378
f 378 398 379
f 398 399 379
f 379 399 380
f 399 400 380
f 380 400 361
f 400 381 361
f 381 401 382
f 401 402 382
f 382 402 383
f 402 403 383
f 383 403 384
f 403 404 384
f 384 404 385
f 404 405 385
f 385 405 386
f 405 406 386
f 386 406 387
f 406 407 387
f 387 407 388
f 407 408 388
f 388 408 389
f 408 409 389
f 389 409 390
f 409 410 390
f 390 410 391
f 410 411 391
f 391 411 392
f 411 412 392
f 392 412 393
f 412 413 393
f 393 413 394
f 413 414 394
f 394 414 395
f 414 415 395
f 395 415 396
f 415 416 396
f 396 416 397
f 416 417 397
f 397 417 398
f 417 418 398
f 398 418 399
f 418 419 399
f 399 419 400
f 419 420 400
f 400 420 381
f 420 401 381
f 401 421 402
f 421 422 402
f 402 422 403
f 422 423 403
f 403 423 404
f 423 424 404
f 404 424 405
f 424 425 405
f 405 425 406
f 425 426 406
f 406 426 407
f 426 427 407
f 407 427 408
f 427 428 408
f 408 428 409
f 428 429 409
f 409 429 410
f 429 430 410
f 410 430 411
f 430 431 411
f 411 431 412
f 431 432 412
f 412 432 413
f 432 433 413
f 413 433 414
f 433 434 414
f 414 434 415
f 434 435 415
f 415 435 416
f 435 436 416
f 416 436 417
f 436 437 417
f 417 437 418
f 437 438 418
f 418 438 419
f 438 439 419
f 419 439 420
f 439 440 420
f 420 440 401
f 440 421 401
f 421 441 422
f 441 442 422
f 422 442 423
f 442 443 423
f 423 443 424
f 443 444 424
f 424 444 425
f 444 445 425
f 425 445 426
f 445 446 426
f 426 446 427
f 446 447 427
f 427 447 428
f 447 448 428
f 428 448 429
f 448 449 429
f 429 449 430
f 449 450 430
f 430 450 431
f 450 451 431
f 431 451 432
f 451 452 432
f 432 452 433
f 452 453 433
f 433 453 434
f 453 454 434
f 434 454 435
f 454 455 435
f 435 455 436
f 455 456 436
f 436 456 437
f 456 457 437
f 437 457 438
f 457 458 438
f 438 458 439
f 458 459 439
f 439 459 440
f 459 460 440
f 440 460 421
f 460 441 421
f 441 461 442
f 461 462 442
f 442 462 443
f 462 463 443
f 443 463 444
f 463 464 444
f 444 464 445
f 464 465 445
f 445 465 446
f 465 466 446
f 446 466 447
f 466 467 447
f 447 467 448
f 467 468 448
f 448 468 449
f 468 469 449
f 449 469 450
f 469 470 450
f 450 470 451
f 470 471 451
f 451 471 452
f 471 472 452
f 452 472 453
f 472 473 453
f 453 473 454
f 473 474 454
f 454 474 455
f 474 475 455
f 455 475 456
f 475 476 456
f 456 476 457
f 476 477 457
f 457 477 458
f 477 478 458
f 458 478 459
f 478 479 459
f 459 479 460
f 479 480 460
f 460 480 441
f 480 461 441
f 461 481 462
f 481 482 462
f 462 482 463
f 482 483 463
f 463 483 464
f 483 484 464
f 464 484 465
f 484 485 465
f 465 485 466
f 485 486 466
f 466 486 467
f 486 487 467
f 467 487 468
f 487 488 468
f 468 488 469
f 488 489 469
f 469 489 470
f 489 490 470
f 470 490 471
f 490 491 471
f 471 491 472
f 491 492 472
f 472 492 473
f 492 493 473
f 473 493 474
f 493 494 474
f 474 494 475
f 494 495 475
f 475 495 476
f 495 496 476
f 476 496 477
f 496 497 477
f 477 497 478
f 497 498 478
f 478 498 479
f 498 499 479
f 479 499 480
f 499 500 480
f 480 500 461
f 500 481 461
f 481 501 482
f 501 502 482
f 482 502 483
f 502 503 483
f 483 503 484
f 503 504 484
f 484 504 485
f 504 505 485
f 485 505 486
f 505 506 486
f 486 506 487
f 506 507 487
f 487 507 488
f 507 508 488
f 488 508 489
f 508 509 489
f 489 509 490
f 509 510 490
f 490 510 491
f 510 511 491
f 491 511 492
f 511 512 492
f 492 512 493
f 512 513 493
f 493 513 494
f 513 514 494
f 494 514 495
f 514 515 495
f 495 515 496
f 515 516 496
f 496 516 497
f 516 517 497
f 497 517 498
f 517 518 498
f 498 518 499
f 518 519 499
f 499 519 500
f 519 520 500
f 500 520 481
f 520 501 481
f 501 521 502
f 521 522 502
f 502 522 503
f 522 523 503
f 503 523 504
f 523 524 504
f 504 524 505
f 524 525 505
f 505 525 506
f 525 526 506
f 506 526 507
f 526 527 507
f 507 527 508
f 527 528 508
f 508 528 509
f 528 529 509
f 509 529 510
f 529 530 510
f 510 530 511
f 530 531 511
f 511 531 512
f 531 532 512
f 512 532 513
f 532 533 513
f 513 533 514
f 533 534 514
f 514 534 515
f 534 535 515
f 515 535 516
f 535 536 516
f 516 536 517
f 536 537 517
f 517 537 518
f 537 538 518
f 518 538 519
f 538 539 519
f 519 539 520
f 539 540 520
f 520 540 501
f 540 521 501
f 521 541 522
f 541 542 522
f 522 542 523
f 542 543 523
f 523 543 524
f 543 544 524
f 524 544 525
f 544 545 525
f 525 545 526
f 545 546 526
f 526 546 527
f 546 547 527
f 527 547 528
f 547 548 528
f 528 548 529
f 548 549 529
f 529 549 530
f 549 550 530
f 530 550 531
f 550 551 531
f 531 551 532
f 551 552 532
f 532 552 533
f 552 553 533
f 533 553 534
f 553 554 534
f 534 554 535
f 554 555 535
f 535 555 536
f 555 556 536
f 536 556 537
f 556 557 537
f 537 557 538
f 557 558 538
f 538 558 539
f 558 559 539
f 539 559 540
f 559 560 540
f 540 560 521
f 560 541 521
f 541 561 542
f 561 562 542
f 542 562 543
f 562 563 543
f 543 563 544
f 563 564 544
f 544 564 545
f 564 565 545
f 545 565 546
f 565 566 546
f 546 566 547
f 566 567 547
f 547 567 548
f 567 568 548
f 548 568 549
f 568 569 549
f 549 569 550
f 569 570 550
f 550 570 551
f 570 571 551
f 551 571 552
f 571 572 552
f 552 572 553
f 572 573 553
f 553 573 554
f 573 574 554
f 554 574 555
f 574 575 555
f 555 575 556
f 575 576 556
f 556 576 557
f 576 577 557
f 557 577 558
f 577 578 558
f 558 578 559
f 578 579 559
f 559 579 560
f 579 580 560
f 560 580 541
f 580 561 541
f 561 581 562
f 581 582 562
f 562 582 563
f 582 583 563
f 563 583 564
f 583 584 564
f 564 584 565
f 584 585 565
f 565 585 566
f 585 586 566
f 566 586 567
f 586 587 567
f 567 587 568
f 587 588 568
f 568 588 569
f 588 589 569
f 569 589 570
f 589 590 570
f 570 590 571
f 590 591 571
f 571 591 572
f 591 592 572
f 572 592 573
f 592 593 573
f 573 593 574
f 593 594 574
f 574 594 575
f 594 595 575
f 575 595 576
f 595 596 576
f 576 596 577
f 596 597 577
f 577 597 578
f 597 598 578
f 578 598 579
f 598 599 579
f 579 599 580
f 599 600 580
f 580 600 561
f 600 581 561
f 581 601 582
f 601 602 582
f 582 602 583
f 602 603 583
f 583 603 584
f 603 604 584
f 584 604 585
f 604 605 585
f 585 605 586
f 605 606 586
f 586 606 587
f 606 607 587
f 587 607 588
f 607 608 588
f 588 608 589
f 608 609 589
f 589 609 590
f 609 610 590
f 590 610 591
f 610 611 591
f 591 611 592
f 611 612 592
f 592 612 593
f 612 613 593
f 593 613 594
f 613 614 594
f 594 614 595
f 614 615 595
f 595 615 596
f 615 616 596
f 596 616 597
f 616 617 597
f 597 617 598
f 617 618 598
f 598 618 599
f 618 619 599
f 599 619 600
f 619 620 600
f 600 620 581
f 620 601 581
f 601 621 602
f 621 622 602
f 602 622 603
f 622 623 603
f 603 623 604
f 623 624 604
f 604 624 605
f 624 625 605
f 605 625 606
f 625 626 606
f 606 626 607
f 626 627 607
f 607 627 608
f 627 628 608
f 608 628 609
f 628 629 609
f 609 629 610
f 629 630 610
f 610 630 611
f 630 631 611
f 611 631 612
f 631 632 612
f 612 632 613
f 632 633 613
f 613 633 614
f 633 634 614
f 614 634 615
f 634 635 615
f 615 635 616
f 635 636 616
f 616 636 617
f 636 637 617
f 617 637 618
f 637 638 618
f 618 638 619
f 638 639 619
f 619 639 620
f 639 640 620
f 620 640 601
f 640 621 601
f 621 641 622
f 641 642 622
f 622 642 623
f 642 643 623
f 623 643 624
f 643 644 624
f 624 644 625
f 644 645 625
f 625 645 626
f 645 646 626
f 626 646 627
f 646 647 627
f 627 647 628
f 647 648 628
f 628 648 629
f 648 649 629
f 629 649 630
f 649 650 630
f 630 650 631
f 650 651 631
f 631 651 632
f 651 652 632
f 632 652 633
f 652 653 633
f 633 653 634
f 653 654 634
f 634 654 635
f 654 655 635
f 635 655 636
f 655 656 636
f 636 656 637
f 656 657 637
f 637 657 638
f 657 658 638
f 638 658 639
f 658 659 639
f 639 659 640
f 659 660 640
f 640 660 621
f 660 641 621
f 641 661 642
f 661 662 642
f 642 662 643
f 662 663 643
f 643 663 644
f 663 664 644
f 644 664 645
f 664 665 645
f 645 665 646
f 665 666 646
f 646 666 647
f 666 667 647
f 647 667 648
f 667 668 648
f 648 668 649
f 668 669 649
f 649 669 650
f 669 670 650
f 650 670 651
f 670 671 651
f 651 671 652
f 671 672 652
f 652 672 653
f 672 673 653
f 653 673 654
f 673 674 654
f 654 674 655
f 674 675 655
f 655 675 656
f 675 676 656
f 656 676 657
f 676 677 657
f 657 677 658
f 677 678 658
f 658 678 659
f 678 679 659
f 659 679 660
f 679 680 660
f 660 680 641
f 680 661 641
f 661 681 662
f 681 682 662
f 662 682 663
f 682 683 663
f 663 683 664
f 683 684 664
f 664 684 665
f 684 685 665
f 665 685 666
f 685 686 666
f 666 686 667
f 686 687 667
f 667 687 668
f 687 688 668
f 668 688 669
f 688 689 669
f 669 689 670
f 689 690 670
f 670 690 671
f 690 691 671
f 671 691 672
f 691 692 672
f 672 692 673
f 692 693 673
f 673 693 674
f 693 694 674
f 674 694 675
f 694 695 675
f 675 695 676
f 695 696 676
f 676 696 677
f 696 697 677
f 677 697 678
f 697 698 678
f 678 698 679
f 698 699 679
f 679 699 680
f 699 700 680
f 680 700 661
f 700 681 661
f 681 701 682
f 701 702 682
f 682 702 683
f 702 703 683
f 683 703 684
f 703 704 684
f 684 704 685
f 704 705 685
f 685 705 686
f 705 706 686
f 686 706 687
f 706 707 687
f 687 707 688
f 707 708 688
f 688 708 689
f 708 709 689
f 689 709 690
f 709 710 690
f 690 710 691
f 710 711 691
f 691 711 692
f 711 712 692
f 692 712 693
f 712 713 693
f 693 713 694
f 713 714 694
f 694 714 695
f 714 715 695
f 695 715 696
f 715 716 696
f 696 716 697
f 716 717 697
f 697 717 698
f 717 718 698
f 698 718 699
f 718 719 699
f 699 719 700
f 719 720 700
f 700 720 681
f 720 701 681
f 701 721 702
f 721 722 702
f 702 722 703
f 722 723 703
f 703 723 704
f 723 724 704
f 704 724 705
f 724 725 705
f 705 725 706
f 725 726 706
f 706 726 707
f 726 727 707
f 707 727 708
f 727 728 708
f 708 728 709
f 728 729 709
f 709 729 710
f 729 730 710
f 710 730 711
f 730 731 711
f 711 731 712
f 731 732 712
f 712 732 713
f 732 733 713
f 713 733 714
f 733 734 714
f 714 734 715
f 734 735 715
f 715 735 716
f 735 736 716
f 716 736 717
f 736 737 717
f 717 737 718
f 737 738 718
f 718 738 719
f 738 739 719
f 719 739 720
f 739 740 720
f 720 740 701
f 740 721 701
f 721 741 722
f 741 742 722
f 722 742 723
f 742 743 723
f 723 743 724
f 743 744 724
f 724 744 725
f 744 745 725
f 725 745 726
f 745 746 726
f 726 746 727
f 746 747 727
f 727 747 728
f 747 748 728
f 728 748 729
f 748 749 729
f 729 749 730
f 749 750 730
f 730 750 731
f 750 751 731
f 731 751 732
f 751 752 732
f 732 752 733
f 752 753 733
f 733 753 734
f 753 754 734
f 734 754 735
f 754 755 735
f 735 755 736
f 755 756 736
f 736 756 737
f 756 757 737
f 737 757 738
f 757 758 738
f 738 758 739
f 758 759 739
f 739 759 740
f 759 760 740
f 740 760 721
f 760 741 721
f 741 761 742
f 761 762 742
f 742 762 743
f 762 763 743
f 743 763 744
f 763 764 744
f 744 764 745
f 764 765 745
f 745 765 746
f 765 766 746
f 746 766 747
f 766 767 747
f 747 767 748
f 767 768 748
f 748 768 749
f 768 769 749
f 749 769 750
f 769 770 750
f 750 770 751
f 770 771 751
f 751 771 752
f 771 772 752
f 752 772 753
f 772 773 753
f 753 773 754
f 773 774 754
f 754 774 755
f 774 775 755
f 755 775 756
f 775 776 756
f 756 776 757
f 776 777 757
f 757 777 758
f 777 778 758
f 758 778 759
f 778 779 759
f 759 779 760
f 779 780 760
f 760 780 741
f 780 761 741
f 761 781 762
f 781 782 762
f 762 782 763
f 782 783 763
f 763 783 764
f 783 784 764
f 764 784 765
f 784 785 765
f 765 785 766
f 785 786 766
f 766 786 767
f 786 787 767
f 767 787 768
f 787 788 768
f 768 788 769
f 788 789 769
f 769 789 770
f 789 790 770
f 770 790 771
f 790 791 771
f 771 791 772
f 791 792 772
f 772 792 773
f 792 793 773
f 773 793 774
f 793 794 774
f 774 794 775
f 794 795 775
f 775 795 776
f 795 796 776
f 776 796 777
f 796 797 777
f 777 797 778
f 797 798 778
f 778 798 779
f 798 799 779
f 779 799 780
f 799 800 780
f 780 800 761
f 800 781 761
f 781 801 782
f 801 802 782
f 782 802 783
f 802 803 783
f 783 803 784
f 803 804 784
f 784 804 785
f 804 805 785
f 785 805 786
f 805 806 786
f 786 806 787
f 806 807 787
f 787 807 788
f 807 808 788
f 788 808 789
f 808 809 789
f 789 809 790
f 809 810 790
f 790 810 791
f 810 811 791
f 791 811 792
f 811 812 792
f 792 812 793
f 812 813 793
f 793 813 794
f 813 814 794
f 794 814 795
f 814 815 795
f 795 815 796
f 815 816 796
f 796 816 797
f 816 817 797
f 797 817 798
f 817 818 798
f 798 818 799
f 818 819 799
f 799 819 800
f 819 820 800
f 800 820 781
f 820 801 781
f 801 821 802
f 821 822 802
f 802 822 803
f 822 823 803
f 803 823 804
f 823 824 804
f 804 824 805
f 824 825 805
f 805 825 806
f 825 826 806
f 806 826 807
f 826 827 807
f 807 827 808
f 827 828 808
f 808 828 809
f 828 829 809
f 809 829 810
f 829 830 810
f 810 830 811
f 830 831 811
f 811 831 812
f 831 832 812
f 812 832 813
f 832 833 813
f 813 833 814
f 833 834 814
f 814 834 815
f 834 835 815
f 815 835 816
f 835 836 816
f 816 836 817
f 836 837 817
f 817 837 818
f 837 838 818
f 818 838 819
f 838 839 819
f 819 839 820
f 839 840 820
f 820 840 801
f 840 821 801
f 821 841 822
f 841 842 822
f 822 842 823
f 842 843 823
f 823 843 824
f 843 844 824
f 824 844 825
f 844 845 825
f 825 845 826
f 845 846 826
f 826 846 827
f 846 847 827
f 827 847 828
f 847 848 828
f 828 848 829
f 848 849 829
f 829 849 830
f 849 850 830
f 830 850 831
f 850 851 831
f 831 851 832
f 851 852 832
f 832 852 833
f 852 853 833
f 833 853 834
f 853 854 834
f 834 854 835
f 854 855 835
f 835 855 836
f 855 856 836
f 836 856 837
f 856 857 837
f 837 857 838
f 857 858 838
f 838 858 839
f 858 859 839
f 839 859 840
f 859 860 840
f 840 860 821
f 860 841 821
f 841 861 842
f 861 862 842
f 842 862 843
f 862 863 843
f 843 863 844
f 863 864 844
f 844 864 845
f 864 865 845
f 845 865 846
f 865 866 846
f 846 866 847
f 866 867 847
f 847 867 848
f 867 868 848
f 848 868 849
f 868 869 849
f 849 869 850
f 869 870 850
f 850 870 851
f 870 871 851
f 851 871 852
f 871 872 852
f 852 872 853
f 872 873 853
f 853 873 854
f 873 874 854
f 854 874 855
f 874 875 855
f 855 875 856
f 875 876 856
f 856 876 857
f 876 877 857
f 857 877 858
f 877 878 858
f 858 878 859
f 878 879 859
f 859 879 860
f 879 880 860
f 860 880 841
f 880 861 841
f 861 881 862
f 881 882 862
f 862 882 863
f 882 883 863
f 863 883 864
f 883 884 864
f 864 884 865
f 884 885 865
f 865 885 866
f 885 886 866
f 866 886 867
f 886 887 867
f 867 887 868
f 887 888 868
f 868 888 869
f 888 889 869
f 869 889 870
f 889 890 870
f 870 890 871
f 890 891 871
f 871 891 872
f 891 892 872
f 872 892 873
f 892 893 873
f 873 893 874
f 893 894 874
f 874 894 875
f 894 895 875
f 875 895 876
f 895 896 876
f 876 896 877
f 896 897 877
f 877 897 878
f 897 898 878
f 878 898 879
f 898 899 879
f 879 899 880
f 899 900 880
f 880 900 861
f 900 881 861
f 881 901 882
f 901 902 882
f 882 902 883
f 902 903 883
f 883 903 884
f 903 904 884
f 884 904 885
f 904 905 885
f 885 905 886
f 905 906 886
f 886 906 887
f 906 907 887
f 887 907 888
f 907 908 888
f 888 908 889
f 908 909 889
f 889 909 890
f 909 910 890
f 890 910 891
f 910 911 891
f 891 911 892
f 911 912 892
f 892 912 893
f 912 913 893
f 893 913 894
f 913 914 894
f 894 914 895
f 914 915 895
f 895 915 896
f 915 916 896
f 896 916 897
f 916 917 897
f 897 917 898
f 917 918 898
f 898 918 899
f 918 919 899
f 899 919 900
f 919 920 900
f 900 920 881
f 920 901 881
f 901 921 902
f 921 922 902
f 902 922 903
f 922 923 903
f 903 923 904
f 923 924 904
f 904 924 905
f 924 925 905
f 905 925 906
f 925 926 906
f 906 926 907
f 926 927 907
f 907 927 908
f 927 928 908
f 908 928 909
f 928 929 909
f 909 929 910
f 929 930 910
f 910 930 911
f 930 931 911
f 911 931 912
f 931 932 912
f 912 932 913
f 932 933 913
f 913 933 914
f 933 934 914
f 914 934 915
f 934 935 915
f 915 935 916
f 935 936 916
f 916 936 917
f 936 937 917
f 917 937 918
f 937 938 918
f 918 938 919
f 938 939 919
f 919 939 920
f 939 940 920
f 920 940 901
f 940 921 901
f 921 941 922
f 941 942 922
f 922 942 923
f 942 943 923
f 923 943 924
f 943 944 924
f 924 944 925
f 944 945 925
f 925 945 926
f 945 946 926
f 926 946 927
f 946 947 927
f 927 947 928
f 947 948 928
f 928 948 929
f 948 949 929
f 929 949 930
f 949 950 930
f 930 950 931
f 950 951 931
f 931 951 932
f 951 952 932
f 932 952 933
f 952 953 933
f 933 953 934
f 953 954 934
f 934 954 935
f 954 955 935
f 935 955 936
f 955 956 936
f 936 956 937
f 956 957 937
f 937 957 938
f 957 958 938
f 938 958 939
f 958 959 939
f 939 959 940
f 959 960 940
f 940 960 921
f 960 941 921
f 941 961 942
f 961 962 942
f 942 962 943
f 962 963 943
f 943 963 944
f 963 964 944
f 944 964 945
f 964 965 945
f 945 965 946
f 965 966 946
f 946 966 947
f 966 967 947
f 947 967 948
f 967 968 948
f 948 968 949
f 968 969 949
f 949 969 950
f 969 970 950
f 950 970 951
f 970 971 951
f 951 971 952
f 971 972 952
f 952 972 953
f 972 973 953
f 953 973 954
f 973 974 954
f 954 974 955
f 974 975 955
f 955 975 956
f 975 976 956
f 956 976 957
f 976 977 957
f 957 977 958
f 977 978 958
f 958 978 959
f 978 979 959
f 959 979 960
f 979 980 960
f 960 980 941
f 980 961 941
f 961 981 962
f 981 982 962
f 962 982 963
f 982 983 963
f 963 983 964
f 983 984 964
f 964 984 965
f 984 985 965
f 965 985 966
f 985 986 966
f 966 986 967
f 986 987 967
f 967 987 968
f 987 988 968
f 968 988 969
f 988 989 969
f 969 989 970
f 989 990 970
f 970 990 971
f 990 991 971
f 971 991 972
f 991 992 972
f 972 992 973
f 992 993 973
f 973 993 974
f 993 994 974
f 974 994 975
f 994 995 975
f 975 995 976
f 995 996 976
f 976 996 977
f 996 997 977
f 977 997 978
f 997 998 978
f 978 998 979
f 998 999 979
f 979 999 980
f 999 1000 980
f 980 1000 961
f 1000 981 961
f 981 1001 982
f 1001 1002 982
f 982 1002 983
f 1002 1003 983
f 983 1003 984
f 1003 1004 984
f 984 1004 985
f 1004 1005 985
f 985 1005 986
f 1005 1006 986
f 986 1006 987
f 1006 1007 987
f 987 1007 988
f 1007 1008 988
f 988 1008 989
f 1008 1009 989
f 989 1009 990
f 1009 1010 990
f 990 1010 991
f 1010 1011 991
f 991 1011 992
f 1011 1012 992
f 992 1012 993
f 1012 1013 993
f 993 1013 994
f 1013 1014 994
f 994 1014 995
f 1014 1015 995
f 995 1015 996
f 1015 1016 996
f 996 1016 997
f 1016 1017 997
f 997 1017 998
f 1017 1018 998
f 998 1018 999
f 1018 1019 999
f 999 1019 1000
f 1019 1020 1000
f 1000 1020 981
f 1020 1001 981
f 1001 1021 1002
f 1021 1022 1002
f 1002 1022 1003
f 1022 1023 1003
f 1003 1023 1004
f 1023 1024 1004
f 1004 1024 1005
f 1024 1025 1005
f 1005 1025 1006
f 1025 1026 1006
f 1006 1026 1007
f 1026 1027 1007
f 1007 1027 1008
f 1027 1028 1008
f 1008 1028 1009
f 1028 1029 1009
f 1009 1029 1010
f 1029 1030 1010
f 1010 1030 1011
f 1030 1031 1011
f 1011 1031 1012
f 1031 1032 1012
f 1012 1032 1013
f 1032 1033 1013
f 1013 1033 1014
f 1033 1034 1014
f 1014 1034 1015
f 1034 1035 1015
f 1015 1035 1016
f 1035 1036 1016
f 1016 1036 1017
f 1036 1037 1017
f 1017 1037 1018
f 1037 1038 1018
f 1018 1038 1019
f 1038 1039 1019
f 1019 1039 1020
f 1039 1040 1020
f 1020 1040 1001
f 1040 1021 1001
f 1021 1041 1022
f 1041 1042 1022
f 1022 1042 1023
f 1042 1043 1023
f 1023 1043 1024
f 1043 1044 1024
f 1024 1044 1025
f 1044 1045 1025
f 1025 1045 1026
f 1045 1046 1026
f 1026 1046 1027
f 1046 1047 1027
f 1027 1047 1028
f 1047 1048 1028
f 1028 1048 1029
f 1048 1049 1029
f 1029 1049 1030
f 1049 1050 1030
f 1030 1050 1031
f 1050 1051 1031
f 1031 1051 1032
f 1051 1052 1032
f 1032 1052 1033
f 1052 1053 1033
f 1033 1053 1034
f 1053 1054 1034
f 1034 1054 1035
f 1054 1055 1035
f 1035 1055 1036
f 1055 1056 1036
f 1036 1056 1037
f 1056 1057 1037
f 1037 1057 1038
f 1057 1058 1038
f 1038 1058 1039
f 1058 1059 1039
f 1039 1059 1040
f 1059 1060 1040
f 1040 1060 1021
f 1060 1041 1021
f 1041 1061 1042
f 1061 1062 1042
f 1042 1062 1043
f 1062 1063 1043
f 1043 1063 1044
f 1063 1064 1044
f 1044 1064 1045
f 1064 1065 1045
f 1045 1065 1046
f 1065 1066 1046
f 1046 1066 1047
f 1066 1067 1047
f 1047 1067 1048
f 1067 1068 1048
f 1048 1068 1049
f 1068 1069 1049
f 1049 1069 1050
f 1069 1070 1050
f 1050 1070 1051
f 1070 1071 1051
f 1051 1071 1052
f 1071 1072 1052
f 1052 1072 1053
f 1072 1073 1053
f 1053 1073 1054
f 1073 1074 1054
f 1054 1074 1055
f 1074 1075 1055
f 1055 1075 1056
f 1075 1076 1056
f 1056 1076 1057
f 1076 1077 1057
f 1057 1077 1058
f 1077 1078 1058
f 1058 1078 1059
f 1078 1079 1059
f 1059 1079 1060
f 1079 1080 1060
f 1060 1080 1041
f 1080 1061 1041
f 1061 1081 1062
f 1081 1082 1062
f 1062 1082 1063
f 1082 1083 1063
f 1063 1083 1064
f 1083 1084 1064
f 1064 1084 1065
f 1084 1085 1065
f 1065 1085 1066
f 1085 1086 1066
f 1066 1086 1067
f 1086 1087 1067
f 1067 1087 1068
f 1087 1088 1068
f 1068 1088 1069
f 1088 1089 1069
f 1069 1089 1070
f 1089 1090 1070
f 1070 1090 1071
f 1090 1091 1071
f 1071 1091 1072
f 1091 1092 1072
f 1072 1092 1073
f 1092 1093 1073
f 1073 1093 1074
f 1093 1094 1074
f 1074 1094 1075
f 1094 1095 1075
f 1075 1095 1076
f 1095 1096 1076
f 1076 1096 1077
f 1096 1097 1077
f 1077 1097 1078
f 1097 1098 1078
f 1078 1098 1079
f 1098 1099 1079
f 1079 1099 1080
f 1099 1100 1080
f 1080 1100 1061
f 1100 1081 1061
f 1081 1101 1082
f 1101 1102 1082
f 1082 1102 1083
f 1102 1103 1083
f 1083 1103 1084
f 1103 1104 1084
f 1084 1104 1085
f 1104 1105 1085
f 1085 1105 1086
f 1105 1106 1086
f 1086 1106 1087
f 1106 1107 1087
f 1087 1107 1088
f 1107 1108 1088
f 1088 1108 1089
f 1108 1109 1089
f 1089 1109 1090
f 1109 1110 1090
f 1090 1110 1091
f 1110 1111 1091
f 1091 1111 1092
f 1111 1112 1092
f 1092 1112 1093
f 1112 1113 1093
f 1093 1113 1094
f 1113 1114 1094
f 1094 1114 1095
f 1114 1115 1095
f 1095 1115 1096
f 1115 1116 1096
f 1096 1116 1097
f 1116 1117 1097
f 1097 1117 1098
f 1117 1118 1098
f 1098 1118 1099
f 1118 1119 1099
f 1099 1119 1100
f 1119 1120 1100
f 1100 1120 1081
f 1120 1101 1081
f 1101 1121 1102
f 1121 1122 1102
f 1102 1122 1103
f 1122 1123 1103
f 1103 1123 1104
f 1123 1124 1104
f 1104 1124 1105
f 1124 1125 1105
f 1105 1125 1106
f 1125 1126 1106
f 1106 1126 1107
f 1126 1127 1107
f 1107 1127 1108
f 1127 1128 1108
f 1108 1128 1109
f 1128 1129 1109
f 1109 1129 1110
f 1129 1130 1110
f 1110 1130 1111
f 1130 1131 1111
f 1111 1131 1112
f 1131 1132 1112
f 1112 1132 1113
f 1132 1133 1113
f 1113 1133 1114
f 1133 1134 1114
f 1114 1134 1115
f 1134 1135 1115
f 1115 1135 1116
f 1135 1136 1116
f 1116 1136 1117
f 1136 1137 1117
f 1117 1137 1118
f 1137 1138 1118
f 1118 1138 1119
f 1138 1139 1119
f 1119 1139 1120
f 1139 1140 1120
f 1120 1140 1101
f 1140 1121 1101
f 1121 1141 1122
f 1141 1142 1122
f 1122 1142 1123
f 1142 1143 1123
f 1123 1143 1124
f 1143 1144 1124
f 1124 1144 1125
f 1144 1145 1125
f 1125 1145 1126
f 1145 1146 1126
f 1126 1146 1127
f 1146 1147 1127
f 1127 1147 1128
f 1147 1148 1128
f 1128 1148 1129
f 1148 1149 1129
f 1129 1149 1130
f 1149 1150 1130
f 1130 1150 1131
f 1150 1151 1131
f 1131 1151 1132
f 1151 1152 1132
f 1132 1152 1133
f 1152 1153 1133
f 1133 1153 1134
f 1153 1154 1134
f 1134 1154 1135
f 1154 1155 1135
f 1135 1155 1136
f 1155 1156 1136
f 1136 1156 1137
f 1156 1157 1137
f 1137 1157 1138
f 1157 1158 1138
f 1138 1158 1139
f 1158 1159 1139
f 1139 1159 1140
f 1159 1160 1140
f 1140 1160 1121
f 1160 1141 1121
f 1141 1161 1142
f 1161 1162 1142
f 1142 1162 1143
f 1162 1163 1143
f 1143 1163 1144
f 1163 1164 1144
f 1144 1164 1145
f 1164 1165 1145
f 1145 1165 1146
f 1165 1166 1146
f 1146 1166 1147
f 1166 1167 1147
f 1147 1167 1148
f 1167 1168 1148
f 1148 1168 1149
f 1168 1169 1149
f 1149 1169 1150
f 1169 1170 1150
f 1150 1170 1151
f 1170 1171 1151
f 1151 1171 1152
f 1171 1172 1152
f 1152 1172 1153
f 1172 1173 1153
f 1153 1173 1154
f 1173 1174 1154
f 1154 1174 1155
f 1174 1175 1155
f 1155 1175 1156
f 1175 1176 1156
f 1156 1176 1157
f 1176 1177 1157
f 1157 1177 1158
f 1177 1178 1158
f 1158 1178 1159
f 1178 1179 1159
f 1159 1179 1160
f 1179 1180 1160
f 1160 1180 1141
f 1180 1161 1141
f 1161 1181 1162
f 1181 1182 1162
f 1162 1182 1163
f 1182 1183 1163
f 1163 1183 1164
f 1183 1184 1164
f 1164 1184 1165
f 1184 1185 1165
f 1165 1185 1166
f 1185 1186 1166
f 1166 1186 1167
f 1186 1187 1167
f 1167 1187 1168
f 1187 1188 1168
f 1168 1188 1169
f 1188 1189 1169
f 1169 1189 1170
f 1189 1190 1170
f 1170 1190 1171
f 1190 1191 1171
f 1171 1191 1172
f 1191 1192 1172
f 1172 1192 1173
f 1192 1193 1173
f 1173 1193 1174
f 1193 1194 1174
f 1174 1194 1175
f 1194 1195 1175
f 1175 1195 1176
f 1195 1196 1176
f 1176 1196 1177
f 1196 1197 1177
f 1177 1197 1178
f 1197 1198 1178
f 1178 1198 1179
f 1198 1199 1179
f 1179 1199 1180
f 1199 1200 1180
f 1180 1200 1161
f 1200 1181 1161
f 1181 1201 1182
f 1201 1202 1182
f 1182 1202 1183
f 1202 1203 1183
f 1183 1203 1184
f 1203 1204 1184
f 1184 1204 1185
f 1204 1205 1185
f 1185 1205 1186
f 1205 1206 1186
f 1186 1206 1187
f 1206 1207 1187
f 1187 1207 1188
f 1207 1208 1188
f 1188 1208 1189
f 1208 1209 1189
f 1189 1209 1190
f 1209 1210 1190
f 1190 1210 1191
f 1210 1211 1191
f 1191 1211 1192
f 1211 1212 1192
f 1192 1212 1193
f 1212 1213 1193
f 1193 1213 1194
f 1213 1214 1194
f 1194 1214 1195
f 1214 1215 1195
f 1195 1215 1196
f 1215 1216 1196
f 1196 1216 1197
f 1216 1217 1197
f 1197 1217 1198
f 1217 1218 1198
f 1198 1218 1199
f 1218 1219 1199
f 1199 1219 1200
f 1219 1220 1200
f 1200 1220 1181
f 1220 1201 1181
f 1201 1221 1202
f 1221 1222 1202
f 1202 1222 1203
f 1222 1223 1203
f 1203 1223 1204
f 1223 1224 1204
f 1204 1224 1205
f 1224 1225 1205
f 1205 1225 1206
f 1225 1226 1206
f 1206 1226 1207
f 1226 1227 1207
f 1207 1227 1208
f 1227 1228 1208
f 1208 1228 1209
f 1228 1229 1209
f 1209 1229 1210
f 1229 1230 1210
f 1210 1230 1211
f 1230 1231 1211
f 1211 1231 1212
f 1231 1232 1212
f 1212 1232 1213
f 1232 1233 1213
f 1213 1233 1214
f 1233 1234 1214
f 1214 1234 1215
f 1234 1235 1215
f 1215 1235 1216
f 1235 1236 1216
f 1216 1236 1217
f 1236 1237 1217
f 1217 1237 1218
f 1237 1238 1218
f 1218 1238 1219
f 1238 1239 1219
f 1219 1239 1220
f 1239 1240 1220
f 1220 1240 1201
f 1240 1221 1201
f 1221 1241 1222
f 1241 1242 1222
f 1222 1242 1223
f 1242 1243 1223
f 1223 1243 1224
f 1243 1244 1224
f 1224 1244 1225
f 1244 1245 1225
f 1225 1245 1226
f 1245 1246 1226
f 1226 1246 1227
f 1246 1247 1227
f 1227 1247 1228
f 1247 1248 1228
f 1228 1248 1229
f 1248 1249 1229
f 1229 1249 1230
f 1249 1250 1230
f 1230 1250 1231
f 1250 1251 1231
f 1231 1251 1232
f 1251 1252 1232
f 1232 1252 1233
f 1252 1253 1233
f 1233 1253 1234
f 1253 1254 1234
f 1234 1254 1235
f 1254 1255 1235
f 1235 1255 1236
f 1255 1256 1236
f 1236 1256 1237
f 1256 1257 1237
f 1237 1257 1238
f 1257 1258 1238
f 1238 1258 1239
f 1258 1259 1239
f 1239 1259 1240
f 1259 1260 1240
f 1240 1260 1221
f 1260 1241 1221
f 1241 1261 1242
f 1261 1262 1242
f 1242 1262 1243
f 1262 1263 1243
f 1243 1263 1244
f 1263 1264 1244
f 1244 1264 1245
f 1264 1265 1245
f 1245 1265 1246
f 1265 1266 1246
f 1246 1266 1247
f 1266 1267 1247
f 1247 1267 1248
f 1267 1268 1248
f 1248 1268 1249
f 1268 1269 1249
f 1249 1269 1250
f 1269 1270 1250
f 1250 1270 1251
f 1270 1271 1251
f 1251 1271 1252
f 1271 1272 1252
f 1252 1272 1253
f 1272 1273 1253
f 1253 1273 1254
f 1273 1274 1254
f 1254 1274 1255
f 1274 1275 1255
f 1255 1275 1256
f 1275 1276 1256
f 1256 1276 1257
f 1276 1277 1257
f 1257 1277 1258
f 1277 1278 1258
f 1258 1278 1259
f 1278 1279 1259
f 1259 1279 1260
f 1279 1280 1260
f 1260 1280 1241
f 1280 1261 1241
f 1261 1281 1262
f 1281 1282 1262
f 1262 1282 1263
f 1282 1283 1263
f 1263 1283 1264
f 1283 1284 1264
f 1264 1284 1265
f 1284 1285 1265
f 1265 1285 1266
f 1285 1286 1266
f 1266 1286 1267
f 1286 1287 1267
f 1267 1287 1268
f 1287 1288 1268
f 1268 1288 1269
f 1288 1289 1269
f 1269 1289 1270
f 1289 1290 1270
f 1270 1290 1271
f 1290 1291 1271
f 1271 1291 1272
f 1291 1292 1272
f 1272 1292 1273
f 1292 1293 1273
f 1273 1293 1274
f 1293 1294 1274
f 1274 1294 1275
f 1294 1295 1275
f 1275 1295 1276
f 1295 1296 1276
f 1276 1296 1277
f 1296 1297 1277
f 1277 1297 1278
f 1297 1298 1278
f 1278 1298 1279
f 1298 1299 1279
f 1279 1299 1280
f 1299 1300 1280
f 1280 1300 1261
f 1300 1281 1261
f 1281 1301 1282
f 1301 1302 1282
f 1282 1302 1283
f 1302 1303 1283
f 1283 1303 1284
f 1303 1304 1284
f 1284 1304 1285
f 1304 1305 1285
f 1285 1305 1286
f 1305 1306 1286
f 1286 1306 1287
f 1306 1307 1287
f 1287 1307 1288
f 1307 1308 1288
f 1288 1308 1289
f 1308 1309 1289
f 1289 1309 1290
f 1309 1310 1290
f 1290 1310 1291
f 1310 1311 1291
f 1291 1311 1292
f 1311 1312 1292
f 1292 1312 1293
f 1312 1313 1293
f 1293 1313 1294
f 1313 1314 1294
f 1294 1314 1295
f 1314 1315 1295
f 1295 1315 1296
f 1315 1316 1296
f 1296 1316 1297
f 1316 1317 1297
f 1297 1317 1298
f 1317 1318 1298
f 1298 1318 1299
f 1318 1319 1299
f 1299 1319 1300
f 1319 1320 1300
f 1300 1320 1281
f 1320 1301 1281
f 1301 1321 1302
f 1321 1322 1302
f 1302 1322 1303
f 1322 1323 1303
f 1303 1323 1304
f 1323 1324 1304
f 1304 1324 1305
f 1324 1325 1305
f 1305 1325 1306
f 1325 1326 1306
f 1306 1326 1307
f 1326 1327 1307
f 1307 1327 1308
f 1327 1328 1308
f 1308 1328 1309
f 1328 1329 1309
f 1309 1329 1310
f 1329 1330 1310
f 1310 1330 1311
f 1330 1331 1311
f 1311 1331 1312
f 1331 1332 1312
f 1312 1332 1313
f 1332 1333 1313
f 1313 1333 1314
f 1333 1334 1314
f 1314 1334 1315
f 1334 1335 1315
f 1315 1335 1316
f 1335 1336 1316
f 1316 1336 1317
f 1336 1337 1317
f 1317 1337 1318
f 1337 1338 1318
f 1318 1338 1319
f 1338 1339 1319
f 1319 1339 1320
f 1339 1340 1320
f 1320 1340 1301
f 1340 1321 1301
f 1321 1341 1322
f 1341 1342 1322
f 1322 1342 1323
f 1342 1343 1323
f 1323 1343 1324
f 1343 1344 1324
f 1324 1344 1325
f 1344 1345 1325
f 1325 1345 1326
f 1345 1346 1326
f 1326 1346 1327
f 1346 1347 1327
f 1327 1347 1328
f 1347 1348 1328
f 1328 1348 1329
f 1348 1349 1329
f 1329 1349 1330
f 1349 1350 1330
f 1330 1350 1331
f 1350 1351 1331
f 1331 1351 1332
f 1351 1352 1332
f 1332 1352 1333
f 1352 1353 1333
f 1333 1353 1334
f 1353 1354 1334
f 1334 1354 1335
f 1354 1355 1335
f 1335 1355 1336
f 1355 1356 1336
f 1336 1356 1337
f 1356 1357 1337
f 1337 1357 1338
f 1357 1358 1338
f 1338 1358 1339
f 1358 1359 1339
f 1339 1359 1340
f 1359 1360 1340
f 1340 1360 1321
f 1360 1341 1321
f 1341 1361 1342
f 1361 1362 1342
f 1342 1362 1343
f 1362 1363 1343
f 1343 1363 1344
f 1363 1364 1344
f 1344 1364 1345
f 1364 1365 1345
f 1345 1365 1346
f 1365 1366 1346
f 1346 1366 1347
f 1366 1367 1347
f 1347 1367 1348
f 1367 1368 1348
f 1348 1368 1349
f 1368 1369 1349
f 1349 1369 1350
f 1369 1370 1350
f 1350 1370 1351
f 1370 1371 1351
f 1351 1371 1352
f 1371 1372 1352
f 1352 1372 1353
f 1372 1373 1353
f 1353 1373 1354
f 1373 1374 1354
f 1354 1374 1355
f 1374 1375 1355
f 1355 1375 1356
f 1375 1376 1356
f 1356 1376 1357
f 1376 1377 1357
f 1357 1377 1358
f 1377 1378 1358
f 1358 1378 1359
f 1378 1379 1359
f 1359 1379 1360
f 1379 1380 1360
f 1360 1380 1341
f 1380 1361 1341
f 1361 1381 1362
f 1381 1382 1362
f 1362 1382 1363
f 1382 1383 1363
f 1363 1383 1364
f 1383 1384 1364
f 1364 1384 1365
f 1384 1385 1365
f 1365 1385 1366
f 1385 1386 1366
f 1366 1386 1367
f 1386 1387 1367
f 1367 1387 1368
f 1387 1388 1368
f 1368 1388 1369
f 1388 1389 1369
f 1369 1389 1370
f 1389 1390 1370
f 1370 1390 1371
f 1390 1391 1371
f 1371 1391 1372
f 1391 1392 1372
f 1372 1392 1373
f 1392 1393 1373
f 1373 1393 1374
f 1393 1394 1374
f 1374 1394 1375
f 1394 1395 1375
f 1375 1395 1376
f 1395 1396 1376
f 1376 1396 1377
f 1396 1397 1377
f 1377 1397 1378
f 1397 1398 1378
f 1378 1398 1379
f 1398 1399 1379
f 1379 1399 1380
f 1399 1400 1380
f 1380 1400 1361
f 1400 1381 1361
f 1381 1401 1382
f 1401 1402 1382
f 1382 1402 1383
f 1402 1403 1383
f 1383 1403 1384
f 1403 1404 1384
f 1384 1404 1385
f 1404 1405 1385
f 1385 1405 1386
f 1405 1406 1386
f 1386 1406 1387
f 1406 1407 1387
f 1387 1407 1388
f 1407 1408 1388
f 1388 1408 1389
f 1408 1409 1389
f 1389 1409 1390
f 1409 1410 1390
f 1390 1410 1391
f 1410 1411 1391
f 1391 1411 1392
f 1411 1412 1392
f 1392 1412 1393
f 1412 1413 1393
f 1393 1413 1394
f 1413 1414 1394
f 1394 1414 1395
f 1414 1415 1395
f 1395 1415 1396
f 1415 1416 1396
f 1396 1416 1397
f 1416 1417 1397
f 1397 1417 1398
f 1417 1418 1398
f 1398 1418 1399
f 1418 1419 1399
f 1399 1419 1400
f 1419 1420 1400
f 1400 1420 1381
f 1420 1401 1381
f 1401 1421 1402
f 1421 1422 1402
f 1402 1422 1403
f 1422 1423 1403
f 1403 1423 1404
f 1423 1424 1404
f 1404 1424 1405
f 1424 1425 1405
f 1405 1425 1406
f 1425 1426 1406
f 1406 1426 1407
f 1426 1427 1407
f 1407 1427 1408
f 1427 1428 1408
f 1408 1428 1409
f 1428 1429 1409
f 1409 1429 1410
f 1429 1430 1410
f 1410 1430 1411
f 1430 1431 1411
f 1411 1431 1412
f 1431 1432 1412
f 1412 1432 1413
f 1432 1433 1413
f 1413 1433 1414
f 1433 1434 1414
f 1414 1434 1415
f 1434 1435 1415
f 1415 1435 1416
f 1435 1436 1416
f 1416 1436 1417
f 1436 1437 1417
f 1417 1437 1418
f 1437 1438 1418
f 1418 1438 1419
f 1438 1439 1419
f 1419 1439 1420
f 1439 1440 1420
f 1420 1440 1401
f 1440 1421 1401
f 1421 1441 1422
f 1441 1442 1422
f 1422 1442 1423
f 1442 1443 1423
f 1423 1443 1424
f 1443 1444 1424
f 1424 1444 1425
f 1444 1445 1425
f 1425 1445 1426
f 1445 1446 1426
f 1426 1446 1427
f 1446 1447 1427
f 1427 1447 1428
f 1447 1448 1428
f 1428 1448 1429
f 1448 1449 1429
f 1429 1449 1430
f 1449 1450 1430
f 1430 1450 1431
f 1450 1451 1431
f 1431 1451 1432
f 1451 1452 1432
f 1432 1452 1433
f 1452 1453 1433
f 1433 1453 1434
f 1453 1454 1434
f 1434 1454 1435
f 1454 1455 1435
f 1435 1455 1436
f 1455 1456 1436
f 1436 1456 1437
f 1456 1457 1437
f 1437 1457 1438
f 1457 1458 1438
f 1438 1458 1439
f 1458 1459 1439
f 1439 1459 1440
f 1459 1460 1440
f 1440 1460 1421
f 1460 1441 1421
f 1441 1461 1442
f 1461 1462 1442
f 1442 1462 1443
f 1462 1463 1443
f 1443 1463 1444
f 1463 1464 1444
f 1444 1464 1445
f 1464 1465 1445
f 1445 1465 1446
f 1465 1466 1446
f 1446 1466 1447
f 1466 1467 1447
f 1447 1467 1448
f 1467 1468 1448
f 1448 1468 1449
f 1468 1469 1449
f 1449 1469 1450
f 1469 1470 1450
f 1450 1470 1451
f 1470 1471 1451
f 1451 1471 1452
f 1471 1472 1452
f 1452 1472 1453
f 1472 1473 1453
f 1453 1473 1454
f 1473 1474 1454
f 1454 1474 1455
f 1474 1475 1455
f 1455 1475 1456
f 1475 1476 1456
f 1456 1476 1457
f 1476 1477 1457
f 1457 1477 1458
f 1477 1478 1458
f 1458 1478 1459
f 1478 1479 1459
f 1459 1479 1460
f 1479 1480 1460
f 1460 1480 1441
f 1480 1461 1441
f 1461 1481 1462
f 1481 1482 1462
f 1462 1482 1463
f 1482 1483 1463
f 1463 1483 1464
f 1483 1484 1464
f 1464 1484 1465
f 1484 1485 1465
f 1465 1485 1466
f 1485 1486 1466
f 1466 1486 1467
f 1486 1487 1467
f 1467 1487 1468
f 1487 1488 1468
f 1468 1488 1469
f 1488 1489 1469
f 1469 1489 1470
f 1489 1490 1470
f 1470 1490 1471
f 1490 1491 1471
f 1471 1491 1472
f 1491 1492 1472
f 1472 1492 1473
f 1492 1493 1473
f 1473 1493 1474
f 1493 1494 1474
f 1474 1494 1475
f 1494 1495 1475
f 1475 1495 1476
f 1495 1496 1476
f 1476 1496 1477
f 1496 1497 1477
f 1477 1497 1478
f 1497 1498 1478
f 1478 1498 1479
f 1498 1499 1479
f 1479 1499 1480
f 1499 1500 1480
f 1480 1500 1461
f 1500 1481 1461
f 1481 1501 1482
f 1501 1502 1482
f 1482 1502 1483
f 1502 1503 1483
f 1483 1503 1484
f 1503 1504 1484
f 1484 1504 1485
f 1504 1505 1485
f 1485 1505 1486
f 1505 1506 1486
f 1486 1506 1487
f 1506 1507 1487
f 1487 1507 1488
f 1507 1508 1488
f 1488 1508 1489
f 1508 1509 1489
f 1489 1509 1490
f 1509 1510 1490
f 1490 1510 1491
f 1510 1511 1491
f 1491 1511 1492
f 1511 1512 1492
f 1492 1512 1493
f 1512 1513 1493
f 1493 1513 1494
f 1513 1514 1494
f 1494 1514 1495
f 1514 1515 1495
f 1495 1515 1496
f 1515 1516 1496
f 1496 1516 1497
f 1516 1517 1497
f 1497 1517 1498
f 1517 1518 1498
f 1498 1518 1499
f 1518 1519 1499
f 1499 1519 1500
f 1519 1520 1500
f 1500 1520 1481
f 1520 1501 1481
f 1501 1521 1502
f 1521 1522 1502
f 1502 1522 1503
f 1522 1523 1503
f 1503 1523 1504
f 1523 1524 1504
f 1504 1524 1505
f 1524 1525 1505
f 1505 1525 1506
f 1525 1526 1506
f 1506 1526 1507
f 1526 1527 1507
f 1507 1527 1508
f 1527 1528 1508
f 1508 1528 1509
f 1528 1529 1509
f 1509 1529 1510
f 1529 1530 1510
f 1510 1530 1511
f 1530 1531 1511
f 1511 1531 1512
f 1531 1532 1512
f 1512 1532 1513
f 1532 1533 1513
f 1513 1533 1514
f 1533 1534 1514
f 1514 1534 1515
f 1534 1535 1515
f 1515 1535 1516
f 1535 1536 1516
f 1516 1536 1517
f 1536 1537 1517
f 1517 1537 1518
f 1537 1538 1518
f 1518 1538 1519
f 1538 1539 1519
f 1519 1539 1520
f 1539 1540 1520
f 1520 1540 1501
f 1540 1521 1501
f 1521 1541 1522
f 1541 1542 1522
f 1522 1542 1523
f 1542 1543 1523
f 1523 1543 1524
f 1543 1544 1524
f 1524 1544 1525
f 1544 1545 1525
f 1525 1545 1526
f 1545 1546 1526
f 1526 1546 1527
f 1546 1547 1527
f 1527 1547 1528
f 1547 1548 1528
f 1528 1548 1529
f 1548 1549 1529
f 1529 1549 1530
f 1549 1550 1530
f 1530 1550 1531
f 1550 1551 1531
f 1531 1551 1532
f 1551 1552 1532
f 1532 1552 1533
f 1552 1553 1533
f 1533 1553 1534
f 1553 1554 1534
f 1534 1554 1535
f 1554 1555 1535
f 1535 1555 1536
f 1555 1556 1536
f 1536 1556 1537
f 1556 1557 1537
f 1537 1557 1538
f 1557 1558 1538
f 1538 1558 1539
f 1558 1559 1539
f 1539 1559 1540
f 1559 1560 1540
f 1540 1560 1521
f 1560 1541 1521
f 1541 1561 1542
f 1561 1562 1542
f 1542 1562 1543
f 1562 1563 1543
f 1543 1563 1544
f 1563 1564 1544
f 1544 1564 1545
f 1564 1565 1545
f 1545 1565 1546
f 1565 1566 1546
f 1546 1566 1547
f 1566 1567 1547
f 1547 1567 1548
f 1567 1568 1548
f 1548 1568 1549
f 1568 1569 1549
f 1549 1569 1550
f 1569 1570 1550
f 1550 1570 1551
f 1570 1571 1551
f 1551 1571 1552
f 1571 1572 1552
f 1552 1572 1553
f 1572 1573 1553
f 1553 1573 1554
f 1573 1574 1554
f 1554 1574 1555
f 1574 1575 1555
f 1555 1575 1556
f 1575 1576 1556
f 1556 1576 1557
f 1576 1577 1557
f 1557 1577 1558
f 1577 1578 1558
f 1558 1578 1559
f 1578 1579 1559
f 1559 1579 1560
f 1579 1580 1560
f 1560 1580 1541
f 1580 1561 1541
f 1561 1581 1562
f 1581 1582 1562
f 1562 1582 1563
f 1582 1583 1563
f 1563 1583 1564
f 1583 1584 1564
f 1564 1584 1565
f 1584 1585 1565
f 1565 1585 1566
f 1585 1586 1566
f 1566 1586 1567
f 1586 1587 1567
f 1567 1587 1568
f 1587 1588 1568
f 1568 1588 1569
f 1588 1589 1569
f 1569 1589 1570
f 1589 1590 1570
f 1570 1590 1571
f 1590 1591 1571
f 1571 1591 1572
f 1591 1592 1572
f 1572 1592 1573
f 1592 1593 1573
f 1573 1593 1574
f 1593 1594 1574
f 1574 1594 1575
f 1594 1595 1575
f 1575 1595 1576
f 1595 1596 1576
f 1576 1596 1577
f 1596 1597 1577
f 1577 1597 1578
f 1597 1598 1578
f 1578 1598 1579
f 1598 1599 1579
f 1579 1599 1580
f 1599 1600 1580
f 1580 1600 1561
f 1600 1581 1561
f 1581 1601 1582
f 1601 1602 1582
f 1582 1602 1583
f 1602 1603 1583
f 1583 1603 1584
f 1603 1604 1584
f 1584 1604 1585
f 1604 1605 1585
f 1585 1605 1586
f 1605 1606 1586
f 1586 1606 1587
f 1606 1607 1587
f 1587 1607 1588
f 1607 1608 1588
f 1588 1608 1589
f 1608 1609 1589
f 1589 1609 1590
f 1609 1610 1590
f 1590 1610 1591
f 1610 1611 1591
f 1591 1611 1592
f 1611 1612 1592
f 1592 1612 1593
f 1612 1613 1593
f 1593 1613 1594
f 1613 1614 1594
f 1594 1614 1595
f 1614 1615 1595
f 1595 1615 1596
f 1615 1616 1596
f 1596 1616 1597
f 1616 1617 1597
f 1597 1617 1598
f 1617 1618 1598
f 1598 1618 1599
f 1618 1619 1599
f 1599 1619 1600
f 1619 1620 1600
f 1600 1620 1581
f 1620 1601 1581
f 1601 1621 1602
f 1621 1622 1602
f 1602 1622 1603
f 1622 1623 1603
f 1603 1623 1604
f 1623 1624 1604
f 1604 1624 1605
f 1624 1625 1605
f 1605 1625 1606
f 1625 1626 1606
f 1606 1626 1607
f 1626 1627 1607
f 1607 1627 1608
f 1627 1628 1608
f 1608 1628 1609
f 1628 1629 1609
f 1609 1629 1610
f 1629 1630 1610
f 1610 1630 1611
f 1630 1631 1611
f 1611 1631 1612
f 1631 1632 1612
f 1612 1632 1613
f 1632 1633 1613
f 1613 1633 1614
f 1633 1634 1614
f 1614 1634 1615
f 1634 1635 1615
f 1615 1635 1616
f 1635 1636 1616
f 1616 1636 1617
f 1636 1637 1617
f 1617 1637 1618
f 1637 1638 1618
f 1618 1638 1619
f 1638 1639 1619
f 1619 1639 1620
f 1639 1640 1620
f 1620 1640 1601
f 1640 1621 1601
f 1621 1641 1622
f 1641 1642 1622
f 1622 1642 1623
f 1642 1643 1623
f 1623 1643 1624
f 1643 1644 1624
f 1624 1644 1625
f 1644 1645 1625
f 1625 1645 1626
f 1645 1646 1626
f 1626 1646 1627
f 1646 1647 1627
f 1627 1647 1628
f 1647 1648 1628
f 1628 1648 1629
f 1648 1649 1629
f 1629 1649 1630
f 1649 1650 1630
f 1630 1650 1631
f 1650 1651 1631
f 1631 1651 1632
f 1651 1652 1632
f 1632 1652 1633
f 1652 1653 1633
f 1633 1653 1634
f 1653 1654 1634
f 1634 1654 1635
f 1654 1655 1635
f 1635 1655 1636
f 1655 1656 1636
f 1636 1656 1637
f 1656 1657 1637
f 1637 1657 1638
f 1657 1658 1638
f 1638 1658 1639
f 1658 1659 1639
f 1639 1659 1640
f 1659 1660 1640
f 1640 1660 1621
f 1660 1641 1621
f 1641 1661 1642
f 1661 1662 1642
f 1642 1662 1643
f 1662 1663 1643
f 1643 1663 1644
f 1663 1664 1644
f 1644 1664 1645
f 1664 1665 1645
f 1645 1665 1646
f 1665 1666 1646
f 1646 1666 1647
f 1666 1667 1647
f 1647 1667 1648
f 1667 1668 1648
f 1648 1668 1649
f 1668 1669 1649
f 1649 1669 1650
f 1669 1670 1650
f 1650 1670 1651
f 1670 1671 1651
f 1651 1671 1652
f 1671 1672 1652
f 1652 1672 1653
f 1672 1673 1653
f 1653 1673 1654
f 1673 1674 1654
f 1654 1674 1655
f 1674 1675 1655
f 1655 1675 1656
f 1675 1676 1656
f 1656 1676 1657
f 1676 1677 1657
f 1657 1677 1658
f 1677 1678 1658
f 1658 1678 1659
f 1678 1679 1659
f 1659 1679 1660
f 1679 1680 1660
f 1660 1680 1641
f 1680 1661 1641
f 1661 1681 1662
f 1681 1682 1662
f 1662 1682 1663
f 1682 1683 1663
f 1663 1683 1664
f 1683 1684 1664
f 1664 1684 1665
f 1684 1685 1665
f 1665 1685 1666
f 1685 1686 1666
f 1666 1686 1667
f 1686 1687 1667
f 1667 1687 1668
f 1687 1688 1668
f 1668 1688 1669
f 1688 1689 1669
f 1669 1689 1670
f 1689 1690 1670
f 1670 1690 1671
f 1690 1691 1671
f 1671 1691 1672
f 1691 1692 1672
f 1672 1692 1673
f 1692 1693 1673
f 1673 1693 1674
f 1693 1694 1674
f 1674 1694 1675
f 1694 1695 1675
f 1675 1695 1676
f 1695 1696 1676
f 1676 1696 1677
f 1696 1697 1677
f 1677 1697 1678
f 1697 1698 1678
f 1678 1698 1679
f 1698 1699 1679
f 1679 1699 1680
f 1699 1700 1680
f 1680 1700 1661
f 1700 1681 1661
f 1681 1701 1682
f 1701 1702 1682
f 1682 1702 1683
f 1702 1703 1683
f 1683 1703 1684
f 1703 1704 1684
f 1684 1704 1685
f 1704 1705 1685
f 1685 1705 1686
f 1705 1706 1686
f 1686 1706 1687
f 1706 1707 1687
f 1687 1707 1688
f 1707 1708 1688
f 1688 1708 1689
f 1708 1709 1689
f 1689 1709 1690
f 1709 1710 1690
f 1690 1710 1691
f 1710 1711 1691
f 1691 1711 1692
f 1711 1712 1692
f 1692 1712 1693
f 1712 1713 1693
f 1693 1713 1694
f 1713 1714 1694
f 1694 1714 1695
f 1714 1715 1695
f 1695 1715 1696
f 1715 1716 1696
f 1696 1716 1697
f 1716 1717 1697
f 1697 1717 1698
f 1717 1718 1698
f 1698 1718 1699
f 1718 1719 1699
f 1699 1719 1700
f 1719 1720 1700
f 1700 1720 1681
f 1720 1701 1681
f 1701 1721 1702
f 1721 1722 1702
f 1702 1722 1703
f 1722 1723 1703
f 1703 1723 1704
f 1723 1724 1704
f 1704 1724 1705
f 1724 1725 1705
f 1705 1725 1706
f 1725 1726 1706
f 1706 1726 1707
f 1726 1727 1707
f 1707 1727 1708
f 1727 1728 1708
f 1708 1728 1709
f 1728 1729 1709
f 1709 1729 1710
f 1729 1730 1710
f 1710 1730 1711
f 1730 1731 1711
f 1711 1731 1712
f 1731 1732 1712
f 1712 1732 1713
f 1732 1733 1713
f 1713 1733 1714
f 1733 1734 1714
f 1714 1734 1715
f 1734 1735 1715
f 1715 1735 1716
f 1735 1736 1716
f 1716 1736 1717
f 1736 1737 1717
f 1717 1737 1718
f 1737 1738 1718
f 1718 1738 1719
f 1738 1739 1719
f 1719 1739 1720
f 1739 1740 1720
f 1720 1740 1701
f 1740 1721 1701
f 1721 1741 1722
f 1741 1742 1722
f 1722 1742 1723
f 1742 1743 1723
f 1723 1743 1724
f 1743 1744 1724
f 1724 1744 1725
f 1744 1745 1725
f 1725 1745 1726
f 1745 1746 1726
f 1726 1746 1727
f 1746 1747 1727
f 1727 1747 1728
f 1747 1748 1728
f 1728 1748 1729
f 1748 1749 1729
f 1729 1749 1730
f 1749 1750 1730
f 1730 1750 1731
f 1750 1751 1731
f 1731 1751 1732
f 1751 1752 1732
f 1732 1752 1733
f 1752 1753 1733
f 1733 1753 1734
f 1753 1754 1734
f 1734 1754 1735
f 1754 1755 1735
f 1735 1755 1736
f 1755 1756 1736
f 1736 1756 1737
f 1756 1757 1737
f 1737 1757 1738
f 1757 1758 1738
f 1738 1758 1739
f 1758 1759 1739
f 1739 1759 1740
f 1759 1760 1740
f 1740 1760 1721
f 1760 1741 1721
f 1741 1761 1742
f 1761 1762 1742
f 1742 1762 1743
f 1762 1763 1743
f 1743 1763 1744
f 1763 1764 1744
f 1744 1764 1745
f 1764 1765 1745
f 1745 1765 1746
f 1765 1766 1746
f 1746 1766 1747
f 1766 1767 1747
f 1747 1767 1748
f 1767 1768 1748
f 1748 1768 1749
f 1768 1769 1749
f 1749 1769 1750
f 1769 1770 1750
f 1750 1770 1751
f 1770 1771 1751
f 1751 1771 1752
f 1771 1772 1752
f 1752 1772 1753
f 1772 1773 1753
f 1753 1773 1754
f 1773 1774 1754
f 1754 1774 1755
f 1774 1775 1755
f 1755 1775 1756
f 1775 1776 1756
f 1756 1776 1757
f 1776 1777 1757
f 1757 1777 1758
f 1777 1778 1758
f 1758 1778 1759
f 1778 1779 1759
f 1759 1779 1760
f 1779 1780 1760
f 1760 1780 1741
f 1780 1761 1741
f 1761 1781 1762
f 1781 1782 1762
f 1762 1782 1763
f 1782 1783 1763
f 1763 1783 1764
f 1783 1784 1764
f 1764 1784 1765
f 1784 1785 1765
f 1765 1785 1766
f 1785 1786 1766
f 1766 1786 1767
f 1786 1787 1767
f 1767 1787 1768
f 1787 1788 1768
f 1768 1788 1769
f 1788 1789 1769
f 1769 1789 1770
f 1789 1790 1770
f 1770 1790 1771
f 1790 1791 1771
f 1771 1791 1772
f 1791 1792 1772
f 1772 1792 1773
f 1792 1793 1773
f 1773 1793 1774
f 1793 1794 1774
f 1774 1794 1775
f 1794 1795 1775
f 1775 1795 1776
f 1795 1796 1776
f 1776 1796 1777
f 1796 1797 1777
f 1777 1797 1778
f 1797 1798 1778
f 1778 1798 1779
f 1798 1799 1779
f 1779 1799 1780
f 1799 1800 1780
f 1780 1800 1761
f 1800 1781 1761
f 1781 1801 1782
f 1801 1802 1782
f 1782 1802 1783
f 1802 1803 1783
f 1783 1803 1784
f 1803 1804 1784
f 1784 1804 1785
f 1804 1805 1785
f 1785 1805 1786
f 1805 1806 1786
f 1786 1806 1787
f 1806 1807 1787
f 1787 1807 1788
f 1807 1808 1788
f 1788 1808 1789
f 1808 1809 1789
f 1789 1809 1790
f 1809 1810 1790
f 1790 1810 1791
f 1810 1811 1791
f 1791 1811 1792
f 1811 1812 1792
f 1792 1812 1793
f 1812 1813 1793
f 1793 1813 1794
f 1813 1814 1794
f 1794 1814 1795
f 1814 1815 1795
f 1795 1815 1796
f 1815 1816 1796
f 1796 1816 1797
f 1816 1817 1797
f 1797 1817 1798
f 1817 1818 1798
f 1798 1818 1799
f 1818 1819 1799
f 1799 1819 1800
f 1819 1820 1800
f 1800 1820 1781
f 1820 1801 1781
f 1801 1821 1802
f 1821 1822 1802
f 1802 1822 1803
f 1822 1823 1803
f 1803 1823 1804
f 1823 1824 1804
f 1804 1824 1805
f 1824 1825 1805
f 1805 1825 1806
f 1825 1826 1806
f 1806 1826 1807
f 1826 1827 1807
f 1807 1827 1808
f 1827 1828 1808
f 1808 1828 1809
f 1828 1829 1809
f 1809 1829 1810
f 1829 1830 1810
f 1810 1830 1811
f 1830 1831 1811
f 1811 1831 1812
f 1831 1832 1812
f 1812 1832 1813
f 1832 1833 1813
f 1813 1833 1814
f 1833 1834 1814
f 1814 1834 1815
f 1834 1835 1815
f 1815 1835 1816
f 1835 1836 1816
f 1816 1836 1817
f 1836 1837 1817
f 1817 1837 1818
f 1837 1838 1818
f 1818 1838 1819
f 1838 1839 1819
f 1819 1839 1820
f 1839 1840 1820
f 1820 1840 1801
f 1840 1821 1801
f 1821 1841 1822
f 1841 1842 1822
f 1822 1842 1823
f 1842 1843 1823
f 1823 1843 1824
f 1843 1844 1824
f 1824 1844 1825
f 1844 1845 1825
f 1825 1845 1826
f 1845 1846 1826
f 1826 1846 1827
f 1846 1847 1827
f 1827 1847 1828
f 1847 1848 1828
f 1828 1848 1829
f 1848 1849 1829
f 1829 1849 1830
f 1849 1850 1830
f 1830 1850 1831
f 1850 1851 1831
f 1831 1851 1832
f 1851 1852 1832
f 1832 1852 1833
f 1852 1853 1833
f 1833 1853 1834
f 1853 1854 1834
f 1834 1854 1835
f 1854 1855 1835
f 1835 1855 1836
f 1855 1856 1836
f 1836 1856 1837
f 1856 1857 1837
f 1837 1857 1838
f 1857 1858 1838
f 1838 1858 1839
f 1858 1859 1839
f 1839 1859 1840
f 1859 1860 1840
f 1840 1860 1821
f 1860 1841 1821
f 1841 1861 1842
f 1861 1862 1842
f 1842 1862 1843
f 1862 1863 1843
f 1843 1863 1844
f 1863 1864 1844
f 1844 1864 1845
f 1864 1865 1845
f 1845 1865 1846
f 1865 1866 1846
f 1846 1866 1847
f 1866 1867 1847
f 1847 1867 1848
f 1867 1868 1848
f 1848 1868 1849
f 1868 1869 1849
f 1849 1869 1850
f 1869 1870 1850
f 1850 1870 1851
f 1870 1871 1851
f 1851 1871 1852
f 1871 1872 1852
f 1852 1872 1853
f 1872 1873 1853
f 1853 1873 1854
f 1873 1874 1854
f 1854 1874 1855
f 1874 1875 1855
f 1855 1875 1856
f 1875 1876 1856
f 1856 1876 1857
f 1876 1877 1857
f 1857 1877 1858
f 1877 1878 1858
f 1858 1878 1859
f 1878 1879 1859
f 1859 1879 1860
f 1879 1880 1860
f 1860 1880 1841
f 1880 1861 1841
f 1861 1881 1862
f 1881 1882 1862
f 1862 1882 1863
f 1882 1883 1863
f 1863 1883 1864
f 1883 1884 1864
f 1864 1884 1865
f 1884 1885 1865
f 1865 1885 1866
f 1885 1886 1866
f 1866 1886 1867
f 1886 1887 1867
f 1867 1887 1868
f 1887 1888 1868
f 1868 1888 1869
f 1888 1889 1869
f 1869 1889 1870
f 1889 1890 1870
f 1870 1890 1871
f 1890 1891 1871
f 1871 1891 1872
f 1891 1892 1872
f 1872 1892 1873
f 1892 1893 1873
f 1873 1893 1874
f 1893 1894 1874
f 1874 1894 1875
f 1894 1895 1875
f 1875 1895 1876
f 1895 1896 1876
f 1876 1896 1877
f 1896 1897 1877
f 1877 1897 1878
f 1897 1898 1878
f 1878 1898 1879
f 1898 1899 1879
f 1879 1899 1880
f 1899 1900 1880
f 1880 1900 1861
f 1900 1881 1861
f 1881 1901 1882
f 1901 1902 1882
f 1882 1902 1883
f 1902 1903 1883
f 1883 1903 1884
f 1903 1904 1884
f 1884 1904 1885
f 1904 1905 1885
f 1885 1905 1886
f 1905 1906 1886
f 1886 1906 1887
f 1906 1907 1887
f 1887 1907 1888
f 1907 1908 1888
f 1888 1908 1889
f 1908 1909 1889
f 1889 1909 1890
f 1909 1910 1890
f 1890 1910 1891
f 1910 1911 1891
f 1891 1911 1892
f 1911 1912 1892
f 1892 1912 1893
f 1912 1913 1893
f 1893 1913 1894
f 1913 1914 1894
f 1894 1914 1895
f 1914 1915 1895
f 1895 1915 1896
f 1915 1916 1896
f 1896 1916 1897
f 1916 1917 1897
f 1897 1917 1898
f 1917 1918 1898
f 1898 1918 1899
f 1918 1919 1899
f 1899 1919 1900
f 1919 1920 1900
f 1900 1920 1881
f 1920 1901 1881
f 1901 1921 1902
f 1921 1922 1902
f 1902 1922 1903
f 1922 1923 1903
f 1903 1923 1904
f 1923 1924 1904
f 1904 1924 1905
f 1924 1925 1905
f 1905 1925 1906
f 1925 1926 1906
f 1906 1926 1907
f 1926 1927 1907
f 1907 1927 1908
f 1927 1928 1908
f 1908 1928 1909
f 1928 1929 1909
f 1909 1929 1910
f 1929 1930 1910
f 1910 1930 1911
f 1930 1931 1911
f 1911 1931 1912
f 1931 1932 1912
f 1912 1932 1913
f 1932 1933 1913
f 1913 1933 1914
f 1933 1934 1914
f 1914 1934 1915
f 1934 1935 1915
f 1915 1935 1916
f 1935 1936 1916
f 1916 1936 1917
f 1936 1937 1917
f 1917 1937 1918
f 1937 1938 1918
f 1918 1938 1919
f 1938 1939 1919
f 1919 1939 1920
f 1939 1940 1920
f 1920 1940 1901
f 1940 1921 1901
f 1921 1941 1922
f 1941 1942 1922
f 1922 1942 1923
f 1942 1943 1923
f 1923 1943 1924
f 1943 1944 1924
f 1924 1944 1925
f 1944 1945 1925
f 1925 1945 1926
f 1945 1946 1926
f 1926 1946 1927
f 1946 1947 1927
f 1927 1947 1928
f 1947 1948 1928
f 1928 1948 1929
f 1948 1949 1929
f 1929 1949 1930
f 1949 1950 1930
f 1930 1950 1931
f 1950 1951 1931
f 1931 1951 1932
f 1951 1952 1932
f 1932 1952 1933
f 1952 1953 1933
f 1933 1953 1934
f 1953 1954 1934
f 1934 1954 1935
f 1954 1955 1935
f 1935 1955 1936
f 1955 1956 1936
f 1936 1956 1937
f 1956 1957 1937
f 1937 1957 1938
f 1957 1958 1938
f 1938 1958 1939
f 1958 1959 1939
f 1939 1959 1940
f 1959 1960 1940
f 1940 1960 1921
f 1960 1941 1921
f 1941 1961 1942
f 1961 1962 1942
f 1942 1962 1943
f 1962 1963 1943
f 1943 1963 1944
f 1963 1964 1944
f 1944 1964 1945
f 1964 1965 1945
f 1945 1965 1946
f 1965 1966 1946
f 1946 1966 1947
f 1966 1967 1947
f 1947 1967 1948
f 1967 1968 1948
f 1948 1968 1949
f 1968 1969 1949
f 1949 1969 1950
f 1969 1970 1950
f 1950 1970 1951
f 1970 1971 1951
f 1951 1971 1952
f 1971 1972 1952
f 1952 1972 1953
f 1972 1973 1953
f 1953 1973 1954
f 1973 1974 1954
f 1954 1974 1955
f 1974 1975 1955
f 1955 1975 1956
f 1975 1976 1956
f 1956 1976 1957
f 1976 1977 1957
f 1957 1977 1958
f 1977 1978 1958
f 1958 1978 1959
f 1978 1979 1959
f 1959 1979 1960
f 1979 1980 1960
f 1960 1980 1941
f 1980 1961 1941
f 1961 1981 1962
f 1981 1982 1962
f 1962 1982 1963
f 1982 1983 1963
f 1963 1983 1964
f 1983 1984 1964
f 1964 1984 1965
f 1984 1985 1965
f 1965 1985 1966
f 1985 1986 1966
f 1966 1986 1967
f 1986 1987 1967
f 1967 1987 1968
f 1987 1988 1968
f 1968 1988 1969
f 1988 1989 1969
f 1969 1989 1970
f 1989 1990 1970
f 1970 1990 1971
f 1990 1991 1971
f 1971 1991 1972
f 1991 1992 1972
f 1972 1992 1973
f 1992 1993 1973
f 1973 1993 1974
f 1993 1994 1974
f 1974 1994 1975
f 1994 1995 1975
f 1975 1995 1976
f 1995 1996 1976
f 1976 1996 1977
f 1996 1997 1977
f 1977 1997 1978
f 1997 1998 1978
f 1978 1998 1979
f 1998 1999 1979
f 1979 1999 1980
f 1999 2000 1980
f 1980 2000 1961
f 2000 1981 1961
f 1981 2001 1982
f 2001 2002 1982
f 1982 2002 1983
f 2002 2003 1983
f 1983 2003 1984
f 2003 2004 1984
f 1984 2004 1985
f 2004 2005 1985
f 1985 2005 1986
f 2005 2006 1986
f 1986 2006 1987
f 2006 2007 1987
f 1987 2007 1988
f 2007 2008 1988
f 1988 2008 1989
f 2008 2009 1989
f 1989 2009 1990
f 2009 2010 1990
f 1990 2010 1991
f 2010 2011 1991
f 1991 2011 1992
f 2011 2012 1992
f 1992 2012 1993
f 2012 2013 1993
f 1993 2013 1994
f 2013 2014 1994
f 1994 2014 1995
f 2014 2015 1995
f 1995 2015 1996
f 2015 2016 1996
f 1996 2016 1997
f 2016 2017 1997
f 1997 2017 1998
f 2017 2018 1998
f 1998 2018 1999
f 2018 2019 1999
f 1999 2019 2000
f 2019 2020 2000
f 2000 2020 1981
f 2020 2001 1981
f 2001 2021 2002
f 2021 2022 2002
f 2002 2022 2003
f 2022 2023 2003
f 2003 2023 2004
f 2023 2024 2004
f 2004 2024 2005
f 2024 2025 2005
f 2005 2025 2006
f 2025 2026 2006
f 2006 2026 2007
f 2026 2027 2007
f 2007 2027 2008
f 2027 2028 2008
f 2008 2028 2009
f 2028 2029 2009
f 2009 2029 2010
f 2029 2030 2010
f 2010 2030 2011
f 2030 2031 2011
f 2011 2031 2012
f 2031 2032 2012
f 2012 2032 2013
f 2032 2033 2013
f 2013 2033 2014
f 2033 2034 2014
f 2014 2034 2015
f 2034 2035 2015
f 2015 2035 2016
f 2035 2036 2016
f 2016 2036 2017
f 2036 2037 2017
f 2017 2037 2018
f 2037 2038 2018
f 2018 2038 2019
f 2038 2039 2019
f 2019 2039 2020
f 2039 2040 2020
f 2020 2040 2001
f 2040 2021 2001
f 2021 2041 2022
f 2041 2042 2022
f 2022 2042 2023
f 2042 2043 2023
f 2023 2043 2024
f 2043 2044 2024
f 2024 2044 2025
f 2044 2045 2025
f 2025 2045 2026
f 2045 2046 2026
f 2026 2046 2027
f 2046 2047 2027
f 2027 2047 2028
f 2047 2048 2028
f 2028 2048 2029
f 2048 2049 2029
f 2029 2049 2030
f 2049 2050 2030
f 2030 2050 2031
f 2050 2051 2031
f 2031 2051 2032
f 2051 2052 2032
f 2032 2052 2033
f 2052 2053 2033
f 2033 2053 2034
f 2053 2054 2034
f 2034 2054 2035
f 2054 2055 2035
f 2035 2055 2036
f 2055 2056 2036
f 2036 2056 2037
f 2056 2057 2037
f 2037 2057 2038
f 2057 2058 2038
f 2038 2058 2039
f 2058 2059 2039
f 2039 2059 2040
f 2059 2060 2040
f 2040 2060 2021
f 2060 2041 2021
f 2041 2061 2042
f 2061 2062 2042
f 2042 2062 2043
f 2062 2063 2043
f 2043 2063 2044
f 2063 2064 2044
f 2044 2064 2045
f 2064 2065 2045
f 2045 2065 2046
f 2065 2066 2046
f 2046 2066 2047
f 2066 2067 2047
f 2047 2067 2048
f 2067 2068 2048
f 2048 2068 2049
f 2068 2069 2049
f 2049 2069 2050
f 2069 2070 2050
f 2050 2070 2051
f 2070 2071 2051
f 2051 2071 2052
f 2071 2072 2052
f 2052 2072 2053
f 2072 2073 2053
f 2053 2073 2054
f 2073 2074 2054
f 2054 2074 2055
f 2074 2075 2055
f 2055 2075 2056
f 2075 2076 2056
f 2056 2076 2057
f 2076 2077 2057
f 2057 2077 2058
f 2077 2078 2058
f 2058 2078 2059
f 2078 2079 2059
f 2059 2079 2060
f 2079 2080 2060
f 2060 2080 2041
f 2080 2061 2041
f 2061 2081 2062
f 2081 2082 2062
f 2062 2082 2063
f 2082 2083 2063
f 2063 2083 2064
f 2083 2084 2064
f 2064 2084 2065
f 2084 2085 2065
f 2065 2085 2066
f 2085 2086 2066
f 2066 2086 2067
f 2086 2087 2067
f 2067 2087 2068
f 2087 2088 2068
f 2068 2088 2069
f 2088 2089 2069
f 2069 2089 2070
f 2089 2090 2070
f 2070 2090 2071
f 2090 2091 2071
f 2071 2091 2072
f 2091 2092 2072
f 2072 2092 2073
f 2092 2093 2073
f 2073 2093 2074
f 2093 2094 2074
f 2074 2094 2075
f 2094 2095 2075
f 2075 2095 2076
f 2095 2096 2076
f 2076 2096 2077
f 2096 2097 2077
f 2077 2097 2078
f 2097 2098 2078
f 2078 2098 2079
f 2098 2099 2079
f 2079 2099 2080
f 2099 2100 2080
f 2080 2100 2061
f 2100 2081 2061
f 2081 2101 2082
f 2101 2102 2082
f 2082 2102 2083
f 2102 2103 2083
f 2083 2103 2084
f 2103 2104 2084
f 2084 2104 2085
f 2104 2105 2085
f 2085 2105 2086
f 2105 2106 2086
f 2086 2106 2087
f 2106 2107 2087
f 2087 2107 2088
f 2107 2108 2088
f 2088 2108 2089
f 2108 2109 2089
f 2089 2109 2090
f 2109 2110 2090
f 2090 2110 2091
f 2110 2111 2091
f 2091 2111 2092
f 2111 2112 2092
f 2092 2112 2093
f 2112 2113 2093
f 2093 2113 2094
f 2113 2114 2094
f 2094 2114 2095
f 2114 2115 2095
f 2095 2115 2096
f 2115 2116 2096
f 2096 2116 2097
f 2116 2117 2097
f 2097 2117 2098
f 2117 2118 2098
f 2098 2118 2099
f 2118 2119 2099
f 2099 2119 2100
f 2119 2120 2100
f 2100 2120 2081
f 2120 2101 2081
f 2101 2121 2102
f 2121 2122 2102
f 2102 2122 2103
f 2122 2123 2103
f 2103 2123 2104
f 2123 2124 2104
f 2104 2124 2105
f 2124 2125 2105
f 2105 2125 2106
f 2125 2126 2106
f 2106 2126 2107
f 2126 2127 2107
f 2107 2127 2108
f 2127 2128 2108
f 2108 2128 2109
f 2128 2129 2109
f 2109 2129 2110
f 2129 2130 2110
f 2110 2130 2111
f 2130 2131 2111
f 2111 2131 2112
f 2131 2132 2112
f 2112 2132 2113
f 2132 2133 2113
f 2113 2133 2114
f 2133 2134 2114
f 2114 2134 2115
f 2134 2135 2115
f 2115 2135 2116
f 2135 2136 2116
f 2116 2136 2117
f 2136 2137 2117
f 2117 2137 2118
f 2137 2138 2118
f 2118 2138 2119
f 2138 2139 2119
f 2119 2139 2120
f 2139 2140 2120
f 2120 2140 2101
f 2140 2121 2101
f 2121 2141 2122
f 2141 2142 2122
f 2122 2142 2123
f 2142 2143 2123
f 2123 2143 2124
f 2143 2144 2124
f 2124 2144 2125
f 2144 2145 2125
f 2125 2145 2126
f 2145 2146 2126
f 2126 2146 2127
f 2146 2147 2127
f 2127 2147 2128
f 2147 2148 2128
f 2128 2148 2129
f 2148 2149 2129
f 2129 2149 2130
f 2149 2150 2130
f 2130 2150 2131
f 2150 2151 2131
f 2131 2151 2132
f 2151 2152 2132
f 2132 2152 2133
f 2152 2153 2133
f 2133 2153 2134
f 2153 2154 2134
f 2134 2154 2135
f 2154 2155 2135
f 2135 2155 2136
f 2155 2156 2136
f 2136 2156 2137
f 2156 2157 2137
f 2137 2157 2138
f 2157 2158 2138
f 2138 2158 2139
f 2158 2159 2139
f 2139 2159 2140
f 2159 2160 2140
f 2140 2160 2121
f 2160 2141 2121
f 2141 2161 2142
f 2161 2162 2142
f 2142 2162 2143
f 2162 2163 2143
f 2143 2163 2144
f 2163 2164 2144
f 2144 2164 2145
f 2164 2165 2145
f 2145 2165 2146
f 2165 2166 2146
f 2146 2166 2147
f 2166 2167 2147
f 2147 2167 2148
f 2167 2168 2148
f 2148 2168 2149
f 2168 2169 2149
f 2149 2169 2150
f 2169 2170 2150
f 2150 2170 2151
f 2170 2171 2151
f 2151 2171 2152
f 2171 2172 2152
f 2152 2172 2153
f 2172 2173 2153
f 2153 2173 2154
f 2173 2174 2154
f 2154 2174 2155
f 2174 2175 2155
f 2155 2175 2156
f 2175 2176 2156
f 2156 2176 2157
f 2176 2177 2157
f 2157 2177 2158
f 2177 2178 2158
f 2158 2178 2159
f 2178 2179 2159
f 2159 2179 2160
f 2179 2180 2160
f 2160 2180 2141
f 2180 2161 2141
f 2161 2181 2162
f 2181 2182 2162
f 2162 2182 2163
f 2182 2183 2163
f 2163 2183 2164
f 2183 2184 2164
f 2164 2184 2165
f 2184 2185 2165
f 2165 2185 2166
f 2185 2186 2166
f 2166 2186 2167
f 2186 2187 2167
f 2167 2187 2168
f 2187 2188 2168
f 2168 2188 2169
f 2188 2189 2169
f 2169 2189 2170
f 2189 2190 2170
f 2170 2190 2171
f 2190 2191 2171
f 2171 2191 2172
f 2191 2192 2172
f 2172 2192 2173
f 2192 2193 2173
f 2173 2193 2174
f 2193 2194 2174
f 2174 2194 2175
f 2194 2195 2175
f 2175 2195 2176
f 2195 2196 2176
f 2176 2196 2177
f 2196 2197 2177
f 2177 2197 2178
f 2197 2198 2178
f 2178 2198 2179
f 2198 2199 2179
f 2179 2199 2180
f 2199 2200 2180
f 2180 2200 2161
f 2200 2181 2161
f 2181 2201 2182
f 2201 2202 2182
f 2182 2202 2183
f 2202 2203 2183
f 2183 2203 2184
f 2203 2204 2184
f 2184 2204 2185
f 2204 2205 2185
f 2185 2205 2186
f 2205 2206 2186
f 2186 2206 2187
f 2206 2207 2187
f 2187 2207 2188
f 2207 2208 2188
f 2188 2208 2189
f 2208 2209 2189
f 2189 2209 2190
f 2209 2210 2190
f 2190 2210 2191
f 2210 2211 2191
f 2191 2211 2192
f 2211 2212 2192
f 2192 2212 2193
f 2212 2213 2193
f 2193 2213 2194
f 2213 2214 2194
f 2194 2214 2195
f 2214 2215 2195
f 2195 2215 2196
f 2215 2216 2196
f 2196 2216 2197
f 2216 2217 2197
f 2197 2217 2198
f 2217 2218 2198
f 2198 2218 2199
f 2218 2219 2199
f 2199 2219 2200
f 2219 2220 2200
f 2200 2220 2181
f 2220 2201 2181
f 2201 2221 2202
f 2221 2222 2202
f 2202 2222 2203
f 2222 2223 2203
f 2203 2223 2204
f 2223 2224 2204
f 2204 2224 2205
f 2224 2225 2205
f 2205 2225 2206
f 2225 2226 2206
f 2206 2226 2207
f 2226 2227 2207
f 2207 2227 2208
f 2227 2228 2208
f 2208 2228 2209
f 2228 2229 2209
f 2209 2229 2210
f 2229 2230 2210
f 2210 2230 2211
f 2230 2231 2211
f 2211 2231 2212
f 2231 2232 2212
f 2212 2232 2213
f 2232 2233 2213
f 2213 2233 2214
f 2233 2234 2214
f 2214 2234 2215
f 2234 2235 2215
f 2215 2235 2216
f 2235 2236 2216
f 2216 2236 2217
f 2236 2237 2217
f 2217 2237 2218
f 2237 2238 2218
f 2218 2238 2219
f 2238 2239 2219
f 2219 2239 2220
f 2239 2240 2220
f 2220 2240 2201
f 2240 2221 2201
f 2221 2241 2222
f 2241 2242 2222
f 2222 2242 2223
f 2242 2243 2223
f 2223 2243 2224
f 2243 2244 2224
f 2224 2244 2225
f 2244 2245 2225
f 2225 2245 2226
f 2245 2246 2226
f 2226 2246 2227
f 2246 2247 2227
f 2227 2247 2228
f 2247 2248 2228
f 2228 2248 2229
f 2248 2249 2229
f 2229 2249 2230
f 2249 2250 2230
f 2230 2250 2231
f 2250 2251 2231
f 2231 2251 2232
f 2251 2252 2232
f 2232 2252 2233
f 2252 2253 2233
f 2233 2253 2234
f 2253 2254 2234
f 2234 2254 2235
f 2254 2255 2235
f 2235 2255 2236
f 2255 2256 2236
f 2236 2256 2237
f 2256 2257 2237
f 2237 2257 2238
f 2257 2258 2238
f 2238 2258 2239
f 2258 2259 2239
f 2239 2259 2240
f 2259 2260 2240
f 2240 2260 2221
f 2260 2241 2221
f 2241 2261 2242
f 2261 2262 2242
f 2242 2262 2243
f 2262 2263 2243
f 2243 2263 2244
f 2263 2264 2244
f 2244 2264 2245
f 2264 2265 2245
f 2245 2265 2246
f 2265 2266 2246
f 2246 2266 2247
f 2266 2267 2247
f 2247 2267 2248
f 2267 2268 2248
f 2248 2268 2249
f 2268 2269 2249
f 2249 2269 2250
f 2269 2270 2250
f 2250 2270 2251
f 2270 2271 2251
f 2251 2271 2252
f 2271 2272 2252
f 2252 2272 2253
f 2272 2273 2253
f 2253 2273 2254
f 2273 2274 2254
f 2254 2274 2255
f 2274 2275 2255
f 2255 2275 2256
f 2275 2276 2256
f 2256 2276 2257
f 2276 2277 2257
f 2257 2277 2258
f 2277 2278 2258
f 2258 2278 2259
f 2278 2279 2259
f 2259 2279 2260
f 2279 2280 2260
f 2260 2280 2241
f 2280 2261 2241
f 2261 2281 2262
f 2281 2282 2262
f 2262 2282 2263
f 2282 2283 2263
f 2263 2283 2264
f 2283 2284 2264
f 2264 2284 2265
f 2284 2285 2265
f 2265 2285 2266
f 2285 2286 2266
f 2266 2286 2267
f 2286 2287 2267
f 2267 2287 2268
f 2287 2288 2268
f 2268 2288 2269
f 2288 2289 2269
f 2269 2289 2270
f 2289 2290 2270
f 2270 2290 2271
f 2290 2291 2271
f 2271 2291 2272
f 2291 2292 2272
f 2272 2292 2273
f 2292 2293 2273
f 2273 2293 2274
f 2293 2294 2274
f 2274 2294 2275
f 2294 2295 2275
f 2275 2295 2276
f 2295 2296 2276
f 2276 2296 2277
f 2296 2297 2277
f 2277 2297 2278
f 2297 2298 2278
f 2278 2298 2279
f 2298 2299 2279
f 2279 2299 2280
f 2299 2300 2280
f 2280 2300 2261
f 2300 2281 2261
f 2281 2301 2282
f 2301 2302 2282
f 2282 2302 2283
f 2302 2303 2283
f 2283 2303 2284
f 2303 2304 2284
f 2284 2304 2285
f 2304 2305 2285
f 2285 2305 2286
f 2305 2306 2286
f 2286 2306 2287
f 2306 2307 2287
f 2287 2307 2288
f 2307 2308 2288
f 2288 2308 2289
f 2308 2309 2289
f 2289 2309 2290
f 2309 2310 2290
f 2290 2310 2291
f 2310 2311 2291
f 2291 2311 2292
f 2311 2312 2292
f 2292 2312 2293
f 2312 2313 2293
f 2293 2313 2294
f 2313 2314 2294
f 2294 2314 2295
f 2314 2315 2295
f 2295 2315 2296
f 2315 2316 2296
f 2296 2316 2297
f 2316 2317 2297
f 2297 2317 2298
f 2317 2318 2298
f 2298 2318 2299
f 2318 2319 2299
f 2299 2319 2300
f 2319 2320 2300
f 2300 2320 2281
f 2320 2301 2281
f 2301 2321 2302
f 2321 2322 2302
f 2302 2322 2303
f 2322 2323 2303
f 2303 2323 2304
f 2323 2324 2304
f 2304 2324 2305
f 2324 2325 2305
f 2305 2325 2306
f 2325 2326 2306
f 2306 2326 2307
f 2326 2327 2307
f 2307 2327 2308
f 2327 2328 2308
f 2308 2328 2309
f 2328 2329 2309
f 2309 2329 2310
f 2329 2330 2310
f 2310 2330 2311
f 2330 2331 2311
f 2311 2331 2312
f 2331 2332 2312
f 2312 2332 2313
f 2332 2333 2313
f 2313 2333 2314
f 2333 2334 2314
f 2314 2334 2315
f 2334 2335 2315
f 2315 2335 2316
f 2335 2336 2316
f 2316 2336 2317
f 2336 2337 2317
f 2317 2337 2318
f 2337 2338 2318
f 2318 2338 2319
f 2338 2339 2319
f 2319 2339 2320
f 2339 2340 2320
f 2320 2340 2301
f 2340 2321 2301
f 2321 2341 2322
f 2341 2342 2322
f 2322 2342 2323
f 2342 2343 2323
f 2323 2343 2324
f 2343 2344 2324
f 2324 2344 2325
f 2344 2345 2325
f 2325 2345 2326
f 2345 2346 2326
f 2326 2346 2327
f 2346 2347 2327
f 2327 2347 2328
f 2347 2348 2328
f 2328 2348 2329
f 2348 2349 2329
f 2329 2349 2330
f 2349 2350 2330
f 2330 2350 2331
f 2350 2351 2331
f 2331 2351 2332
f 2351 2352 2332
f 2332 2352 2333
f 2352 2353 2333
f 2333 2353 2334
f 2353 2354 2334
f 2334 2354 2335
f 2354 2355 2335
f 2335 2355 2336
f 2355 2356 2336
f 2336 2356 2337
f 2356 2357 2337
f 2337 2357 2338
f 2357 2358 2338
f 2338 2358 2339
f 2358 2359 2339
f 2339 2359 2340
f 2359 2360 2340
f 2340 2360 2321
f 2360 2341 2321
f 2341 2361 2342
f 2361 2362 2342
f 2342 2362 2343
f 2362 2363 2343
f 2343 2363 2344
f 2363 2364 2344
f 2344 2364 2345
f 2364 2365 2345
f 2345 2365 2346
f 2365 2366 2346
f 2346 2366 2347
f 2366 2367 2347
f 2347 2367 2348
f 2367 2368 2348
f 2348 2368 2349
f 2368 2369 2349
f 2349 2369 2350
f 2369 2370 2350
f 2350 2370 2351
f 2370 2371 2351
f 2351 2371 2352
f 2371 2372 2352
f 2352 2372 2353
f 2372 2373 2353
f 2353 2373 2354
f 2373 2374 2354
f 2354 2374 2355
f 2374 2375 2355
f 2355 2375 2356
f 2375 2376 2356
f 2356 2376 2357
f 2376 2377 2357
f 2357 2377 2358
f 2377 2378 2358
f 2358 2378 2359
f 2378 2379 2359
f 2359 2379 2360
f 2379 2380 2360
f 2360 2380 2341
f 2380 2361 2341
f 2361 2381 2362
f 2381 2382 2362
f 2362 2382 2363
f 2382 2383 2363
f 2363 2383 2364
f 2383 2384 2364
f 2364 2384 2365
f 2384 2385 2365
f 2365 2385 2366
f 2385 2386 2366
f 2366 2386 2367
f 2386 2387 2367
f 2367 2387 2368
f 2387 2388 2368
f 2368 2388 2369
f 2388 2389 2369
f 2369 2389 2370
f 2389 2390 2370
f 2370 2390 2371
f 2390 2391 2371
f 2371 2391 2372
f 2391 2392 2372
f 2372 2392 2373
f 2392 2393 2373
f 2373 2393 2374
f 2393 2394 2374
f 2374 2394 2375
f 2394 2395 2375
f 2375 2395 2376
f 2395 2396 2376
f 2376 2396 2377
f 2396 2397 2377
f 2377 2397 2378
f 2397 2398 2378
f 2378 2398 2379
f 2398 2399 2379
f 2379 2399 2380
f 2399 2400 2380
f 2380 2400 2361
f 2400 2381 2361
f 2381 2401 2382
f 2401 2402 2382
f 2382 2402 2383
f 2402 2403 2383
f 2383 2403 2384
f 2403 2404 2384
f 2384 2404 2385
f 2404 2405 2385
f 2385 2405 2386
f 2405 2406 2386
f 2386 2406 2387
f 2406 2407 2387
f 2387 2407 2388
f 2407 2408 2388
f 2388 2408 2389
f 2408 2409 2389
f 2389 2409 2390
f 2409 2410 2390
f 2390 2410 2391
f 2410 2411 2391
f 2391 2411 2392
f 2411 2412 2392
f 2392 2412 2393
f 2412 2413 2393
f 2393 2413 2394
f 2413 2414 2394
f 2394 2414 2395
f 2414 2415 2395
f 2395 2415 2396
f 2415 2416 2396
f 2396 2416 2397
f 2416 2417 2397
f 2397 2417 2398
f 2417 2418 2398
f 2398 2418 2399
f 2418 2419 2399
f 2399 2419 2400
f 2419 2420 2400
f 2400 2420 2381
f 2420 2401 2381
f 2401 2421 2402
f 2421 2422 2402
f 2402 2422 2403
f 2422 2423 2403
f 2403 2423 2404
f 2423 2424 2404
f 2404 2424 2405
f 2424 2425 2405
f 2405 2425 2406
f 2425 2426 2406
f 2406 2426 2407
f 2426 2427 2407
f 2407 2427 2408
f 2427 2428 2408
f 2408 2428 2409
f 2428 2429 2409
f 2409 2429 2410
f 2429 2430 2410
f 2410 2430 2411
f 2430 2431 2411
f 2411 2431 2412
f 2431 2432 2412
f 2412 2432 2413
f 2432 2433 2413
f 2413 2433 2414
f 2433 2434 2414
f 2414 2434 2415
f 2434 2435 2415
f 2415 2435 2416
f 2435 2436 2416
f 2416 2436 2417
f 2436 2437 2417
f 2417 2437 2418
f 2437 2438 2418
f 2418 2438 2419
f 2438 2439 2419
f 2419 2439 2420
f 2439 2440 2420
f 2420 2440 2401
f 2440 2421 2401
f 2421 2441 2422
f 2441 2442 2422
f 2422 2442 2423
f 2442 2443 2423
f 2423 2443 2424
f 2443 2444 2424
f 2424 2444 2425
f 2444 2445 2425
f 2425 2445 2426
f 2445 2446 2426
f 2426 2446 2427
f 2446 2447 2427
f 2427 2447 2428
f 2447 2448 2428
f 2428 2448 2429
f 2448 2449 2429
f 2429 2449 2430
f 2449 2450 2430
f 2430 2450 2431
f 2450 2451 2431
f 2431 2451 2432
f 2451 2452 2432
f 2432 2452 2433
f 2452 2453 2433
f 2433 2453 2434
f 2453 2454 2434
f 2434 2454 2435
f 2454 2455 2435
f 2435 2455 2436
f 2455 2456 2436
f 2436 2456 2437
f 2456 2457 2437
f 2437 2457 2438
f 2457 2458 2438
f 2438 2458 2439
f 2458 2459 2439
f 2439 2459 2440
f 2459 2460 2440
f 2440 2460 2421
f 2460 2441 2421
f 2441 2461 2442
f 2461 2462 2442
f 2442 2462 2443
f 2462 2463 2443
f 2443 2463 2444
f 2463 2464 2444
f 2444 2464 2445
f 2464 2465 2445
f 2445 2465 2446
f 2465 2466 2446
f 2446 2466 2447
f 2466 2467 2447
f 2447 2467 2448
f 2467 2468 2448
f 2448 2468 2449
f 2468 2469 2449
f 2449 2469 2450
f 2469 2470 2450
f 2450 2470 2451
f 2470 2471 2451
f 2451 2471 2452
f 2471 2472 2452
f 2452 2472 2453
f 2472 2473 2453
f 2453 2473 2454
f 2473 2474 2454
f 2454 2474 2455
f 2474 2475 2455
f 2455 2475 2456
f 2475 2476 2456
f 2456 2476 2457
f 2476 2477 2457
f 2457 2477 2458
f 2477 2478 2458
f 2458 2478 2459
f 2478 2479 2459
f 2459 2479 2460
f 2479 2480 2460
f 2460 2480 2441
f 2480 2461 2441
f 2461 2481 2462
f 2481 2482 2462
f 2462 2482 2463
f 2482 2483 2463
f 2463 2483 2464
f 2483 2484 2464
f 2464 2484 2465
f 2484 2485 2465
f 2465 2485 2466
f 2485 2486 2466
f 2466 2486 2467
f 2486 2487 2467
f 2467 2487 2468
f 2487 2488 2468
f 2468 2488 2469
f 2488 2489 2469
f 2469 2489 2470
f 2489 2490 2470
f 2470 2490 2471
f 2490 2491 2471
f 2471 2491 2472
f 2491 2492 2472
f 2472 2492 2473
f 2492 2493 2473
f 2473 2493 2474
f 2493 2494 2474
f 2474 2494 2475
f 2494 2495 2475
f 2475 2495 2476
f 2495 2496 2476
f 2476 2496 2477
f 2496 2497 2477
f 2477 2497 2478
f 2497 2498 2478
f 2478 2498 2479
f 2498 2499 2479
f 2479 2499 2480
f 2499 2500 2480
f 2480 2500 2461
f 2500 2481 2461
f 2481 2501 2482
f 2501 2502 2482
f 2482 2502 2483
f 2502 2503 2483
f 2483 2503 2484
f 2503 2504 2484
f 2484 2504 2485
f 2504 2505 2485
f 2485 2505 2486
f 2505 2506 2486
f 2486 2506 2487
f 2506 2507 2487
f 2487 2507 2488
f 2507 2508 2488
f 2488 2508 2489
f 2508 2509 2489
f 2489 2509 2490
f 2509 2510 2490
f 2490 2510 2491
f 2510 2511 2491
f 2491 2511 2492
f 2511 2512 2492
f 2492 2512 2493
f 2512 2513 2493
f 2493 2513 2494
f 2513 2514 2494
f 2494 2514 2495
f 2514 2515 2495
f 2495 2515 2496
f 2515 2516 2496
f 2496 2516 2497
f 2516 2517 2497
f 2497 2517 2498
f 2517 2518 2498
f 2498 2518 2499
f 2518 2519 2499
f 2499 2519 2500
f 2519 2520 2500
f 2500 2520 2481
f 2520 2501 2481
f 2501 2521 2502
f 2521 2522 2502
f 2502 2522 2503
f 2522 2523 2503
f 2503 2523 2504
f 2523 2524 2504
f 2504 2524 2505
f 2524 2525 2505
f 2505 2525 2506
f 2525 2526 2506
f 2506 2526 2507
f 2526 2527 2507
f 2507 2527 2508
f 2527 2528 2508
f 2508 2528 2509
f 2528 2529 2509
f 2509 2529 2510
f 2529 2530 2510
f 2510 2530 2511
f 2530 2531 2511
f 2511 2531 2512
f 2531 2532 2512
f 2512 2532 2513
f 2532 2533 2513
f 2513 2533 2514
f 2533 2534 2514
f 2514 2534 2515
f 2534 2535 2515
f 2515 2535 2516
f 2535 2536 2516
f 2516 2536 2517
f 2536 2537 2517
f 2517 2537 2518
f 2537 2538 2518
f 2518 2538 2519
f 2538 2539 2519
f 2519 2539 2520
f 2539 2540 2520
f 2520 2540 2501
f 2540 2521 2501
f 2521 2541 2522
f 2541 2542 2522
f 2522 2542 2523
f 2542 2543 2523
f 2523 2543 2524
f 2543 2544 2524
f 2524 2544 2525
f 2544 2545 2525
f 2525 2545 2526
f 2545 2546 2526
f 2526 2546 2527
f 2546 2547 2527
f 2527 2547 2528
f 2547 2548 2528
f 2528 2548 2529
f 2548 2549 2529
f 2529 2549 2530
f 2549 2550 2530
f 2530 2550 2531
f 2550 2551 2531
f 2531 2551 2532
f 2551 2552 2532
f 2532 2552 2533
f 2552 2553 2533
f 2533 2553 2534
f 2553 2554 2534
f 2534 2554 2535
f 2554 2555 2535
f 2535 2555 2536
f 2555 2556 2536
f 2536 2556 2537
f 2556 2557 2537
f 2537 2557 2538
f 2557 2558 2538
f 2538 2558 2539
f 2558 2559 2539
f 2539 2559 2540
f 2559 2560 2540
f 2540 2560 2521
f 2560 2541 2521
f 2541 2561 2542
f 2561 2562 2542
f 2542 2562 2543
f 2562 2563 2543
f 2543 2563 2544
f 2563 2564 2544
f 2544 2564 2545
f 2564 2565 2545
f 2545 2565 2546
f 2565 2566 2546
f 2546 2566 2547
f 2566 2567 2547
f 2547 2567 2548
f 2567 2568 2548
f 2548 2568 2549
f 2568 2569 2549
f 2549 2569 2550
f 2569 2570 2550
f 2550 2570 2551
f 2570 2571 2551
f 2551 2571 2552
f 2571 2572 2552
f 2552 2572 2553
f 2572 2573 2553
f 2553 2573 2554
f 2573 2574 2554
f 2554 2574 2555
f 2574 2575 2555
f 2555 2575 2556
f 2575 2576 2556
f 2556 2576 2557
f 2576 2577 2557
f 2557 2577 2558
f 2577 2578 2558
f 2558 2578 2559
f 2578 2579 2559
f 2559 2579 2560
f 2579 2580 2560
f 2560 2580 2541
f 2580 2561 2541
f 2561 2581 2562
f 2581 2582 2562
f 2562 2582 2563
f 2582 2583 2563
f 2563 2583 2564
f 2583 2584 2564
f 2564 2584 2565
f 2584 2585 2565
f 2565 2585 2566
f 2585 2586 2566
f 2566 2586 2567
f 2586 2587 2567
f 2567 2587 2568
f 2587 2588 2568
f 2568 2588 2569
f 2588 2589 2569
f 2569 2589 2570
f 2589 2590 2570
f 2570 2590 2571
f 2590 2591 2571
f 2571 2591 2572
f 2591 2592 2572
f 2572 2592 2573
f 2592 2593 2573
f 2573 2593 2574
f 2593 2594 2574
f 2574 2594 2575
f 2594 2595 2575
f 2575 2595 2576
f 2595 2596 2576
f 2576 2596 2577
f 2596 2597 2577
f 2577 2597 2578
f 2597 2598 2578
f 2578 2598 2579
f 2598 2599 2579
f 2579 2599 2580
f 2599 2600 2580
f 2580 2600 2561
f 2600 2581 2561
f 2581 2601 2582
f 2601 2602 2582
f 2582 2602 2583
f 2602 2603 2583
f 2583 2603 2584
f 2603 2604 2584
f 2584 2604 2585
f 2604 2605 2585
f 2585 2605 2586
f 2605 2606 2586
f 2586 2606 2587
f 2606 2607 2587
f 2587 2607 2588
f 2607 2608 2588
f 2588 2608 2589
f 2608 2609 2589
f 2589 2609 2590
f 2609 2610 2590
f 2590 2610 2591
f 2610 2611 2591
f 2591 2611 2592
f 2611 2612 2592
f 2592 2612 2593
f 2612 2613 2593
f 2593 2613 2594
f 2613 2614 2594
f 2594 2614 2595
f 2614 2615 2595
f 2595 2615 2596
f 2615 2616 2596
f 2596 2616 2597
f 2616 2617 2597
f 2597 2617 2598
f 2617 2618 2598
f 2598 2618 2599
f 2618 2619 2599
f 2599 2619 2600
f 2619 2620 2600
f 2600 2620 2581
f 2620 2601 2581
f 2601 2621 2602
f 2621 2622 2602
f 2602 2622 2603
f 2622 2623 2603
f 2603 2623 2604
f 2623 2624 2604
f 2604 2624 2605
f 2624 2625 2605
f 2605 2625 2606
f 2625 2626 2606
f 2606 2626 2607
f 2626 2627 2607
f 2607 2627 2608
f 2627 2628 2608
f 2608 2628 2609
f 2628 2629 2609
f 2609 2629 2610
f 2629 2630 2610
f 2610 2630 2611
f 2630 2631 2611
f 2611 2631 2612
f 2631 2632 2612
f 2612 2632 2613
f 2632 2633 2613
f 2613 2633 2614
f 2633 2634 2614
f 2614 2634 2615
f 2634 2635 2615
f 2615 2635 2616
f 2635 2636 2616
f 2616 2636 2617
f 2636 2637 2617
f 2617 2637 2618
f 2637 2638 2618
f 2618 2638 2619
f 2638 2639 2619
f 2619 2639 2620
f 2639 2640 2620
f 2620 2640 2601
f 2640 2621 2601
f 2621 2641 2622
f 2641 2642 2622
f 2622 2642 2623
f 2642 2643 2623
f 2623 2643 2624
f 2643 2644 2624
f 2624 2644 2625
f 2644 2645 2625
f 2625 2645 2626
f 2645 2646 2626
f 2626 2646 2627
f 2646 2647 2627
f 2627 2647 2628
f 2647 2648 2628
f 2628 2648 2629
f 2648 2649 2629
f 2629 2649 2630
f 2649 2650 2630
f 2630 2650 2631
f 2650 2651 2631
f 2631 2651 2632
f 2651 2652 2632
f 2632 2652 2633
f 2652 2653 2633
f 2633 2653 2634
f 2653 2654 2634
f 2634 2654 2635
f 2654 2655 2635
f 2635 2655 2636
f 2655 2656 2636
f 2636 2656 2637
f 2656 2657 2637
f 2637 2657 2638
f 2657 2658 2638
f 2638 2658 2639
f 2658 2659 2639
f 2639 2659 2640
f 2659 2660 2640
f 2640 2660 2621
f 2660 2641 2621
f 2641 2661 2642
f 2661 2662 2642
f 2642 2662 2643
f 2662 2663 2643
f 2643 2663 2644
f 2663 2664 2644
f 2644 2664 2645
f 2664 2665 2645
f 2645 2665 2646
f 2665 2666 2646
f 2646 2666 2647
f 2666 2667 2647
f 2647 2667 2648
f 2667 2668 2648
f 2648 2668 2649
f 2668 2669 2649
f 2649 2669 2650
f 2669 2670 2650
f 2650 2670 2651
f 2670 2671 2651
f 2651 2671 2652
f 2671 2672 2652
f 2652 2672 2653
f 2672 2673 2653
f 2653 2673 2654
f 2673 2674 2654
f 2654 2674 2655
f 2674 2675 2655
f 2655 2675 2656
f 2675 2676 2656
f 2656 2676 2657
f 2676 2677 2657
f 2657 2677 2658
f 2677 2678 2658
f 2658 2678 2659
f 2678 2679 2659
f 2659 2679 2660
f 2679 2680 2660
f 2660 2680 2641
f 2680 2661 2641
f 2661 2681 2662
f 2681 2682 2662
f 2662 2682 2663
f 2682 2683 2663
f 2663 2683 2664
f 2683 2684 2664
f 2664 2684 2665
f 2684 2685 2665
f 2665 2685 2666
f 2685 2686 2666
f 2666 2686 2667
f 2686 2687 2667
f 2667 2687 2668
f 2687 2688 2668
f 2668 2688 2669
f 2688 2689 2669
f 2669 2689 2670
f 2689 2690 2670
f 2670 2690 2671
f 2690 2691 2671
f 2671 2691 2672
f 2691 2692 2672
f 2672 2692 2673
f 2692 2693 2673
f 2673 2693 2674
f 2693 2694 2674
f 2674 2694 2675
f 2694 2695 2675
f 2675 2695 2676
f 2695 2696 2676
f 2676 2696 2677
f 2696 2697 2677
f 2677 2697 2678
f 2697 2698 2678
f 2678 2698 2679
f 2698 2699 2679
f 2679 2699 2680
f 2699 2700 2680
f 2680 2700 2661
f 2700 2681 2661
f 2681 2701 2682
f 2701 2702 2682
f 2682 2702 2683
f 2702 2703 2683
f 2683 2703 2684
f 2703 2704 2684
f 2684 2704 2685
f 2704 2705 2685
f 2685 2705 2686
f 2705 2706 2686
f 2686 2706 2687
f 2706 2707 2687
f 2687 2707 2688
f 2707 2708 2688
f 2688 2708 2689
f 2708 2709 2689
f 2689 2709 2690
f 2709 2710 2690
f 2690 2710 2691
f 2710 2711 2691
f 2691 2711 2692
f 2711 2712 2692
f 2692 2712 2693
f 2712 2713 2693
f 2693 2713 2694
f 2713 2714 2694
f 2694 2714 2695
f 2714 2715 2695
f 2695 2715 2696
f 2715 2716 2696
f 2696 2716 2697
f 2716 2717 2697
f 2697 2717 2698
f 2717 2718 2698
f 2698 2718 2699
f 2718 2719 2699
f 2699 2719 2700
f 2719 2720 2700
f 2700 2720 2681
f 2720 2701 2681
f 2701 2721 2702
f 2721 2722 2702
f 2702 2722 2703
f 2722 2723 2703
f 2703 2723 2704
f 2723 2724 2704
f 2704 2724 2705
f 2724 2725 2705
f 2705 2725 2706
f 2725 2726 2706
f 2706 2726 2707
f 2726 2727 2707
f 2707 2727 2708
f 2727 2728 2708
f 2708 2728 2709
f 2728 2729 2709
f 2709 2729 2710
f 2729 2730 2710
f 2710 2730 2711
f 2730 2731 2711
f 2711 2731 2712
f 2731 2732 2712
f 2712 2732 2713
f 2732 2733 2713
f 2713 2733 2714
f 2733 2734 2714
f 2714 2734 2715
f 2734 2735 2715
f 2715 2735 2716
f 2735 2736 2716
f 2716 2736 2717
f 2736 2737 2717
f 2717 2737 2718
f 2737 2738 2718
f 2718 2738 2719
f 2738 2739 2719
f 2719 2739 2720
f 2739 2740 2720
f 2720 2740 2701
f 2740 2721 2701
f 2721 2741 2722
f 2741 2742 2722
f 2722 2742 2723
f 2742 2743 2723
f 2723 2743 2724
f 2743 2744 2724
f 2724 2744 2725
f 2744 2745 2725
f 2725 2745 2726
f 2745 2746 2726
f 2726 2746 2727
f 2746 2747 2727
f 2727 2747 2728
f 2747 2748 2728
f 2728 2748 2729
f 2748 2749 2729
f 2729 2749 2730
f 2749 2750 2730
f 2730 2750 2731
f 2750 2751 2731
f 2731 2751 2732
f 2751 2752 2732
f 2732 2752 2733
f 2752 2753 2733
f 2733 2753 2734
f 2753 2754 2734
f 2734 2754 2735
f 2754 2755 2735
f 2735 2755 2736
f 2755 2756 2736
f 2736 2756 2737
f 2756 2757 2737
f 2737 2757 2738
f 2757 2758 2738
f 2738 2758 2739
f 2758 2759 2739
f 2739 2759 2740
f 2759 2760 2740
f 2740 2760 2721
f 2760 2741 2721
f 2741 2761 2742
f 2761 2762 2742
f 2742 2762 2743
f 2762 2763 2743
f 2743 2763 2744
f 2763 2764 2744
f 2744 2764 2745
f 2764 2765 2745
f 2745 2765 2746
f 2765 2766 2746
f 2746 2766 2747
f 2766 2767 2747
f 2747 2767 2748
f 2767 2768 2748
f 2748 2768 2749
f 2768 2769 2749
f 2749 2769 2750
f 2769 2770 2750
f 2750 2770 2751
f 2770 2771 2751
f 2751 2771 2752
f 2771 2772 2752
f 2752 2772 2753
f 2772 2773 2753
f 2753 2773 2754
f 2773 2774 2754
f 2754 2774 2755
f 2774 2775 2755
f 2755 2775 2756
f 2775 2776 2756
f 2756 2776 2757
f 2776 2777 2757
f 2757 2777 2758
f 2777 2778 2758
f 2758 2778 2759
f 2778 2779 2759
f 2759 2779 2760
f 2779 2780 2760
f 2760 2780 2741
f 2780 2761 2741
f 2761 2781 2762
f 2781 2782 2762
f 2762 2782 2763
f 2782 2783 2763
f 2763 2783 2764
f 2783 2784 2764
f 2764 2784 2765
f 2784 2785 2765
f 2765 2785 2766
f 2785 2786 2766
f 2766 2786 2767
f 2786 2787 2767
f 2767 2787 2768
f 2787 2788 2768
f 2768 2788 2769
f 2788 2789 2769
f 2769 2789 2770
f 2789 2790 2770
f 2770 2790 2771
f 2790 2791 2771
f 2771 2791 2772
f 2791 2792 2772
f 2772 2792 2773
f 2792 2793 2773
f 2773 2793 2774
f 2793 2794 2774
f 2774 2794 2775
f 2794 2795 2775
f 2775 2795 2776
f 2795 2796 2776
f 2776 2796 2777
f 2796 2797 2777
f 2777 2797 2778
f 2797 2798 2778
f 2778 2798 2779
f 2798 2799 2779
f 2779 2799 2780
f 2799 2800 2780
f 2780 2800 2761
f 2800 2781 2761
f 2781 2801 2782
f 2801 2802 2782
f 2782 2802 2783
f 2802 2803 2783
f 2783 2803 2784
f 2803 2804 2784
f 2784 2804 2785
f 2804 2805 2785
f 2785 2805 2786
f 2805 2806 2786
f 2786 2806 2787
f 2806 2807 2787
f 2787 2807 2788
f 2807 2808 2788
f 2788 2808 2789
f 2808 2809 2789
f 2789 2809 2790
f 2809 2810 2790
f 2790 2810 2791
f 2810 2811 2791
f 2791 2811 2792
f 2811 2812 2792
f 2792 2812 2793
f 2812 2813 2793
f 2793 2813 2794
f 2813 2814 2794
f 2794 2814 2795
f 2814 2815 2795
f 2795 2815 2796
f 2815 2816 2796
f 2796 2816 2797
f 2816 2817 2797
f 2797 2817 2798
f 2817 2818 2798
f 2798 2818 2799
f 2818 2819 2799
f 2799 2819 2800
f 2819 2820 2800
f 2800 2820 2781
f 2820 2801 2781
f 2801 2821 2802
f 2821 2822 2802
f 2802 2822 2803
f 2822 2823 2803
f 2803 2823 2804
f 2823 2824 2804
f 2804 2824 2805
f 2824 2825 2805
f 2805 2825 2806
f 2825 2826 2806
f 2806 2826 2807
f 2826 2827 2807
f 2807 2827 2808
f 2827 2828 2808
f 2808 2828 2809
f 2828 2829 2809
f 2809 2829 2810
f 2829 2830 2810
f 2810 2830 2811
f 2830 2831 2811
f 2811 2831 2812
f 2831 2832 2812
f 2812 2832 2813
f 2832 2833 2813
f 2813 2833 2814
f 2833 2834 2814
f 2814 2834 2815
f 2834 2835 2815
f 2815 2835 2816
f 2835 2836 2816
f 2816 2836 2817
f 2836 2837 2817
f 2817 2837 2818
f 2837 2838 2818
f 2818 2838 2819
f 2838 2839 2819
f 2819 2839 2820
f 2839 2840 2820
f 2820 2840 2801
f 2840 2821 2801
f 2821 2841 2822
f 2841 2842 2822
f 2822 2842 2823
f 2842 2843 2823
f 2823 2843 2824
f 2843 2844 2824
f 2824 2844 2825
f 2844 2845 2825
f 2825 2845 2826
f 2845 2846 2826
f 2826 2846 2827
f 2846 2847 2827
f 2827 2847 2828
f 2847 2848 2828
f 2828 2848 2829
f 2848 2849 2829
f 2829 2849 2830
f 2849 2850 2830
f 2830 2850 2831
f 2850 2851 2831
f 2831 2851 2832
f 2851 2852 2832
f 2832 2852 2833
f 2852 2853 2833
f 2833 2853 2834
f 2853 2854 2834
f 2834 2854 2835
f 2854 2855 2835
f 2835 2855 2836
f 2855 2856 2836
f 2836 2856 2837
f 2856 2857 2837
f 2837 2857 2838
f 2857 2858 2838
f 2838 2858 2839
f 2858 2859 2839
f 2839 2859 2840
f 2859 2860 2840
f 2840 2860 2821
f 2860 2841 2821
f 2841 2861 2842
f 2861 2862 2842
f 2842 2862 2843
f 2862 2863 2843
f 2843 2863 2844
f 2863 2864 2844
f 2844 2864 2845
f 2864 2865 2845
f 2845 2865 2846
f 2865 2866 2846
f 2846 2866 2847
f 2866 2867 2847
f 2847 2867 2848
f 2867 2868 2848
f 2848 2868 2849
f 2868 2869 2849
f 2849 2869 2850
f 2869 2870 2850
f 2850 2870 2851
f 2870 2871 2851
f 2851 2871 2852
f 2871 2872 2852
f 2852 2872 2853
f 2872 2873 2853
f 2853 2873 2854
f 2873 2874 2854
f 2854 2874 2855
f 2874 2875 2855
f 2855 2875 2856
f 2875 2876 2856
f 2856 2876 2857
f 2876 2877 2857
f 2857 2877 2858
f 2877 2878 2858
f 2858 2878 2859
f 2878 2879 2859
f 2859 2879 2860
f 2879 2880 2860
f 2860 2880 2841
f 2880 2861 2841
f 2861 2881 2862
f 2881 2882 2862
f 2862 2882 2863
f 2882 2883 2863
f 2863 2883 2864
f 2883 2884 2864
f 2864 2884 2865
f 2884 2885 2865
f 2865 2885 2866
f 2885 2886 2866
f 2866 2886 2867
f 2886 2887 2867
f 2867 2887 2868
f 2887 2888 2868
f 2868 2888 2869
f 2888 2889 2869
f 2869 2889 2870
f 2889 2890 2870
f 2870 2890 2871
f 2890 2891 2871
f 2871 2891 2872
f 2891 2892 2872
f 2872 2892 2873
f 2892 2893 2873
f 2873 2893 2874
f 2893 2894 2874
f 2874 2894 2875
f 2894 2895 2875
f 2875 2895 2876
f 2895 2896 2876
f 2876 2896 2877
f 2896 2897 2877
f 2877 2897 2878
f 2897 2898 2878
f 2878 2898 2879
f 2898 2899 2879
f 2879 2899 2880
f 2899 2900 2880
f 2880 2900 2861
f 2900 2881 2861
f 2881 2901 2882
f 2901 2902 2882
f 2882 2902 2883
f 2902 2903 2883
f 2883 2903 2884
f 2903 2904 2884
f 2884 2904 2885
f 2904 2905 2885
f 2885 2905 2886
f 2905 2906 2886
f 2886 2906 2887
f 2906 2907 2887
f 2887 2907 2888
f 2907 2908 2888
f 2888 2908 2889
f 2908 2909 2889
f 2889 2909 2890
f 2909 2910 2890
f 2890 2910 2891
f 2910 2911 2891
f 2891 2911 2892
f 2911 2912 2892
f 2892 2912 2893
f 2912 2913 2893
f 2893 2913 2894
f 2913 2914 2894
f 2894 2914 2895
f 2914 2915 2895
f 2895 2915 2896
f 2915 2916 2896
f 2896 2916 2897
f 2916 2917 2897
f 2897 2917 2898
f 2917 2918 2898
f 2898 2918 2899
f 2918 2919 2899
f 2899 2919 2900
f 2919 2920 2900
f 2900 2920 2881
f 2920 2901 2881
f 2901 2921 2902
f 2921 2922 2902
f 2902 2922 2903
f 2922 2923 2903
f 2903 2923 2904
f 2923 2924 2904
f 2904 2924 2905
f 2924 2925 2905
f 2905 2925 2906
f 2925 2926 2906
f 2906 2926 2907
f 2926 2927 2907
f 2907 2927 2908
f 2927 2928 2908
f 2908 2928 2909
f 2928 2929 2909
f 2909 2929 2910
f 2929 2930 2910
f 2910 2930 2911
f 2930 2931 2911
f 2911 2931 2912
f 2931 2932 2912
f 2912 2932 2913
f 2932 2933 2913
f 2913 2933 2914
f 2933 2934 2914
f 2914 2934 2915
f 2934 2935 2915
f 2915 2935 2916
f 2935 2936 2916
f 2916 2936 2917
f 2936 2937 2917
f 2917 2937 2918
f 2937 2938 2918
f 2918 2938 2919
f 2938 2939 2919
f 2919 2939 2920
f 2939 2940 2920
f 2920 2940 2901
f 2940 2921 2901
f 2921 2941 2922
f 2941 2942 2922
f 2922 2942 2923
f 2942 2943 2923
f 2923 2943 2924
f 2943 2944 2924
f 2924 2944 2925
f 2944 2945 2925
f 2925 2945 2926
f 2945 2946 2926
f 2926 2946 2927
f 2946 2947 2927
f 2927 2947 2928
f 2947 2948 2928
f 2928 2948 2929
f 2948 2949 2929
f 2929 2949 2930
f 2949 2950 2930
f 2930 2950 2931
f 2950 2951 2931
f 2931 2951 2932
f 2951 2952 2932
f 2932 2952 2933
f 2952 2953 2933
f 2933 2953 2934
f 2953 2954 2934
f 2934 2954 2935
f 2954 2955 2935
f 2935 2955 2936
f 2955 2956 2936
f 2936 2956 2937
f 2956 2957 2937
f 2937 2957 2938
f 2957 2958 2938
f 2938 2958 2939
f 2958 2959 2939
f 2939 2959 2940
f 2959 2960 2940
f 2940 2960 2921
f 2960 2941 2921
f 2941 2961 2942
f 2961 2962 2942
f 2942 2962 2943
f 2962 2963 2943
f 2943 2963 2944
f 2963 2964 2944
f 2944 2964 2945
f 2964 2965 2945
f 2945 2965 2946
f 2965 2966 2946
f 2946 2966 2947
f 2966 2967 2947
f 2947 2967 2948
f 2967 2968 2948
f 2948 2968 2949
f 2968 2969 2949
f 2949 2969 2950
f 2969 2970 2950
f 2950 2970 2951
f 2970 2971 2951
f 2951 2971 2952
f 2971 2972 2952
f 2952 2972 2953
f 2972 2973 2953
f 2953 2973 2954
f 2973 2974 2954
f 2954 2974 2955
f 2974 2975 2955
f 2955 2975 2956
f 2975 2976 2956
f 2956 2976 2957
f 2976 2977 2957
f 2957 2977 2958
f 2977 2978 2958
f 2958 2978 2959
f 2978 2979 2959
f 2959 2979 2960
f 2979 2980 2960
f 2960 2980 2941
f 2980 2961 2941
f 2961 2981 2962
f 2981 2982 2962
f 2962 2982 2963
f 2982 2983 2963
f 2963 2983 2964
f 2983 2984 2964
f 2964 2984 2965
f 2984 2985 2965
f 2965 2985 2966
f 2985 2986 2966
f 2966 2986 2967
f 2986 2987 2967
f 2967 2987 2968
f 2987 2988 2968
f 2968 2988 2969
f 2988 2989 2969
f 2969 2989 2970
f 2989 2990 2970
f 2970 2990 2971
f 2990 2991 2971
f 2971 2991 2972
f 2991 2992 2972
f 2972 2992 2973
f 2992 2993 2973
f 2973 2993 2974
f 2993 2994 2974
f 2974 2994 2975
f 2994 2995 2975
f 2975 2995 2976
f 2995 2996 2976
f 2976 2996 2977
f 2996 2997 2977
f 2977 2997 2978
f 2997 2998 2978
f 2978 2998 2979
f 2998 2999 2979
f 2979 2999 2980
f 2999 3000 2980
f 2980 3000 2961
f 3000 2981 2961
f 2981 3001 2982
f 3001 3002 2982
f 2982 3002 2983
f 3002 3003 2983
f 2983 3003 2984
f 3003 3004 2984
f 2984 3004 2985
f 3004 3005 2985
f 2985 3005 2986
f 3005 3006 2986
f 2986 3006 2987
f 3006 3007 2987
f 2987 3007 2988
f 3007 3008 2988
f 2988 3008 2989
f 3008 3009 2989
f 2989 3009 2990
f 3009 3010 2990
f 2990 3010 2991
f 3010 3011 2991
f 2991 3011 2992
f 3011 3012 2992
f 2992 3012 2993
f 3012 3013 2993
f 2993 3013 2994
f 3013 3014 2994
f 2994 3014 2995
f 3014 3015 2995
f 2995 3015 2996
f 3015 3016 2996
f 2996 3016 2997
f 3016 3017 2997
f 2997 3017 2998
f 3017 3018 2998
f 2998 3018 2999
f 3018 3019 2999
f 2999 3019 3000
f 3019 3020 3000
f 3000 3020 2981
f 3020 3001 2981
f 3001 3021 3002
f 3021 3022 3002
f 3002 3022 3003
f 3022 3023 3003
f 3003 3023 3004
f 3023 3024 3004
f 3004 3024 3005
f 3024 3025 3005
f 3005 3025 3006
f 3025 3026 3006
f 3006 3026 3007
f 3026 3027 3007
f 3007 3027 3008
f 3027 3028 3008
f 3008 3028 3009
f 3028 3029 3009
f 3009 3029 3010
f 3029 3030 3010
f 3010 3030 3011
f 3030 3031 3011
f 3011 3031 3012
f 3031 3032 3012
f 3012 3032 3013
f 3032 3033 3013
f 3013 3033 3014
f 3033 3034 3014
f 3014 3034 3015
f 3034 3035 3015
f 3015 3035 3016
f 3035 3036 3016
f 3016 3036 3017
f 3036 3037 3017
f 3017 3037 3018
f 3037 3038 3018
f 3018 3038 3019
f 3038 3039 3019
f 3019 3039 3020
f 3039 3040 3020
f 3020 3040 3001
f 3040 3021 3001
f 3021 3041 3022
f 3041 3042 3022
f 3022 3042 3023
f 3042 3043 3023
f 3023 3043 3024
f 3043 3044 3024
f 3024 3044 3025
f 3044 3045 3025
f 3025 3045 3026
f 3045 3046 3026
f 3026 3046 3027
f 3046 3047 3027
f 3027 3047 3028
f 3047 3048 3028
f 3028 3048 3029
f 3048 3049 3029
f 3029 3049 3030
f 3049 3050 3030
f 3030 3050 3031
f 3050 3051 3031
f 3031 3051 3032
f 3051 3052 3032
f 3032 3052 3033
f 3052 3053 3033
f 3033 3053 3034
f 3053 3054 3034
f 3034 3054 3035
f 3054 3055 3035
f 3035 3055 3036
f 3055 3056 3036
f 3036 3056 3037
f 3056 3057 3037
f 3037 3057 3038
f 3057 3058 3038
f 3038 3058 3039
f 3058 3059 3039
f 3039 3059 3040
f 3059 3060 3040
f 3040 3060 3021
f 3060 3041 3021
f 3041 3061 3042
f 3061 3062 3042
f 3042 3062 3043
f 3062 3063 3043
f 3043 3063 3044
f 3063 3064 3044
f 3044 3064 3045
f 3064 3065 3045
f 3045 3065 3046
f 3065 3066 3046
f 3046 3066 3047
f 3066 3067 3047
f 3047 3067 3048
f 3067 3068 3048
f 3048 3068 3049
f 3068 3069 3049
f 3049 3069 3050
f 3069 3070 3050
f 3050 3070 3051
f 3070 3071 3051
f 3051 3071 3052
f 3071 3072 3052
f 3052 3072 3053
f 3072 3073 3053
f 3053 3073 3054
f 3073 3074 3054
f 3054 3074 3055
f 3074 3075 3055
f 3055 3075 3056
f 3075 3076 3056
f 3056 3076 3057
f 3076 3077 3057
f 3057 3077 3058
f 3077 3078 3058
f 3058 3078 3059
f 3078 3079 3059
f 3059 3079 3060
f 3079 3080 3060
f 3060 3080 3041
f 3080 3061 3041
f 3061 3081 3062
f 3081 3082 3062
f 3062 3082 3063
f 3082 3083 3063
f 3063 3083 3064
f 3083 3084 3064
f 3064 3084 3065
f 3084 3085 3065
f 3065 3085 3066
f 3085 3086 3066
f 3066 3086 3067
f 3086 3087 3067
f 3067 3087 3068
f 3087 3088 3068
f 3068 3088 3069
f 3088 3089 3069
f 3069 3089 3070
f 3089 3090 3070
f 3070 3090 3071
f 3090 3091 3071
f 3071 3091 3072
f 3091 3092 3072
f 3072 3092 3073
f 3092 3093 3073
f 3073 3093 3074
f 3093 3094 3074
f 3074 3094 3075
f 3094 3095 3075
f 3075 3095 3076
f 3095 3096 3076
f 3076 3096 3077
f 3096 3097 3077
f 3077 3097 3078
f 3097 3098 3078
f 3078 3098 3079
f 3098 3099 3079
f 3079 3099 3080
f 3099 3100 3080
f 3080 3100 3061
f 3100 3081 3061
f 3081 3101 3082
f 3101 3102 3082
f 3082 3102 3083
f 3102 3103 3083
f 3083 3103 3084
f 3103 3104 3084
f 3084 3104 3085
f 3104 3105 3085
f 3085 3105 3086
f 3105 3106 3086
f 3086 3106 3087
f 3106 3107 3087
f 3087 3107 3088
f 3107 3108 3088
f 3088 3108 3089
f 3108 3109 3089
f 3089 3109 3090
f 3109 3110 3090
f 3090 3110 3091
f 3110 3111 3091
f 3091 3111 3092
f 3111 3112 3092
f 3092 3112 3093
f 3112 3113 3093
f 3093 3113 3094
f 3113 3114 3094
f 3094 3114 3095
f 3114 3115 3095
f 3095 3115 3096
f 3115 3116 3096
f 3096 3116 3097
f 3116 3117 3097
f 3097 3117 3098
f 3117 3118 3098
f 3098 3118 3099
f 3118 3119 3099
f 3099 3119 3100
f 3119 3120 3100
f 3100 3120 3081
f 3120 3101 3081
f 3101 3121 3102
f 3121 3122 3102
f 3102 3122 3103
f 3122 3123 3103
f 3103 3123 3104
f 3123 3124 3104
f 3104 3124 3105
f 3124 3125 3105
f 3105 3125 3106
f 3125 3126 3106
f 3106 3126 3107
f 3126 3127 3107
f 3107 3127 3108
f 3127 3128 3108
f 3108 3128 3109
f 3128 3129 3109
f 3109 3129 3110
f 3129 3130 3110
f 3110 3130 3111
f 3130 3131 3111
f 3111 3131 3112
f 3131 3132 3112
f 3112 3132 3113
f 3132 3133 3113
f 3113 3133 3114
f 3133 3134 3114
f 3114 3134 3115
f 3134 3135 3115
f 3115 3135 3116
f 3135 3136 3116
f 3116 3136 3117
f 3136 3137 3117
f 3117 3137 3118
f 3137 3138 3118
f 3118 3138 3119
f 3138 3139 3119
f 3119 3139 3120
f 3139 3140 3120
f 3120 3140 3101
f 3140 3121 3101
f 3121 3141 3122
f 3141 3142 3122
f 3122 3142 3123
f 3142 3143 3123
f 3123 3143 3124
f 3143 3144 3124
f 3124 3144 3125
f 3144 3145 3125
f 3125 3145 3126
f 3145 3146 3126
f 3126 3146 3127
f 3146 3147 3127
f 3127 3147 3128
f 3147 3148 3128
f 3128 3148 3129
f 3148 3149 3129
f 3129 3149 3130
f 3149 3150 3130
f 3130 3150 3131
f 3150 3151 3131
f 3131 3151 3132
f 3151 3152 3132
f 3132 3152 3133
f 3152 3153 3133
f 3133 3153 3134
f 3153 3154 3134
f 3134 3154 3135
f 3154 3155 3135
f 3135 3155 3136
f 3155 3156 3136
f 3136 3156 3137
f 3156 3157 3137
f 3137 3157 3138
f 3157 3158 3138
f 3138 3158 3139
f 3158 3159 3139
f 3139 3159 3140
f 3159 3160 3140
f 3140 3160 3121
f 3160 3141 3121
f 3141 3161 3142
f 3161 3162 3142
f 3142 3162 3143
f 3162 3163 3143
f 3143 3163 3144
f 3163 3164 3144
f 3144 3164 3145
f 3164 3165 3145
f 3145 3165 3146
f 3165 3166 3146
f 3146 3166 3147
f 3166 3167 3147
f 3147 3167 3148
f 3167 3168 3148
f 3148 3168 3149
f 3168 3169 3149
f 3149 3169 3150
f 3169 3170 3150
f 3150 3170 3151
f 3170 3171 3151
f 3151 3171 3152
f 3171 3172 3152
f 3152 3172 3153
f 3172 3173 3153
f 3153 3173 3154
f 3173 3174 3154
f 3154 3174 3155
f 3174 3175 3155
f 3155 3175 3156
f 3175 3176 3156
f 3156 3176 3157
f 3176 3177 3157
f 3157 3177 3158
f 3177 3178 3158
f 3158 3178 3159
f 3178 3179 3159
f 3159 3179 3160
f 3179 3180 3160
f 3160 3180 3141
f 3180 3161 3141
f 3161 3181 3162
f 3181 3182 3162
f 3162 3182 3163
f 3182 3183 3163
f 3163 3183 3164
f 3183 3184 3164
f 3164 3184 3165
f 3184 3185 3165
f 3165 3185 3166
f 3185 3186 3166
f 3166 3186 3167
f 3186 3187 3167
f 3167 3187 3168
f 3187 3188 3168
f 3168 3188 3169
f 3188 3189 3169
f 3169 3189 3170
f 3189 3190 3170
f 3170 3190 3171
f 3190 3191 3171
f 3171 3191 3172
f 3191 3192 3172
f 3172 3192 3173
f 3192 3193 3173
f 3173 3193 3174
f 3193 3194 3174
f 3174 3194 3175
f 3194 3195 3175
f 3175 3195 3176
f 3195 3196 3176
f 3176 3196 3177
f 3196 3197 3177
f 3177 3197 3178
f 3197 3198 3178
f 3178 3198 3179
f 3198 3199 3179
f 3179 3199 3180
f 3199 3200 3180
f 3180 3200 3161
f 3200 3181 3161
f 3181 3201 3182
f 3201 3202 3182
f 3182 3202 3183
f 3202 3203 3183
f 3183 3203 3184
f 3203 3204 3184
f 3184 3204 3185
f 3204 3205 3185
f 3185 3205 3186
f 3205 3206 3186
f 3186 3206 3187
f 3206 3207 3187
f 3187 3207 3188
f 3207 3208 3188
f 3188 3208 3189
f 3208 3209 3189
f 3189 3209 3190
f 3209 3210 3190
f 3190 3210 3191
f 3210 3211 3191
f 3191 3211 3192
f 3211 3212 3192
f 3192 3212 3193
f 3212 3213 3193
f 3193 3213 3194
f 3213 3214 3194
f 3194 3214 3195
f 3214 3215 3195
f 3195 3215 3196
f 3215 3216 3196
f 3196 3216 3197
f 3216 3217 3197
f 3197 3217 3198
f 3217 3218 3198
f 3198 3218 3199
f 3218 3219 3199
f 3199 3219 3200
f 3219 3220 3200
f 3200 3220 3181
f 3220 3201 3181
f 3201 3221 3202
f 3221 3222 3202
f 3202 3222 3203
f 3222 3223 3203
f 3203 3223 3204
f 3223 3224 3204
f 3204 3224 3205
f 3224 3225 3205
f 3205 3225 3206
f 3225 3226 3206
f 3206 3226 3207
f 3226 3227 3207
f 3207 3227 3208
f 3227 3228 3208
f 3208 3228 3209
f 3228 3229 3209
f 3209 3229 3210
f 3229 3230 3210
f 3210 3230 3211
f 3230 3231 3211
f 3211 3231 3212
f 3231 3232 3212
f 3212 3232 3213
f 3232 3233 3213
f 3213 3233 3214
f 3233 3234 3214
f 3214 3234 3215
f 3234 3235 3215
f 3215 3235 3216
f 3235 3236 3216
f 3216 3236 3217
f 3236 3237 3217
f 3217 3237 3218
f 3237 3238 3218
f 3218 3238 3219
f 3238 3239 3219
f 3219 3239 3220
f 3239 3240 3220
f 3220 3240 3201
f 3240 3221 3201
f 3221 3241 3222
f 3241 3242 3222
f 3222 3242 3223
f 3242 3243 3223
f 3223 3243 3224
f 3243 3244 3224
f 3224 3244 3225
f 3244 3245 3225
f 3225 3245 3226
f 3245 3246 3226
f 3226 3246 3227
f 3246 3247 3227
f 3227 3247 3228
f 3247 3248 3228
f 3228 3248 3229
f 3248 3249 3229
f 3229 3249 3230
f 3249 3250 3230
f 3230 3250 3231
f 3250 3251 3231
f 3231 3251 3232
f 3251 3252 3232
f 3232 3252 3233
f 3252 3253 3233
f 3233 3253 3234
f 3253 3254 3234
f 3234 3254 3235
f 3254 3255 3235
f 3235 3255 3236
f 3255 3256 3236
f 3236 3256 3237
f 3256 3257 3237
f 3237 3257 3238
f 3257 3258 3238
f 3238 3258 3239
f 3258 3259 3239
f 3239 3259 3240
f 3259 3260 3240
f 3240 3260 3221
f 3260 3241 3221
f 3241 3261 3242
f 3261 3262 3242
f 3242 3262 3243
f 3262 3263 3243
f 3243 3263 3244
f 3263 3264 3244
f 3244 3264 3245
f 3264 3265 3245
f 3245 3265 3246
f 3265 3266 3246
f 3246 3266 3247
f 3266 3267 3247
f 3247 3267 3248
f 3267 3268 3248
f 3248 3268 3249
f 3268 3269 3249
f 3249 3269 3250
f 3269 3270 3250
f 3250 3270 3251
f 3270 3271 3251
f 3251 3271 3252
f 3271 3272 3252
f 3252 3272 3253
f 3272 3273 3253
f 3253 3273 3254
f 3273 3274 3254
f 3254 3274 3255
f 3274 3275 3255
f 3255 3275 3256
f 3275 3276 3256
f 3256 3276 3257
f 3276 3277 3257
f 3257 3277 3258
f 3277 3278 3258
f 3258 3278 3259
f 3278 3279 3259
f 3259 3279 3260
f 3279 3280 3260
f 3260 3280 3241
f 3280 3261 3241
f 3261 3281 3262
f 3281 3282 3262
f 3262 3282 3263
f 3282 3283 3263
f 3263 3283 3264
f 3283 3284 3264
f 3264 3284 3265
f 3284 3285 3265
f 3265 3285 3266
f 3285 3286 3266
f 3266 3286 3267
f 3286 3287 3267
f 3267 3287 3268
f 3287 3288 3268
f 3268 3288 3269
f 3288 3289 3269
f 3269 3289 3270
f 3289 3290 3270
f 3270 3290 3271
f 3290 3291 3271
f 3271 3291 3272
f 3291 3292 3272
f 3272 3292 3273
f 3292 3293 3273
f 3273 3293 3274
f 3293 3294 3274
f 3274 3294 3275
f 3294 3295 3275
f 3275 3295 3276
f 3295 3296 3276
f 3276 3296 3277
f 3296 3297 3277
f 3277 3297 3278
f 3297 3298 3278
f 3278 3298 3279
f 3298 3299 3279
f 3279 3299 3280
f 3299 3300 3280
f 3280 3300 3261
f 3300 3281 3261
f 3281 3301 3282
f 3301 3302 3282
f 3282 3302 3283
f 3302 3303 3283
f 3283 3303 3284
f 3303 3304 3284
f 3284 3304 3285
f 3304 3305 3285
f 3285 3305 3286
f 3305 3306 3286
f 3286 3306 3287
f 3306 3307 3287
f 3287 3307 3288
f 3307 3308 3288
f 3288 3308 3289
f 3308 3309 3289
f 3289 3309 3290
f 3309 3310 3290
f 3290 3310 3291
f 3310 3311 3291
f 3291 3311 3292
f 3311 3312 3292
f 3292 3312 3293
f 3312 3313 3293
f 3293 3313 3294
f 3313 3314 3294
f 3294 3314 3295
f 3314 3315 3295
f 3295 3315 3296
f 3315 3316 3296
f 3296 3316 3297
f 3316 3317 3297
f 3297 3317 3298
f 3317 3318 3298
f 3298 3318 3299
f 3318 3319 3299
f 3299 3319 3300
f 3319 3320 3300
f 3300 3320 3281
f 3320 3301 3281
f 3301 3321 3302
f 3321 3322 3302
f 3302 3322 3303
f 3322 3323 3303
f 3303 3323 3304
f 3323 3324 3304
f 3304 3324 3305
f 3324 3325 3305
f 3305 3325 3306
f 3325 3326 3306
f 3306 3326 3307
f 3326 3327 3307
f 3307 3327 3308
f 3327 3328 3308
f 3308 3328 3309
f 3328 3329 3309
f 3309 3329 3310
f 3329 3330 3310
f 3310 3330 3311
f 3330 3331 3311
f 3311 3331 3312
f 3331 3332 3312
f 3312 3332 3313
f 3332 3333 3313
f 3313 3333 3314
f 3333 3334 3314
f 3314 3334 3315
f 3334 3335 3315
f 3315 3335 3316
f 3335 3336 3316
f 3316 3336 3317
f 3336 3337 3317
f 3317 3337 3318
f 3337 3338 3318
f 3318 3338 3319
f 3338 3339 3319
f 3319 3339 3320
f 3339 3340 3320
f 3320 3340 3301
f 3340 3321 3301
f 3321 3341 3322
f 3341 3342 3322
f 3322 3342 3323
f 3342 3343 3323
f 3323 3343 3324
f 3343 3344 3324
f 3324 3344 3325
f 3344 3345 3325
f 3325 3345 3326
f 3345 3346 3326
f 3326 3346 3327
f 3346 3347 3327
f 3327 3347 3328
f 3347 3348 3328
f 3328 3348 3329
f 3348 3349 3329
f 3329 3349 3330
f 3349 3350 3330
f 3330 3350 3331
f 3350 3351 3331
f 3331 3351 3332
f 3351 3352 3332
f 3332 3352 3333
f 3352 3353 3333
f 3333 3353 3334
f 3353 3354 3334
f 3334 3354 3335
f 3354 3355 3335
f 3335 3355 3336
f 3355 3356 3336
f 3336 3356 3337
f 3356 3357 3337
f 3337 3357 3338
f 3357 3358 3338
f 3338 3358 3339
f 3358 3359 3339
f 3339 3359 3340
f 3359 3360 3340
f 3340 3360 3321
f 3360 3341 3321
f 3341 3361 3342
f 3361 3362 3342
f 3342 3362 3343
f 3362 3363 3343
f 3343 3363 3344
f 3363 3364 3344
f 3344 3364 3345
f 3364 3365 3345
f 3345 3365 3346
f 3365 3366 3346
f 3346 3366 3347
f 3366 3367 3347
f 3347 3367 3348
f 3367 3368 3348
f 3348 3368 3349
f 3368 3369 3349
f 3349 3369 3350
f 3369 3370 3350
f 3350 3370 3351
f 3370 3371 3351
f 3351 3371 3352
f 3371 3372 3352
f 3352 3372 3353
f 3372 3373 3353
f 3353 3373 3354
f 3373 3374 3354
f 3354 3374 3355
f 3374 3375 3355
f 3355 3375 3356
f 3375 3376 3356
f 3356 3376 3357
f 3376 3377 3357
f 3357 3377 3358
f 3377 3378 3358
f 3358 3378 3359
f 3378 3379 3359
f 3359 3379 3360
f 3379 3380 3360
f 3360 3380 3341
f 3380 3361 3341
f 3361 3381 3362
f 3381 3382 3362
f 3362 3382 3363
f 3382 3383 3363
f 3363 3383 3364
f 3383 3384 3364
f 3364 3384 3365
f 3384 3385 3365
f 3365 3385 3366
f 3385 3386 3366
f 3366 3386 3367
f 3386 3387 3367
f 3367 3387 3368
f 3387 3388 3368
f 3368 3388 3369
f 3388 3389 3369
f 3369 3389 3370
f 3389 3390 3370
f 3370 3390 3371
f 3390 3391 3371
f 3371 3391 3372
f 3391 3392 3372
f 3372 3392 3373
f 3392 3393 3373
f 3373 3393 3374
f 3393 3394 3374
f 3374 3394 3375
f 3394 3395 3375
f 3375 3395 3376
f 3395 3396 3376
f 3376 3396 3377
f 3396 3397 3377
f 3377 3397 3378
f 3397 3398 3378
f 3378 3398 3379
f 3398 3399 3379
f 3379 3399 3380
f 3399 3400 3380
f 3380 3400 3361
f 3400 3381 3361
f 3381 3401 3382
f 3401 3402 3382
f 3382 3402 3383
f 3402 3403 3383
f 3383 3403 3384
f 3403 3404 3384
f 3384 3404 3385
f 3404 3405 3385
f 3385 3405 3386
f 3405 3406 3386
f 3386 3406 3387
f 3406 3407 3387
f 3387 3407 3388
f 3407 3408 3388
f 3388 3408 3389
f 3408 3409 3389
f 3389 3409 3390
f 3409 3410 3390
f 3390 3410 3391
f 3410 3411 3391
f 3391 3411 3392
f 3411 3412 3392
f 3392 3412 3393
f 3412 3413 3393
f 3393 3413 3394
f 3413 3414 3394
f 3394 3414 3395
f 3414 3415 3395
f 3395 3415 3396
f 3415 3416 3396
f 3396 3416 3397
f 3416 3417 3397
f 3397 3417 3398
f 3417 3418 3398
f 3398 3418 3399
f 3418 3419 3399
f 3399 3419 3400
f 3419 3420 3400
f 3400 3420 3381
f 3420 3401 3381
f 3401 3421 3402
f 3421 3422 3402
f 3402 3422 3403
f 3422 3423 3403
f 3403 3423 3404
f 3423 3424 3404
f 3404 3424 3405
f 3424 3425 3405
f 3405 3425 3406
f 3425 3426 3406
f 3406 3426 3407
f 3426 3427 3407
f 3407 3427 3408
f 3427 3428 3408
f 3408 3428 3409
f 3428 3429 3409
f 3409 3429 3410
f 3429 3430 3410
f 3410 3430 3411
f 3430 3431 3411
f 3411 3431 3412
f 3431 3432 3412
f 3412 3432 3413
f 3432 3433 3413
f 3413 3433 3414
f 3433 3434 3414
f 3414 3434 3415
f 3434 3435 3415
f 3415 3435 3416
f 3435 3436 3416
f 3416 3436 3417
f 3436 3437 3417
f 3417 3437 3418
f 3437 3438 3418
f 3418 3438 3419
f 3438 3439 3419
f 3419 3439 3420
f 3439 3440 3420
f 3420 3440 3401
f 3440 3421 3401
f 3421 3441 3422
f 3441 3442 3422
f 3422 3442 3423
f 3442 3443 3423
f 3423 3443 3424
f 3443 3444 3424
f 3424 3444 3425
f 3444 3445 3425
f 3425 3445 3426
f 3445 3446 3426
f 3426 3446 3427
f 3446 3447 3427
f 3427 3447 3428
f 3447 3448 3428
f 3428 3448 3429
f 3448 3449 3429
f 3429 3449 3430
f 3449 3450 3430
f 3430 3450 3431
f 3450 3451 3431
f 3431 3451 3432
f 3451 3452 3432
f 3432 3452 3433
f 3452 3453 3433
f 3433 3453 3434
f 3453 3454 3434
f 3434 3454 3435
f 3454 3455 3435
f 3435 3455 3436
f 3455 3456 3436
f 3436 3456 3437
f 3456 3457 3437
f 3437 3457 3438
f 3457 3458 3438
f 3438 3458 3439
f 3458 3459 3439
f 3439 3459 3440
f 3459 3460 3440
f 3440 3460 3421
f 3460 3441 3421
f 3441 3461 3442
f 3461 3462 3442
f 3442 3462 3443
f 3462 3463 3443
f 3443 3463 3444
f 3463 3464 3444
f 3444 3464 3445
f 3464 3465 3445
f 3445 3465 3446
f 3465 3466 3446
f 3446 3466 3447
f 3466 3467 3447
f 3447 3467 3448
f 3467 3468 3448
f 3448 3468 3449
f 3468 3469 3449
f 3449 3469 3450
f 3469 3470 3450
f 3450 3470 3451
f 3470 3471 3451
f 3451 3471 3452
f 3471 3472 3452
f 3452 3472 3453
f 3472 3473 3453
f 3453 3473 3454
f 3473 3474 3454
f 3454 3474 3455
f 3474 3475 3455
f 3455 3475 3456
f 3475 3476 3456
f 3456 3476 3457
f 3476 3477 3457
f 3457 3477 3458
f 3477 3478 3458
f 3458 3478 3459
f 3478 3479 3459
f 3459 3479 3460
f 3479 3480 3460
f 3460 3480 3441
f 3480 3461 3441
f 3461 3481 3462
f 3481 3482 3462
f 3462 3482 3463
f 3482 3483 3463
f 3463 3483 3464
f 3483 3484 3464
f 3464 3484 3465
f 3484 3485 3465
f 3465 3485 3466
f 3485 3486 3466
f 3466 3486 3467
f 3486 3487 3467
f 3467 3487 3468
f 3487 3488 3468
f 3468 3488 3469
f 3488 3489 3469
f 3469 3489 3470
f 3489 3490 3470
f 3470 3490 3471
f 3490 3491 3471
f 3471 3491 3472
f 3491 3492 3472
f 3472 3492 3473
f 3492 3493 3473
f 3473 3493 3474
f 3493 3494 3474
f 3474 3494 3475
f 3494 3495 3475
f 3475 3495 3476
f 3495 3496 3476
f 3476 3496 3477
f 3496 3497 3477
f 3477 3497 3478
f 3497 3498 3478
f 3478 3498 3479
f 3498 3499 3479
f 3479 3499 3480
f 3499 3500 3480
f 3480 3500 3461
f 3500 3481 3461
f 3481 3501 3482
f 3501 3502 3482
f 3482 3502 3483
f 3502 3503 3483
f 3483 3503 3484
f 3503 3504 3484
f 3484 3504 3485
f 3504 3505 3485
f 3485 3505 3486
f 3505 3506 3486
f 3486 3506 3487
f 3506 3507 3487
f 3487 3507 3488
f 3507 3508 3488
f 3488 3508 3489
f 3508 3509 3489
f 3489 3509 3490
f 3509 3510 3490
f 3490 3510 3491
f 3510 3511 3491
f 3491 3511 3492
f 3511 3512 3492
f 3492 3512 3493
f 3512 3513 3493
f 3493 3513 3494
f 3513 3514 3494
f 3494 3514 3495
f 3514 3515 3495
f 3495 3515 3496
f 3515 3516 3496
f 3496 3516 3497
f 3516 3517 3497
f 3497 3517 3498
f 3517 3518 3498
f 3498 3518 3499
f 3518 3519 3499
f 3499 3519 3500
f 3519 3520 3500
f 3500 3520 3481
f 3520 3501 3481
f 3501 3521 3502
f 3521 3522 3502
f 3502 3522 3503
f 3522 3523 3503
f 3503 3523 3504
f 3523 3524 3504
f 3504 3524 3505
f 3524 3525 3505
f 3505 3525 3506
f 3525 3526 3506
f 3506 3526 3507
f 3526 3527 3507
f 3507 3527 3508
f 3527 3528 3508
f 3508 3528 3509
f 3528 3529 3509
f 3509 3529 3510
f 3529 3530 3510
f 3510 3530 3511
f 3530 3531 3511
f 3511 3531 3512
f 3531 3532 3512
f 3512 3532 3513
f 3532 3533 3513
f 3513 3533 3514
f 3533 3534 3514
f 3514 3534 3515
f 3534 3535 3515
f 3515 3535 3516
f 3535 3536 3516
f 3516 3536 3517
f 3536 3537 3517
f 3517 3537 3518
f 3537 3538 3518
f 3518 3538 3519
f 3538 3539 3519
f 3519 3539 3520
f 3539 3540 3520
f 3520 3540 3501
f 3540 3521 3501
f 3521 3541 3522
f 3541 3542 3522
f 3522 3542 3523
f 3542 3543 3523
f 3523 3543 3524
f 3543 3544 3524
f 3524 3544 3525
f 3544 3545 3525
f 3525 3545 3526
f 3545 3546 3526
f 3526 3546 3527
f 3546 3547 3527
f 3527 3547 3528
f 3547 3548 3528
f 3528 3548 3529
f 3548 3549 3529
f 3529 3549 3530
f 3549 3550 3530
f 3530 3550 3531
f 3550 3551 3531
f 3531 3551 3532
f 3551 3552 3532
f 3532 3552 3533
f 3552 3553 3533
f 3533 3553 3534
f 3553 3554 3534
f 3534 3554 3535
f 3554 3555 3535
f 3535 3555 3536
f 3555 3556 3536
f 3536 3556 3537
f 3556 3557 3537
f 3537 3557 3538
f 3557 3558 3538
f 3538 3558 3539
f 3558 3559 3539
f 3539 3559 3540
f 3559 3560 3540
f 3540 3560 3521
f 3560 3541 3521
f 3541 3561 3542
f 3561 3562 3542
f 3542 3562 3543
f 3562 3563 3543
f 3543 3563 3544
f 3563 3564 3544
f 3544 3564 3545
f 3564 3565 3545
f 3545 3565 3546
f 3565 3566 3546
f 3546 3566 3547
f 3566 3567 3547
f 3547 3567 3548
f 3567 3568 3548
f 3548 3568 3549
f 3568 3569 3549
f 3549 3569 3550
f 3569 3570 3550
f 3550 3570 3551
f 3570 3571 3551
f 3551 3571 3552
f 3571 3572 3552
f 3552 3572 3553
f 3572 3573 3553
f 3553 3573 3554
f 3573 3574 3554
f 3554 3574 3555
f 3574 3575 3555
f 3555 3575 3556
f 3575 3576 3556
f 3556 3576 3557
f 3576 3577 3557
f 3557 3577 3558
f 3577 3578 3558
f 3558 3578 3559
f 3578 3579 3559
f 3559 3579 3560
f 3579 3580 3560
f 3560 3580 3541
f 3580 3561 3541
f 3561 3581 3562
f 3581 3582 3562
f 3562 3582 3563
f 3582 3583 3563
f 3563 3583 3564
f 3583 3584 3564
f 3564 3584 3565
f 3584 3585 3565
f 3565 3585 3566
f 3585 3586 3566
f 3566 3586 3567
f 3586 3587 3567
f 3567 3587 3568
f 3587 3588 3568
f 3568 3588 3569
f 3588 3589 3569
f 3569 3589 3570
f 3589 3590 3570
f 3570 3590 3571
f 3590 3591 3571
f 3571 3591 3572
f 3591 3592 3572
f 3572 3592 3573
f 3592 3593 3573
f 3573 3593 3574
f 3593 3594 3574
f 3574 3594 3575
f 3594 3595 3575
f 3575 3595 3576
f 3595 3596 3576
f 3576 3596 3577
f 3596 3597 3577
f 3577 3597 3578
f 3597 3598 3578
f 3578 3598 3579
f 3598 3599 3579
f 3579 3599 3580
f 3599 3600 3580
f 3580 3600 3561
f 3600 3581 3561
f 3581 3601 3582
f 3601 3602 3582
f 3582 3602 3583
f 3602 3603 3583
f 3583 3603 3584
f 3603 3604 3584
f 3584 3604 3585
f 3604 3605 3585
f 3585 3605 3586
f 3605 3606 3586
f 3586 3606 3587
f 3606 3607 3587
f 3587 3607 3588
f 3607 3608 3588
f 3588 3608 3589
f 3608 3609 3589
f 3589 3609 3590
f 3609 3610 3590
f 3590 3610 3591
f 3610 3611 3591
f 3591 3611 3592
f 3611 3612 3592
f 3592 3612 3593
f 3612 3613 3593
f 3593 3613 3594
f 3613 3614 3594
f 3594 3614 3595
f 3614 3615 3595
f 3595 3615 3596
f 3615 3616 3596
f 3596 3616 3597
f 3616 3617 3597
f 3597 3617 3598
f 3617 3618 3598
f 3598 3618 3599
f 3618 3619 3599
f 3599 3619 3600
f 3619 3620 3600
f 3600 3620 3581
f 3620 3601 3581
f 3601 3621 3602
f 3621 3622 3602
f 3602 3622 3603
f 3622 3623 3603
f 3603 3623 3604
f 3623 3624 3604
f 3604 3624 3605
f 3624 3625 3605
f 3605 3625 3606
f 3625 3626 3606
f 3606 3626 3607
f 3626 3627 3607
f 3607 3627 3608
f 3627 3628 3608
f 3608 3628 3609
f 3628 3629 3609
f 3609 3629 3610
f 3629 3630 3610
f 3610 3630 3611
f 3630 3631 3611
f 3611 3631 3612
f 3631 3632 3612
f 3612 3632 3613
f 3632 3633 3613
f 3613 3633 3614
f 3633 3634 3614
f 3614 3634 3615
f 3634 3635 3615
f 3615 3635 3616
f 3635 3636 3616
f 3616 3636 3617
f 3636 3637 3617
f 3617 3637 3618
f 3637 3638 3618
f 3618 3638 3619
f 3638 3639 3619
f 3619 3639 3620
f 3639 3640 3620
f 3620 3640 3601
f 3640 3621 3601
f 3621 3641 3622
f 3641 3642 3622
f 3622 3642 3623
f 3642 3643 3623
f 3623 3643 3624
f 3643 3644 3624
f 3624 3644 3625
f 3644 3645 3625
f 3625 3645 3626
f 3645 3646 3626
f 3626 3646 3627
f 3646 3647 3627
f 3627 3647 3628
f 3647 3648 3628
f 3628 3648 3629
f 3648 3649 3629
f 3629 3649 3630
f 3649 3650 3630
f 3630 3650 3631
f 3650 3651 3631
f 3631 3651 3632
f 3651 3652 3632
f 3632 3652 3633
f 3652 3653 3633
f 3633 3653 3634
f 3653 3654 3634
f 3634 3654 3635
f 3654 3655 3635
f 3635 3655 3636
f 3655 3656 3636
f 3636 3656 3637
f 3656 3657 3637
f 3637 3657 3638
f 3657 3658 3638
f 3638 3658 3639
f 3658 3659 3639
f 3639 3659 3640
f 3659 3660 3640
f 3640 3660 3621
f 3660 3641 3621
f 3641 3661 3642
f 3661 3662 3642
f 3642 3662 3643
f 3662 3663 3643
f 3643 3663 3644
f 3663 3664 3644
f 3644 3664 3645
f 3664 3665 3645
f 3645 3665 3646
f 3665 3666 3646
f 3646 3666 3647
f 3666 3667 3647
f 3647 3667 3648
f 3667 3668 3648
f 3648 3668 3649
f 3668 3669 3649
f 3649 3669 3650
f 3669 3670 3650
f 3650 3670 3651
f 3670 3671 3651
f 3651 3671 3652
f 3671 3672 3652
f 3652 3672 3653
f 3672 3673 3653
f 3653 3673 3654
f 3673 3674 3654
f 3654 3674 3655
f 3674 3675 3655
f 3655 3675 3656
f 3675 3676 3656
f 3656 3676 3657
f 3676 3677 3657
f 3657 3677 3658
f 3677 3678 3658
f 3658 3678 3659
f 3678 3679 3659
f 3659 3679 3660
f 3679 3680 3660
f 3660 3680 3641
f 3680 3661 3641
f 3661 3681 3662
f 3681 3682 3662
f 3662 3682 3663
f 3682 3683 3663
f 3663 3683 3664
f 3683 3684 3664
f 3664 3684 3665
f 3684 3685 3665
f 3665 3685 3666
f 3685 3686 3666
f 3666 3686 3667
f 3686 3687 3667
f 3667 3687 3668
f 3687 3688 3668
f 3668 3688 3669
f 3688 3689 3669
f 3669 3689 3670
f 3689 3690 3670
f 3670 3690 3671
f 3690 3691 3671
f 3671 3691 3672
f 3691 3692 3672
f 3672 3692 3673
f 3692 3693 3673
f 3673 3693 3674
f 3693 3694 3674
f 3674 3694 3675
f 3694 3695 3675
f 3675 3695 3676
f 3695 3696 3676
f 3676 3696 3677
f 3696 3697 3677
f 3677 3697 3678
f 3697 3698 3678
f 3678 3698 3679
f 3698 3699 3679
f 3679 3699 3680
f 3699 3700 3680
f 3680 3700 3661
f 3700 3681 3661
f 3681 3701 3682
f 3701 3702 3682
f 3682 3702 3683
f 3702 3703 3683
f 3683 3703 3684
f 3703 3704 3684
f 3684 3704 3685
f 3704 3705 3685
f 3685 3705 3686
f 3705 3706 3686
f 3686 3706 3687
f 3706 3707 3687
f 3687 3707 3688
f 3707 3708 3688
f 3688 3708 3689
f 3708 3709 3689
f 3689 3709 3690
f 3709 3710 3690
f 3690 3710 3691
f 3710 3711 3691
f 3691 3711 3692
f 3711 3712 3692
f 3692 3712 3693
f 3712 3713 3693
f 3693 3713 3694
f 3713 3714 3694
f 3694 3714 3695
f 3714 3715 3695
f 3695 3715 3696
f 3715 3716 3696
f 3696 3716 3697
f 3716 3717 3697
f 3697 3717 3698
f 3717 3718 3698
f 3698 3718 3699
f 3718 3719 3699
f 3699 3719 3700
f 3719 3720 3700
f 3700 3720 3681
f 3720 3701 3681
f 3701 3721 3702
f 3721 3722 3702
f 3702 3722 3703
f 3722 3723 3703
f 3703 3723 3704
f 3723 3724 3704
f 3704 3724 3705
f 3724 3725 3705
f 3705 3725 3706
f 3725 3726 3706
f 3706 3726 3707
f 3726 3727 3707
f 3707 3727 3708
f 3727 3728 3708
f 3708 3728 3709
f 3728 3729 3709
f 3709 3729 3710
f 3729 3730 3710
f 3710 3730 3711
f 3730 3731 3711
f 3711 3731 3712
f 3731 3732 3712
f 3712 3732 3713
f 3732 3733 3713
f 3713 3733 3714
f 3733 3734 3714
f 3714 3734 3715
f 3734 3735 3715
f 3715 3735 3716
f 3735 3736 3716
f 3716 3736 3717
f 3736 3737 3717
f 3717 3737 3718
f 3737 3738 3718
f 3718 3738 3719
f 3738 3739 3719
f 3719 3739 3720
f 3739 3740 3720
f 3720 3740 3701
f 3740 3721 3701
f 3721 3741 3722
f 3741 3742 3722
f 3722 3742 3723
f 3742 3743 3723
f 3723 3743 3724
f 3743 3744 3724
f 3724 3744 3725
f 3744 3745 3725
f 3725 3745 3726
f 3745 3746 3726
f 3726 3746 3727
f 3746 3747 3727
f 3727 3747 3728
f 3747 3748 3728
f 3728 3748 3729
f 3748 3749 3729
f 3729 3749 3730
f 3749 3750 3730
f 3730 3750 3731
f 3750 3751 3731
f 3731 3751 3732
f 3751 3752 3732
f 3732 3752 3733
f 3752 3753 3733
f 3733 3753 3734
f 3753 3754 3734
f 3734 3754 3735
f 3754 3755 3735
f 3735 3755 3736
f 3755 3756 3736
f 3736 3756 3737
f 3756 3757 3737
f 3737 3757 3738
f 3757 3758 3738
f 3738 3758 3739
f 3758 3759 3739
f 3739 3759 3740
f 3759 3760 3740
f 3740 3760 3721
f 3760 3741 3721
f 3741 3761 3742
f 3761 3762 3742
f 3742 3762 3743
f 3762 3763 3743
f 3743 3763 3744
f 3763 3764 3744
f 3744 3764 3745
f 3764 3765 3745
f 3745 3765 3746
f 3765 3766 3746
f 3746 3766 3747
f 3766 3767 3747
f 3747 3767 3748
f 3767 3768 3748
f 3748 3768 3749
f 3768 3769 3749
f 3749 3769 3750
f 3769 3770 3750
f 3750 3770 3751
f 3770 3771 3751
f 3751 3771 3752
f 3771 3772 3752
f 3752 3772 3753
f 3772 3773 3753
f 3753 3773 3754
f 3773 3774 3754
f 3754 3774 3755
f 3774 3775 3755
f 3755 3775 3756
f 3775 3776 3756
f 3756 3776 3757
f 3776 3777 3757
f 3757 3777 3758
f 3777 3778 3758
f 3758 3778 3759
f 3778 3779 3759
f 3759 3779 3760
f 3779 3780 3760
f 3760 3780 3741
f 3780 3761 3741
f 3761 3781 3762
f 3781 3782 3762
f 3762 3782 3763
f 3782 3783 3763
f 3763 3783 3764
f 3783 3784 3764
f 3764 3784 3765
f 3784 3785 3765
f 3765 3785 3766
f 3785 3786 3766
f 3766 3786 3767
f 3786 3787 3767
f 3767 3787 3768
f 3787 3788 3768
f 3768 3788 3769
f 3788 3789 3769
f 3769 3789 3770
f 3789 3790 3770
f 3770 3790 3771
f 3790 3791 3771
f 3771 3791 3772
f 3791 3792 3772
f 3772 3792 3773
f 3792 3793 3773
f 3773 3793 3774
f 3793 3794 3774
f 3774 3794 3775
f 3794 3795 3775
f 3775 3795 3776
f 3795 3796 3776
f 3776 3796 3777
f 3796 3797 3777
f 3777 3797 3778
f 3797 3798 3778
f 3778 3798 3779
f 3798 3799 3779
f 3779 3799 3780
f 3799 3800 3780
f 3780 3800 3761
f 3800 3781 3761
f 3781 3801 3782
f 3801 3802 3782
f 3782 3802 3783
f 3802 3803 3783
f 3783 3803 3784
f 3803 3804 3784
f 3784 3804 3785
f 3804 3805 3785
f 3785 3805 3786
f 3805 3806 3786
f 3786 3806 3787
f 3806 3807 3787
f 3787 3807 3788
f 3807 3808 3788
f 3788 3808 3789
f 3808 3809 3789
f 3789 3809 3790
f 3809 3810 3790
f 3790 3810 3791
f 3810 3811 3791
f 3791 3811 3792
f 3811 3812 3792
f 3792 3812 3793
f 3812 3813 3793
f 3793 3813 3794
f 3813 3814 3794
f 3794 3814 3795
f 3814 3815 3795
f 3795 3815 3796
f 3815 3816 3796
f 3796 3816 3797
f 3816 3817 3797
f 3797 3817 3798
f 3817 3818 3798
f 3798 3818 3799
f 3818 3819 3799
f 3799 3819 3800
f 3819 3820 3800
f 3800 3820 3781
f 3820 3801 3781
f 3801 3821 3802
f 3821 3822 3802
f 3802 3822 3803
f 3822 3823 3803
f 3803 3823 3804
f 3823 3824 3804
f 3804 3824 3805
f 3824 3825 3805
f 3805 3825 3806
f 3825 3826 3806
f 3806 3826 3807
f 3826 3827 3807
f 3807 3827 3808
f 3827 3828 3808
f 3808 3828 3809
f 3828 3829 3809
f 3809 3829 3810
f 3829 3830 3810
f 3810 3830 3811
f 3830 3831 3811
f 3811 3831 3812
f 3831 3832 3812
f 3812 3832 3813
f 3832 3833 3813
f 3813 3833 3814
f 3833 3834 3814
f 3814 3834 3815
f 3834 3835 3815
f 3815 3835 3816
f 3835 3836 3816
f 3816 3836 3817
f 3836 3837 3817
f 3817 3837 3818
f 3837 3838 3818
f 3818 3838 3819
f 3838 3839 3819
f 3819 3839 3820
f 3839 3840 3820
f 3820 3840 3801
f 3840 3821 3801
f 3821 1 3822
f 1 2 3822
f 3822 2 3823
f 2 3 3823
f 3823 3 3824
f 3 4 3824
f 3824 4 3825
f 4 5 3825
f 3825 5 3826
f 5 6 3826
f 3826 6 3827
f 6 7 3827
f 3827 7 3828
f 7 8 3828
f 3828 8 3829
f 8 9 3829
f 3829 9 3830
f 9 10 3830
f 3830 10 3831
f 10 11 3831
f 3831 11 3832
f 11 12 3832
f 3832 12 3833
f 12 13 3833
f 3833 13 3834
f 13 14 3834
f 3834 14 3835
f 14 15 3835
f 3835 15 3836
f 15 16 3836
f 3836 16 3837
f 16 17 3837
f 3837 17 3838
f 17 18 3838
f 3838 18 3839
f 18 19 3839
f 3839 19 3840
f 19 20 3840
f 3840 20 3821
f 20 1 3821
