# GLYPH torus
v 1 0 0
v 0.99247837 0.06675628 0
v 0.97029066 0.13016512 0
v 0.93454944 0.18704694 0
v 0.88704694 0.23454944 0
v 0.83016512 0.27029066 0
v 0.76675628 0.29247837 0
v 0.7 0.3 0
v 0.63324372 0.29247837 0
v 0.56983488 0.27029066 0
v 0.51295306 0.23454944 0
v 0.46545056 0.18704694 0
v 0.42970934 0.13016512 0
v 0.40752163 0.06675628 0
v 0.4 0 0
v 0.40752163 -0.06675628 0
v 0.42970934 -0.13016512 0
v 0.46545056 -0.18704694 0
v 0.51295306 -0.23454944 0
v 0.56983488 -0.27029066 0
v 0.63324372 -0.29247837 0
v 0.7 -0.3 0
v 0.76675628 -0.29247837 0
v 0.83016512 -0.27029066 0
v 0.88704694 -0.23454944 0
v 0.93454944 -0.18704694 0
v 0.97029066 -0.13016512 0
v 0.99247837 -0.06675628 0
v 0.99518473 0 0.09801714
v 0.98769932 0.06675628 0.09727989
v 0.96561845 0.13016512 0.09510512
v 0.93004933 0.18704694 0.09160186
v 0.88277557 0.23454944 0.0869458
v 0.82616765 0.27029066 0.08137041
v 0.76306414 0.29247837 0.07515526
v 0.69662931 0.3 0.068612
v 0.63019448 0.29247837 0.06206874
v 0.56709097 0.27029066 0.05585359
v 0.51048305 0.23454944 0.05027819
v 0.46320928 0.18704694 0.04562213
v 0.42764017 0.13016512 0.04211888
v 0.4055593 0.06675628 0.0399441
v 0.39807389 0 0.03920686
v 0.4055593 -0.06675628 0.0399441
v 0.42764017 -0.13016512 0.04211888
v 0.46320928 -0.18704694 0.04562213
v 0.51048305 -0.23454944 0.05027819
v 0.56709097 -0.27029066 0.05585359
v 0.63019448 -0.29247837 0.06206874
v 0.69662931 -0.3 0.068612
v 0.76306414 -0.29247837 0.07515526
v 0.82616765 -0.27029066 0.08137041
v 0.88277557 -0.23454944 0.0869458
v 0.93004933 -0.18704694 0.09160186
v 0.96561845 -0.13016512 0.09510512
v 0.98769932 -0.06675628 0.09727989
v 0.98078528 0 0.19509032
v 0.97340818 0.06675628 0.19362293
v 0.9516468 0.13016512 0.18929432
v 0.91659234 0.18704694 0.18232155
v 0.87000258 0.23454944 0.17305427
v 0.81421373 0.27029066 0.16195718
v 0.75202327 0.29247837 0.14958673
v 0.6865497 0.3 0.13656323
v 0.62107612 0.29247837 0.12353972
v 0.55888566 0.27029066 0.11116927
v 0.50309681 0.23454944 0.10007218
v 0.45650705 0.18704694 0.0908049
v 0.4214526 0.13016512 0.08383213
v 0.39969121 0.06675628 0.07950353
v 0.39231411 0 0.07803613
v 0.39969121 -0.06675628 0.07950353
v 0.4214526 -0.13016512 0.08383213
v 0.45650705 -0.18704694 0.0908049
v 0.50309681 -0.23454944 0.10007218
v 0.55888566 -0.27029066 0.11116927
v 0.62107612 -0.29247837 0.12353972
v 0.6865497 -0.3 0.13656323
v 0.75202327 -0.29247837 0.14958673
v 0.81421373 -0.27029066 0.16195718
v 0.87000258 -0.23454944 0.17305427
v 0.91659234 -0.18704694 0.18232155
v 0.9516468 -0.13016512 0.18929432
v 0.97340818 -0.06675628 0.19362293
v 0.95694034 0 0.29028468
v 0.94974259 0.06675628 0.28810126
v 0.92851027 0.13016512 0.28166051
v 0.89430806 0.18704694 0.27128538
v 0.848851 0.23454944 0.25749613
v 0.79441849 0.27029066 0.24098421
v 0.73374001 0.29247837 0.2225776
v 0.66985824 0.3 0.20319927
v 0.60597646 0.29247837 0.18382095
v 0.54529798 0.27029066 0.16541433
v 0.49086547 0.23454944 0.14890241
v 0.44540841 0.18704694 0.13511316
v 0.4112062 0.13016512 0.12473804
v 0.38997388 0.06675628 0.11829728
v 0.38277613 0 0.11611387
v 0.38997388 -0.06675628 0.11829728
v 0.4112062 -0.13016512 0.12473804
v 0.44540841 -0.18704694 0.13511316
v 0.49086547 -0.23454944 0.14890241
v 0.54529798 -0.27029066 0.16541433
v 0.60597646 -0.29247837 0.18382095
v 0.66985824 -0.3 0.20319927
v 0.73374001 -0.29247837 0.2225776
v 0.79441849 -0.27029066 0.24098421
v 0.848851 -0.23454944 0.25749613
v 0.89430806 -0.18704694 0.27128538
v 0.92851027 -0.13016512 0.28166051
v 0.94974259 -0.06675628 0.28810126
v 0.92387953 0 0.38268343
v 0.91693046 0.06675628 0.37980503
v 0.89643168 0.13016512 0.37131416
v 0.8634111 0.18704694 0.35763659
v 0.81952451 0.23454944 0.33945817
v 0.76697256 0.27029066 0.31769044
v 0.70839043 0.29247837 0.29342493
v 0.64671567 0.3 0.2678784
v 0.58504091 0.29247837 0.24233188
v 0.52645878 0.27029066 0.21806637
v 0.47390683 0.23454944 0.19629864
v 0.43002024 0.18704694 0.17812022
v 0.39699966 0.13016512 0.16444265
v 0.37650089 0.06675628 0.15595177
v 0.36955181 0 0.15307337
v 0.37650089 -0.06675628 0.15595177
v 0.39699966 -0.13016512 0.16444265
v 0.43002024 -0.18704694 0.17812022
v 0.47390683 -0.23454944 0.19629864
v 0.52645878 -0.27029066 0.21806637
v 0.58504091 -0.29247837 0.24233188
v 0.64671567 -0.3 0.2678784
v 0.70839043 -0.29247837 0.29342493
v 0.76697256 -0.27029066 0.31769044
v 0.81952451 -0.23454944 0.33945817
v 0.8634111 -0.18704694 0.35763659
v 0.89643168 -0.13016512 0.37131416
v 0.91693046 -0.06675628 0.37980503
v 0.88192126 0 0.47139674
v 0.87528778 0.06675628 0.46785107
v 0.85571997 0.13016512 0.45739185
v 0.82419903 0.18704694 0.44054356
v 0.78230556 0.23454944 0.41815103
v 0.73214027 0.27029066 0.39133713
v 0.67621867 0.29247837 0.36144641
v 0.61734489 0.3 0.32997772
v 0.5584711 0.29247837 0.29850902
v 0.5025495 0.27029066 0.2686183
v 0.45238421 0.23454944 0.2418044
v 0.41049074 0.18704694 0.21941187
v 0.3789698 0.13016512 0.20256358
v 0.35940199 0.06675628 0.19210436
v 0.35276851 0 0.18855869
v 0.35940199 -0.06675628 0.19210436
v 0.3789698 -0.13016512 0.20256358
v 0.41049074 -0.18704694 0.21941187
v 0.45238421 -0.23454944 0.2418044
v 0.5025495 -0.27029066 0.2686183
v 0.5584711 -0.29247837 0.29850902
v 0.61734489 -0.3 0.32997772
v 0.67621867 -0.29247837 0.36144641
v 0.73214027 -0.27029066 0.39133713
v 0.78230556 -0.23454944 0.41815103
v 0.82419903 -0.18704694 0.44054356
v 0.85571997 -0.13016512 0.45739185
v 0.87528778 -0.06675628 0.46785107
v 0.83146961 0 0.55557023
v 0.82521561 0.06675628 0.55139144
v 0.8067672 0.13016512 0.53906461
v 0.77704946 0.18704694 0.51920785
v 0.73755258 0.23454944 0.49281688
v 0.69025707 0.27029066 0.46121503
v 0.63753455 0.29247837 0.42598697
v 0.58202873 0.3 0.38889916
v 0.52652291 0.29247837 0.35181136
v 0.47380039 0.27029066 0.3165833
v 0.42650488 0.23454944 0.28498145
v 0.38700799 0.18704694 0.25859047
v 0.35729026 0.13016512 0.23873372
v 0.33884185 0.06675628 0.22640688
v 0.33258784 0 0.22222809
v 0.33884185 -0.06675628 0.22640688
v 0.35729026 -0.13016512 0.23873372
v 0.38700799 -0.18704694 0.25859047
v 0.42650488 -0.23454944 0.28498145
v 0.47380039 -0.27029066 0.3165833
v 0.52652291 -0.29247837 0.35181136
v 0.58202873 -0.3 0.38889916
v 0.63753455 -0.29247837 0.42598697
v 0.69025707 -0.27029066 0.46121503
v 0.73755258 -0.23454944 0.49281688
v 0.77704946 -0.18704694 0.51920785
v 0.8067672 -0.13016512 0.53906461
v 0.82521561 -0.06675628 0.55139144
v 0.77301045 0 0.63439328
v 0.76719616 0.06675628 0.62962161
v 0.75004482 0.13016512 0.61554588
v 0.72241649 0.18704694 0.59287189
v 0.68569656 0.23454944 0.56273662
v 0.64172632 0.27029066 0.52665118
v 0.59271062 0.29247837 0.48642503
v 0.54110732 0.3 0.4440753
v 0.48950401 0.29247837 0.40172556
v 0.44048832 0.27029066 0.36149942
v 0.39651808 0.23454944 0.32541398
v 0.35979814 0.18704694 0.29527871
v 0.33216981 0.13016512 0.27260472
v 0.31501848 0.06675628 0.25852898
v 0.30920418 0 0.25375731
v 0.31501848 -0.06675628 0.25852898
v 0.33216981 -0.13016512 0.27260472
v 0.35979814 -0.18704694 0.29527871
v 0.39651808 -0.23454944 0.32541398
v 0.44048832 -0.27029066 0.36149942
v 0.48950401 -0.29247837 0.40172556
v 0.54110732 -0.3 0.4440753
v 0.59271062 -0.29247837 0.48642503
v 0.64172632 -0.27029066 0.52665118
v 0.68569656 -0.23454944 0.56273662
v 0.72241649 -0.18704694 0.59287189
v 0.75004482 -0.13016512 0.61554588
v 0.76719616 -0.06675628 0.62962161
v 0.70710678 0 0.70710678
v 0.70178819 0.06675628 0.70178819
v 0.68609911 0.13016512 0.68609911
v 0.66082625 0.18704694 0.66082625
v 0.62723691 0.23454944 0.62723691
v 0.58701539 0.27029066 0.58701539
v 0.54217857 0.29247837 0.54217857
v 0.49497475 0.3 0.49497475
v 0.44777093 0.29247837 0.44777093
v 0.40293411 0.27029066 0.40293411
v 0.36271259 0.23454944 0.36271259
v 0.32912324 0.18704694 0.32912324
v 0.30385039 0.13016512 0.30385039
v 0.28816131 0.06675628 0.28816131
v 0.28284271 0 0.28284271
v 0.28816131 -0.06675628 0.28816131
v 0.30385039 -0.13016512 0.30385039
v 0.32912324 -0.18704694 0.32912324
v 0.36271259 -0.23454944 0.36271259
v 0.40293411 -0.27029066 0.40293411
v 0.44777093 -0.29247837 0.44777093
v 0.49497475 -0.3 0.49497475
v 0.54217857 -0.29247837 0.54217857
v 0.58701539 -0.27029066 0.58701539
v 0.62723691 -0.23454944 0.62723691
v 0.66082625 -0.18704694 0.66082625
v 0.68609911 -0.13016512 0.68609911
v 0.70178819 -0.06675628 0.70178819
v 0.63439328 0 0.77301045
v 0.62962161 0.06675628 0.76719616
v 0.61554588 0.13016512 0.75004482
v 0.59287189 0.18704694 0.72241649
v 0.56273662 0.23454944 0.68569656
v 0.52665118 0.27029066 0.64172632
v 0.48642503 0.29247837 0.59271062
v 0.4440753 0.3 0.54110732
v 0.40172556 0.29247837 0.48950401
v 0.36149942 0.27029066 0.44048832
v 0.32541398 0.23454944 0.39651808
v 0.29527871 0.18704694 0.35979814
v 0.27260472 0.13016512 0.33216981
v 0.25852898 0.06675628 0.31501848
v 0.25375731 0 0.30920418
v 0.25852898 -0.06675628 0.31501848
v 0.27260472 -0.13016512 0.33216981
v 0.29527871 -0.18704694 0.35979814
v 0.32541398 -0.23454944 0.39651808
v 0.36149942 -0.27029066 0.44048832
v 0.40172556 -0.29247837 0.48950401
v 0.4440753 -0.3 0.54110732
v 0.48642503 -0.29247837 0.59271062
v 0.52665118 -0.27029066 0.64172632
v 0.56273662 -0.23454944 0.68569656
v 0.59287189 -0.18704694 0.72241649
v 0.61554588 -0.13016512 0.75004482
v 0.62962161 -0.06675628 0.76719616
v 0.55557023 0 0.83146961
v 0.55139144 0.06675628 0.82521561
v 0.53906461 0.13016512 0.8067672
v 0.51920785 0.18704694 0.77704946
v 0.49281688 0.23454944 0.73755258
v 0.46121503 0.27029066 0.69025707
v 0.42598697 0.29247837 0.63753455
v 0.38889916 0.3 0.58202873
v 0.35181136 0.29247837 0.52652291
v 0.3165833 0.27029066 0.47380039
v 0.28498145 0.23454944 0.42650488
v 0.25859047 0.18704694 0.38700799
v 0.23873372 0.13016512 0.35729026
v 0.22640688 0.06675628 0.33884185
v 0.22222809 0 0.33258784
v 0.22640688 -0.06675628 0.33884185
v 0.23873372 -0.13016512 0.35729026
v 0.25859047 -0.18704694 0.38700799
v 0.28498145 -0.23454944 0.42650488
v 0.3165833 -0.27029066 0.47380039
v 0.35181136 -0.29247837 0.52652291
v 0.38889916 -0.3 0.58202873
v 0.42598697 -0.29247837 0.63753455
v 0.46121503 -0.27029066 0.69025707
v 0.49281688 -0.23454944 0.73755258
v 0.51920785 -0.18704694 0.77704946
v 0.53906461 -0.13016512 0.8067672
v 0.55139144 -0.06675628 0.82521561
v 0.47139674 0 0.88192126
v 0.46785107 0.06675628 0.87528778
v 0.45739185 0.13016512 0.85571997
v 0.44054356 0.18704694 0.82419903
v 0.41815103 0.23454944 0.78230556
v 0.39133713 0.27029066 0.73214027
v 0.36144641 0.29247837 0.67621867
v 0.32997772 0.3 0.61734489
v 0.29850902 0.29247837 0.5584711
v 0.2686183 0.27029066 0.5025495
v 0.2418044 0.23454944 0.45238421
v 0.21941187 0.18704694 0.41049074
v 0.20256358 0.13016512 0.3789698
v 0.19210436 0.06675628 0.35940199
v 0.18855869 0 0.35276851
v 0.19210436 -0.06675628 0.35940199
v 0.20256358 -0.13016512 0.3789698
v 0.21941187 -0.18704694 0.41049074
v 0.2418044 -0.23454944 0.45238421
v 0.2686183 -0.27029066 0.5025495
v 0.29850902 -0.29247837 0.5584711
v 0.32997772 -0.3 0.61734489
v 0.36144641 -0.29247837 0.67621867
v 0.39133713 -0.27029066 0.73214027
v 0.41815103 -0.23454944 0.78230556
v 0.44054356 -0.18704694 0.82419903
v 0.45739185 -0.13016512 0.85571997
v 0.46785107 -0.06675628 0.87528778
v 0.38268343 0 0.92387953
v 0.37980503 0.06675628 0.91693046
v 0.37131416 0.13016512 0.89643168
v 0.35763659 0.18704694 0.8634111
v 0.33945817 0.23454944 0.81952451
v 0.31769044 0.27029066 0.76697256
v 0.29342493 0.29247837 0.70839043
v 0.2678784 0.3 0.64671567
v 0.24233188 0.29247837 0.58504091
v 0.21806637 0.27029066 0.52645878
v 0.19629864 0.23454944 0.47390683
v 0.17812022 0.18704694 0.43002024
v 0.16444265 0.13016512 0.39699966
v 0.15595177 0.06675628 0.37650089
v 0.15307337 0 0.36955181
v 0.15595177 -0.06675628 0.37650089
v 0.16444265 -0.13016512 0.39699966
v 0.17812022 -0.18704694 0.43002024
v 0.19629864 -0.23454944 0.47390683
v 0.21806637 -0.27029066 0.52645878
v 0.24233188 -0.29247837 0.58504091
v 0.2678784 -0.3 0.64671567
v 0.29342493 -0.29247837 0.70839043
v 0.31769044 -0.27029066 0.76697256
v 0.33945817 -0.23454944 0.81952451
v 0.35763659 -0.18704694 0.8634111
v 0.37131416 -0.13016512 0.89643168
v 0.37980503 -0.06675628 0.91693046
v 0.29028468 0 0.95694034
v 0.28810126 0.06675628 0.94974259
v 0.28166051 0.13016512 0.92851027
v 0.27128538 0.18704694 0.89430806
v 0.25749613 0.23454944 0.848851
v 0.24098421 0.27029066 0.79441849
v 0.2225776 0.29247837 0.73374001
v 0.20319927 0.3 0.66985824
v 0.18382095 0.29247837 0.60597646
v 0.16541433 0.27029066 0.54529798
v 0.14890241 0.23454944 0.49086547
v 0.13511316 0.18704694 0.44540841
v 0.12473804 0.13016512 0.4112062
v 0.11829728 0.06675628 0.38997388
v 0.11611387 0 0.38277613
v 0.11829728 -0.06675628 0.38997388
v 0.12473804 -0.13016512 0.4112062
v 0.13511316 -0.18704694 0.44540841
v 0.14890241 -0.23454944 0.49086547
v 0.16541433 -0.27029066 0.54529798
v 0.18382095 -0.29247837 0.60597646
v 0.20319927 -0.3 0.66985824
v 0.2225776 -0.29247837 0.73374001
v 0.24098421 -0.27029066 0.79441849
v 0.25749613 -0.23454944 0.848851
v 0.27128538 -0.18704694 0.89430806
v 0.28166051 -0.13016512 0.92851027
v 0.28810126 -0.06675628 0.94974259
v 0.19509032 0 0.98078528
v 0.19362293 0.06675628 0.97340818
v 0.18929432 0.13016512 0.9516468
v 0.18232155 0.18704694 0.91659234
v 0.17305427 0.23454944 0.87000258
v 0.16195718 0.27029066 0.81421373
v 0.14958673 0.29247837 0.75202327
v 0.13656323 0.3 0.6865497
v 0.12353972 0.29247837 0.62107612
v 0.11116927 0.27029066 0.55888566
v 0.10007218 0.23454944 0.50309681
v 0.0908049 0.18704694 0.45650705
v 0.08383213 0.13016512 0.4214526
v 0.07950353 0.06675628 0.39969121
v 0.07803613 0 0.39231411
v 0.07950353 -0.06675628 0.39969121
v 0.08383213 -0.13016512 0.4214526
v 0.0908049 -0.18704694 0.45650705
v 0.10007218 -0.23454944 0.50309681
v 0.11116927 -0.27029066 0.55888566
v 0.12353972 -0.29247837 0.62107612
v 0.13656323 -0.3 0.6865497
v 0.14958673 -0.29247837 0.75202327
v 0.16195718 -0.27029066 0.81421373
v 0.17305427 -0.23454944 0.87000258
v 0.18232155 -0.18704694 0.91659234
v 0.18929432 -0.13016512 0.9516468
v 0.19362293 -0.06675628 0.97340818
v 0.09801714 0 0.99518473
v 0.09727989 0.06675628 0.98769932
v 0.09510512 0.13016512 0.96561845
v 0.09160186 0.18704694 0.93004933
v 0.0869458 0.23454944 0.88277557
v 0.08137041 0.27029066 0.82616765
v 0.07515526 0.29247837 0.76306414
v 0.068612 0.3 0.69662931
v 0.06206874 0.29247837 0.63019448
v 0.05585359 0.27029066 0.56709097
v 0.05027819 0.23454944 0.51048305
v 0.04562213 0.18704694 0.46320928
v 0.04211888 0.13016512 0.42764017
v 0.0399441 0.06675628 0.4055593
v 0.03920686 0 0.39807389
v 0.0399441 -0.06675628 0.4055593
v 0.04211888 -0.13016512 0.42764017
v 0.04562213 -0.18704694 0.46320928
v 0.05027819 -0.23454944 0.51048305
v 0.05585359 -0.27029066 0.56709097
v 0.06206874 -0.29247837 0.63019448
v 0.068612 -0.3 0.69662931
v 0.07515526 -0.29247837 0.76306414
v 0.08137041 -0.27029066 0.82616765
v 0.0869458 -0.23454944 0.88277557
v 0.09160186 -0.18704694 0.93004933
v 0.09510512 -0.13016512 0.96561845
v 0.09727989 -0.06675628 0.98769932
v 0 0 1
v 0 0.06675628 0.99247837
v 0 0.13016512 0.97029066
v 0 0.18704694 0.93454944
v 0 0.23454944 0.88704694
v 0 0.27029066 0.83016512
v 0 0.29247837 0.76675628
v 0 0.3 0.7
v 0 0.29247837 0.63324372
v 0 0.27029066 0.56983488
v 0 0.23454944 0.51295306
v 0 0.18704694 0.46545056
v 0 0.13016512 0.42970934
v 0 0.06675628 0.40752163
v 0 0 0.4
v 0 -0.06675628 0.40752163
v 0 -0.13016512 0.42970934
v 0 -0.18704694 0.46545056
v 0 -0.23454944 0.51295306
v 0 -0.27029066 0.56983488
v 0 -0.29247837 0.63324372
v 0 -0.3 0.7
v 0 -0.29247837 0.76675628
v 0 -0.27029066 0.83016512
v 0 -0.23454944 0.88704694
v 0 -0.18704694 0.93454944
v 0 -0.13016512 0.97029066
v 0 -0.06675628 0.99247837
v -0.09801714 0 0.99518473
v -0.09727989 0.06675628 0.98769932
v -0.09510512 0.13016512 0.96561845
v -0.09160186 0.18704694 0.93004933
v -0.0869458 0.23454944 0.88277557
v -0.08137041 0.27029066 0.82616765
v -0.07515526 0.29247837 0.76306414
v -0.068612 0.3 0.69662931
v -0.06206874 0.29247837 0.63019448
v -0.05585359 0.27029066 0.56709097
v -0.05027819 0.23454944 0.51048305
v -0.04562213 0.18704694 0.46320928
v -0.04211888 0.13016512 0.42764017
v -0.0399441 0.06675628 0.4055593
v -0.03920686 0 0.39807389
v -0.0399441 -0.06675628 0.4055593
v -0.04211888 -0.13016512 0.42764017
v -0.04562213 -0.18704694 0.46320928
v -0.05027819 -0.23454944 0.51048305
v -0.05585359 -0.27029066 0.56709097
v -0.06206874 -0.29247837 0.63019448
v -0.068612 -0.3 0.69662931
v -0.07515526 -0.29247837 0.76306414
v -0.08137041 -0.27029066 0.82616765
v -0.0869458 -0.23454944 0.88277557
v -0.09160186 -0.18704694 0.93004933
v -0.09510512 -0.13016512 0.96561845
v -0.09727989 -0.06675628 0.98769932
v -0.19509032 0 0.98078528
v -0.19362293 0.06675628 0.97340818
v -0.18929432 0.13016512 0.9516468
v -0.18232155 0.18704694 0.91659234
v -0.17305427 0.23454944 0.87000258
v -0.16195718 0.27029066 0.81421373
v -0.14958673 0.29247837 0.75202327
v -0.13656323 0.3 0.6865497
v -0.12353972 0.29247837 0.62107612
v -0.11116927 0.27029066 0.55888566
v -0.10007218 0.23454944 0.50309681
v -0.0908049 0.18704694 0.45650705
v -0.08383213 0.13016512 0.4214526
v -0.07950353 0.06675628 0.39969121
v -0.07803613 0 0.39231411
v -0.07950353 -0.06675628 0.39969121
v -0.08383213 -0.13016512 0.4214526
v -0.0908049 -0.18704694 0.45650705
v -0.10007218 -0.23454944 0.50309681
v -0.11116927 -0.27029066 0.55888566
v -0.12353972 -0.29247837 0.62107612
v -0.13656323 -0.3 0.6865497
v -0.14958673 -0.29247837 0.75202327
v -0.16195718 -0.27029066 0.81421373
v -0.17305427 -0.23454944 0.87000258
v -0.18232155 -0.18704694 0.91659234
v -0.18929432 -0.13016512 0.9516468
v -0.19362293 -0.06675628 0.97340818
v -0.29028468 0 0.95694034
v -0.28810126 0.06675628 0.94974259
v -0.28166051 0.13016512 0.92851027
v -0.27128538 0.18704694 0.89430806
v -0.25749613 0.23454944 0.848851
v -0.24098421 0.27029066 0.79441849
v -0.2225776 0.29247837 0.73374001
v -0.20319927 0.3 0.66985824
v -0.18382095 0.29247837 0.60597646
v -0.16541433 0.27029066 0.54529798
v -0.14890241 0.23454944 0.49086547
v -0.13511316 0.18704694 0.44540841
v -0.12473804 0.13016512 0.4112062
v -0.11829728 0.06675628 0.38997388
v -0.11611387 0 0.38277613
v -0.11829728 -0.06675628 0.38997388
v -0.12473804 -0.13016512 0.4112062
v -0.13511316 -0.18704694 0.44540841
v -0.14890241 -0.23454944 0.49086547
v -0.16541433 -0.27029066 0.54529798
v -0.18382095 -0.29247837 0.60597646
v -0.20319927 -0.3 0.66985824
v -0.2225776 -0.29247837 0.73374001
v -0.24098421 -0.27029066 0.79441849
v -0.25749613 -0.23454944 0.848851
v -0.27128538 -0.18704694 0.89430806
v -0.28166051 -0.13016512 0.92851027
v -0.28810126 -0.06675628 0.94974259
v -0.38268343 0 0.92387953
v -0.37980503 0.06675628 0.91693046
v -0.37131416 0.13016512 0.89643168
v -0.35763659 0.18704694 0.8634111
v -0.33945817 0.23454944 0.81952451
v -0.31769044 0.27029066 0.76697256
v -0.29342493 0.29247837 0.70839043
v -0.2678784 0.3 0.64671567
v -0.24233188 0.29247837 0.58504091
v -0.21806637 0.27029066 0.52645878
v -0.19629864 0.23454944 0.47390683
v -0.17812022 0.18704694 0.43002024
v -0.16444265 0.13016512 0.39699966
v -0.15595177 0.06675628 0.37650089
v -0.15307337 0 0.36955181
v -0.15595177 -0.06675628 0.37650089
v -0.16444265 -0.13016512 0.39699966
v -0.17812022 -0.18704694 0.43002024
v -0.19629864 -0.23454944 0.47390683
v -0.21806637 -0.27029066 0.52645878
v -0.24233188 -0.29247837 0.58504091
v -0.2678784 -0.3 0.64671567
v -0.29342493 -0.29247837 0.70839043
v -0.31769044 -0.27029066 0.76697256
v -0.33945817 -0.23454944 0.81952451
v -0.35763659 -0.18704694 0.8634111
v -0.37131416 -0.13016512 0.89643168
v -0.37980503 -0.06675628 0.91693046
v -0.47139674 0 0.88192126
v -0.46785107 0.06675628 0.87528778
v -0.45739185 0.13016512 0.85571997
v -0.44054356 0.18704694 0.82419903
v -0.41815103 0.23454944 0.78230556
v -0.39133713 0.27029066 0.73214027
v -0.36144641 0.29247837 0.67621867
v -0.32997772 0.3 0.61734489
v -0.29850902 0.29247837 0.5584711
v -0.2686183 0.27029066 0.5025495
v -0.2418044 0.23454944 0.45238421
v -0.21941187 0.18704694 0.41049074
v -0.20256358 0.13016512 0.3789698
v -0.19210436 0.06675628 0.35940199
v -0.18855869 0 0.35276851
v -0.19210436 -0.06675628 0.35940199
v -0.20256358 -0.13016512 0.3789698
v -0.21941187 -0.18704694 0.41049074
v -0.2418044 -0.23454944 0.45238421
v -0.2686183 -0.27029066 0.5025495
v -0.29850902 -0.29247837 0.5584711
v -0.32997772 -0.3 0.61734489
v -0.36144641 -0.29247837 0.67621867
v -0.39133713 -0.27029066 0.73214027
v -0.41815103 -0.23454944 0.78230556
v -0.44054356 -0.18704694 0.82419903
v -0.45739185 -0.13016512 0.85571997
v -0.46785107 -0.06675628 0.87528778
v -0.55557023 0 0.83146961
v -0.55139144 0.06675628 0.82521561
v -0.53906461 0.13016512 0.8067672
v -0.51920785 0.18704694 0.77704946
v -0.49281688 0.23454944 0.73755258
v -0.46121503 0.27029066 0.69025707
v -0.42598697 0.29247837 0.63753455
v -0.38889916 0.3 0.58202873
v -0.35181136 0.29247837 0.52652291
v -0.3165833 0.27029066 0.47380039
v -0.28498145 0.23454944 0.42650488
v -0.25859047 0.18704694 0.38700799
v -0.23873372 0.13016512 0.35729026
v -0.22640688 0.06675628 0.33884185
v -0.22222809 0 0.33258784
v -0.22640688 -0.06675628 0.33884185
v -0.23873372 -0.13016512 0.35729026
v -0.25859047 -0.18704694 0.38700799
v -0.28498145 -0.23454944 0.42650488
v -0.3165833 -0.27029066 0.47380039
v -0.35181136 -0.29247837 0.52652291
v -0.38889916 -0.3 0.58202873
v -0.42598697 -0.29247837 0.63753455
v -0.46121503 -0.27029066 0.69025707
v -0.49281688 -0.23454944 0.73755258
v -0.51920785 -0.18704694 0.77704946
v -0.53906461 -0.13016512 0.8067672
v -0.55139144 -0.06675628 0.82521561
v -0.63439328 0 0.77301045
v -0.62962161 0.06675628 0.76719616
v -0.61554588 0.13016512 0.75004482
v -0.59287189 0.18704694 0.72241649
v -0.56273662 0.23454944 0.68569656
v -0.52665118 0.27029066 0.64172632
v -0.48642503 0.29247837 0.59271062
v -0.4440753 0.3 0.54110732
v -0.40172556 0.29247837 0.48950401
v -0.36149942 0.27029066 0.44048832
v -0.32541398 0.23454944 0.39651808
v -0.29527871 0.18704694 0.35979814
v -0.27260472 0.13016512 0.33216981
v -0.25852898 0.06675628 0.31501848
v -0.25375731 0 0.30920418
v -0.25852898 -0.06675628 0.31501848
v -0.27260472 -0.13016512 0.33216981
v -0.29527871 -0.18704694 0.35979814
v -0.32541398 -0.23454944 0.39651808
v -0.36149942 -0.27029066 0.44048832
v -0.40172556 -0.29247837 0.48950401
v -0.4440753 -0.3 0.54110732
v -0.48642503 -0.29247837 0.59271062
v -0.52665118 -0.27029066 0.64172632
v -0.56273662 -0.23454944 0.68569656
v -0.59287189 -0.18704694 0.72241649
v -0.61554588 -0.13016512 0.75004482
v -0.62962161 -0.06675628 0.76719616
v -0.70710678 0 0.70710678
v -0.70178819 0.06675628 0.70178819
v -0.68609911 0.13016512 0.68609911
v -0.66082625 0.18704694 0.66082625
v -0.62723691 0.23454944 0.62723691
v -0.58701539 0.27029066 0.58701539
v -0.54217857 0.29247837 0.54217857
v -0.49497475 0.3 0.49497475
v -0.44777093 0.29247837 0.44777093
v -0.40293411 0.27029066 0.40293411
v -0.36271259 0.23454944 0.36271259
v -0.32912324 0.18704694 0.32912324
v -0.30385039 0.13016512 0.30385039
v -0.28816131 0.06675628 0.28816131
v -0.28284271 0 0.28284271
v -0.28816131 -0.06675628 0.28816131
v -0.30385039 -0.13016512 0.30385039
v -0.32912324 -0.18704694 0.32912324
v -0.36271259 -0.23454944 0.36271259
v -0.40293411 -0.27029066 0.40293411
v -0.44777093 -0.29247837 0.44777093
v -0.49497475 -0.3 0.49497475
v -0.54217857 -0.29247837 0.54217857
v -0.58701539 -0.27029066 0.58701539
v -0.62723691 -0.23454944 0.62723691
v -0.66082625 -0.18704694 0.66082625
v -0.68609911 -0.13016512 0.68609911
v -0.70178819 -0.06675628 0.70178819
v -0.77301045 0 0.63439328
v -0.76719616 0.06675628 0.62962161
v -0.75004482 0.13016512 0.61554588
v -0.72241649 0.18704694 0.59287189
v -0.68569656 0.23454944 0.56273662
v -0.64172632 0.27029066 0.52665118
v -0.59271062 0.29247837 0.48642503
v -0.54110732 0.3 0.4440753
v -0.48950401 0.29247837 0.40172556
v -0.44048832 0.27029066 0.36149942
v -0.39651808 0.23454944 0.32541398
v -0.35979814 0.18704694 0.29527871
v -0.33216981 0.13016512 0.27260472
v -0.31501848 0.06675628 0.25852898
v -0.30920418 0 0.25375731
v -0.31501848 -0.06675628 0.25852898
v -0.33216981 -0.13016512 0.27260472
v -0.35979814 -0.18704694 0.29527871
v -0.39651808 -0.23454944 0.32541398
v -0.44048832 -0.27029066 0.36149942
v -0.48950401 -0.29247837 0.40172556
v -0.54110732 -0.3 0.4440753
v -0.59271062 -0.29247837 0.48642503
v -0.64172632 -0.27029066 0.52665118
v -0.68569656 -0.23454944 0.56273662
v -0.72241649 -0.18704694 0.59287189
v -0.75004482 -0.13016512 0.61554588
v -0.76719616 -0.06675628 0.62962161
v -0.83146961 0 0.55557023
v -0.82521561 0.06675628 0.55139144
v -0.8067672 0.13016512 0.53906461
v -0.77704946 0.18704694 0.51920785
v -0.73755258 0.23454944 0.49281688
v -0.69025707 0.27029066 0.46121503
v -0.63753455 0.29247837 0.42598697
v -0.58202873 0.3 0.38889916
v -0.52652291 0.29247837 0.35181136
v -0.47380039 0.27029066 0.3165833
v -0.42650488 0.23454944 0.28498145
v -0.38700799 0.18704694 0.25859047
v -0.35729026 0.13016512 0.23873372
v -0.33884185 0.06675628 0.22640688
v -0.33258784 0 0.22222809
v -0.33884185 -0.06675628 0.22640688
v -0.35729026 -0.13016512 0.23873372
v -0.38700799 -0.18704694 0.25859047
v -0.42650488 -0.23454944 0.28498145
v -0.47380039 -0.27029066 0.3165833
v -0.52652291 -0.29247837 0.35181136
v -0.58202873 -0.3 0.38889916
v -0.63753455 -0.29247837 0.42598697
v -0.69025707 -0.27029066 0.46121503
v -0.73755258 -0.23454944 0.49281688
v -0.77704946 -0.18704694 0.51920785
v -0.8067672 -0.13016512 0.53906461
v -0.82521561 -0.06675628 0.55139144
v -0.88192126 0 0.47139674
v -0.87528778 0.06675628 0.46785107
v -0.85571997 0.13016512 0.45739185
v -0.82419903 0.18704694 0.44054356
v -0.78230556 0.23454944 0.41815103
v -0.73214027 0.27029066 0.39133713
v -0.67621867 0.29247837 0.36144641
v -0.61734489 0.3 0.32997772
v -0.5584711 0.29247837 0.29850902
v -0.5025495 0.27029066 0.2686183
v -0.45238421 0.23454944 0.2418044
v -0.41049074 0.18704694 0.21941187
v -0.3789698 0.13016512 0.20256358
v -0.35940199 0.06675628 0.19210436
v -0.35276851 0 0.18855869
v -0.35940199 -0.06675628 0.19210436
v -0.3789698 -0.13016512 0.20256358
v -0.41049074 -0.18704694 0.21941187
v -0.45238421 -0.23454944 0.2418044
v -0.5025495 -0.27029066 0.2686183
v -0.5584711 -0.29247837 0.29850902
v -0.61734489 -0.3 0.32997772
v -0.67621867 -0.29247837 0.36144641
v -0.73214027 -0.27029066 0.39133713
v -0.78230556 -0.23454944 0.41815103
v -0.82419903 -0.18704694 0.44054356
v -0.85571997 -0.13016512 0.45739185
v -0.87528778 -0.06675628 0.46785107
v -0.92387953 0 0.38268343
v -0.91693046 0.06675628 0.37980503
v -0.89643168 0.13016512 0.37131416
v -0.8634111 0.18704694 0.35763659
v -0.81952451 0.23454944 0.33945817
v -0.76697256 0.27029066 0.31769044
v -0.70839043 0.29247837 0.29342493
v -0.64671567 0.3 0.2678784
v -0.58504091 0.29247837 0.24233188
v -0.52645878 0.27029066 0.21806637
v -0.47390683 0.23454944 0.19629864
v -0.43002024 0.18704694 0.17812022
v -0.39699966 0.13016512 0.16444265
v -0.37650089 0.06675628 0.15595177
v -0.36955181 0 0.15307337
v -0.37650089 -0.06675628 0.15595177
v -0.39699966 -0.13016512 0.16444265
v -0.43002024 -0.18704694 0.17812022
v -0.47390683 -0.23454944 0.19629864
v -0.52645878 -0.27029066 0.21806637
v -0.58504091 -0.29247837 0.24233188
v -0.64671567 -0.3 0.2678784
v -0.70839043 -0.29247837 0.29342493
v -0.76697256 -0.27029066 0.31769044
v -0.81952451 -0.23454944 0.33945817
v -0.8634111 -0.18704694 0.35763659
v -0.89643168 -0.13016512 0.37131416
v -0.91693046 -0.06675628 0.37980503
v -0.95694034 0 0.29028468
v -0.94974259 0.06675628 0.28810126
v -0.92851027 0.13016512 0.28166051
v -0.89430806 0.18704694 0.27128538
v -0.848851 0.23454944 0.25749613
v -0.79441849 0.27029066 0.24098421
v -0.73374001 0.29247837 0.2225776
v -0.66985824 0.3 0.20319927
v -0.60597646 0.29247837 0.18382095
v -0.54529798 0.27029066 0.16541433
v -0.49086547 0.23454944 0.14890241
v -0.44540841 0.18704694 0.13511316
v -0.4112062 0.13016512 0.12473804
v -0.38997388 0.06675628 0.11829728
v -0.38277613 0 0.11611387
v -0.38997388 -0.06675628 0.11829728
v -0.4112062 -0.13016512 0.12473804
v -0.44540841 -0.18704694 0.13511316
v -0.49086547 -0.23454944 0.14890241
v -0.54529798 -0.27029066 0.16541433
v -0.60597646 -0.29247837 0.18382095
v -0.66985824 -0.3 0.20319927
v -0.73374001 -0.29247837 0.2225776
v -0.79441849 -0.27029066 0.24098421
v -0.848851 -0.23454944 0.25749613
v -0.89430806 -0.18704694 0.27128538
v -0.92851027 -0.13016512 0.28166051
v -0.94974259 -0.06675628 0.28810126
v -0.98078528 0 0.19509032
v -0.97340818 0.06675628 0.19362293
v -0.9516468 0.13016512 0.18929432
v -0.91659234 0.18704694 0.18232155
v -0.87000258 0.23454944 0.17305427
v -0.81421373 0.27029066 0.16195718
v -0.75202327 0.29247837 0.14958673
v -0.6865497 0.3 0.13656323
v -0.62107612 0.29247837 0.12353972
v -0.55888566 0.27029066 0.11116927
v -0.50309681 0.23454944 0.10007218
v -0.45650705 0.18704694 0.0908049
v -0.4214526 0.13016512 0.08383213
v -0.39969121 0.06675628 0.07950353
v -0.39231411 0 0.07803613
v -0.39969121 -0.06675628 0.07950353
v -0.4214526 -0.13016512 0.08383213
v -0.45650705 -0.18704694 0.0908049
v -0.50309681 -0.23454944 0.10007218
v -0.55888566 -0.27029066 0.11116927
v -0.62107612 -0.29247837 0.12353972
v -0.6865497 -0.3 0.13656323
v -0.75202327 -0.29247837 0.14958673
v -0.81421373 -0.27029066 0.16195718
v -0.87000258 -0.23454944 0.17305427
v -0.91659234 -0.18704694 0.18232155
v -0.9516468 -0.13016512 0.18929432
v -0.97340818 -0.06675628 0.19362293
v -0.99518473 0 0.09801714
v -0.98769932 0.06675628 0.09727989
v -0.96561845 0.13016512 0.09510512
v -0.93004933 0.18704694 0.09160186
v -0.88277557 0.23454944 0.0869458
v -0.82616765 0.27029066 0.08137041
v -0.76306414 0.29247837 0.07515526
v -0.69662931 0.3 0.068612
v -0.63019448 0.29247837 0.06206874
v -0.56709097 0.27029066 0.05585359
v -0.51048305 0.23454944 0.05027819
v -0.46320928 0.18704694 0.04562213
v -0.42764017 0.13016512 0.04211888
v -0.4055593 0.06675628 0.0399441
v -0.39807389 0 0.03920686
v -0.4055593 -0.06675628 0.0399441
v -0.42764017 -0.13016512 0.04211888
v -0.46320928 -0.18704694 0.04562213
v -0.51048305 -0.23454944 0.05027819
v -0.56709097 -0.27029066 0.05585359
v -0.63019448 -0.29247837 0.06206874
v -0.69662931 -0.3 0.068612
v -0.76306414 -0.29247837 0.07515526
v -0.82616765 -0.27029066 0.08137041
v -0.88277557 -0.23454944 0.0869458
v -0.93004933 -0.18704694 0.09160186
v -0.96561845 -0.13016512 0.09510512
v -0.98769932 -0.06675628 0.09727989
v -1 0 0
v -0.99247837 0.06675628 0
v -0.97029066 0.13016512 0
v -0.93454944 0.18704694 0
v -0.88704694 0.23454944 0
v -0.83016512 0.27029066 0
v -0.76675628 0.29247837 0
v -0.7 0.3 0
v -0.63324372 0.29247837 0
v -0.56983488 0.27029066 0
v -0.51295306 0.23454944 0
v -0.46545056 0.18704694 0
v -0.42970934 0.13016512 0
v -0.40752163 0.06675628 0
v -0.4 0 0
v -0.40752163 -0.06675628 0
v -0.42970934 -0.13016512 0
v -0.46545056 -0.18704694 0
v -0.51295306 -0.23454944 0
v -0.56983488 -0.27029066 0
v -0.63324372 -0.29247837 0
v -0.7 -0.3 0
v -0.76675628 -0.29247837 0
v -0.83016512 -0.27029066 0
v -0.88704694 -0.23454944 0
v -0.93454944 -0.18704694 0
v -0.97029066 -0.13016512 0
v -0.99247837 -0.06675628 0
v -0.99518473 0 -0.09801714
v -0.98769932 0.06675628 -0.09727989
v -0.96561845 0.13016512 -0.09510512
v -0.93004933 0.18704694 -0.09160186
v -0.88277557 0.23454944 -0.0869458
v -0.82616765 0.27029066 -0.08137041
v -0.76306414 0.29247837 -0.07515526
v -0.69662931 0.3 -0.068612
v -0.63019448 0.29247837 -0.06206874
v -0.56709097 0.27029066 -0.05585359
v -0.51048305 0.23454944 -0.05027819
v -0.46320928 0.18704694 -0.04562213
v -0.42764017 0.13016512 -0.04211888
v -0.4055593 0.06675628 -0.0399441
v -0.39807389 0 -0.03920686
v -0.4055593 -0.06675628 -0.0399441
v -0.42764017 -0.13016512 -0.04211888
v -0.46320928 -0.18704694 -0.04562213
v -0.51048305 -0.23454944 -0.05027819
v -0.56709097 -0.27029066 -0.05585359
v -0.63019448 -0.29247837 -0.06206874
v -0.69662931 -0.3 -0.068612
v -0.76306414 -0.29247837 -0.07515526
v -0.82616765 -0.27029066 -0.08137041
v -0.88277557 -0.23454944 -0.0869458
v -0.93004933 -0.18704694 -0.09160186
v -0.96561845 -0.13016512 -0.09510512
v -0.98769932 -0.06675628 -0.09727989
v -0.98078528 0 -0.19509032
v -0.97340818 0.06675628 -0.19362293
v -0.9516468 0.13016512 -0.18929432
v -0.91659234 0.18704694 -0.18232155
v -0.87000258 0.23454944 -0.17305427
v -0.81421373 0.27029066 -0.16195718
v -0.75202327 0.29247837 -0.14958673
v -0.6865497 0.3 -0.13656323
v -0.62107612 0.29247837 -0.12353972
v -0.55888566 0.27029066 -0.11116927
v -0.50309681 0.23454944 -0.10007218
v -0.45650705 0.18704694 -0.0908049
v -0.4214526 0.13016512 -0.08383213
v -0.39969121 0.06675628 -0.07950353
v -0.39231411 0 -0.07803613
v -0.39969121 -0.06675628 -0.07950353
v -0.4214526 -0.13016512 -0.08383213
v -0.45650705 -0.18704694 -0.0908049
v -0.50309681 -0.23454944 -0.10007218
v -0.55888566 -0.27029066 -0.11116927
v -0.62107612 -0.29247837 -0.12353972
v -0.6865497 -0.3 -0.13656323
v -0.75202327 -0.29247837 -0.14958673
v -0.81421373 -0.27029066 -0.16195718
v -0.87000258 -0.23454944 -0.17305427
v -0.91659234 -0.18704694 -0.18232155
v -0.9516468 -0.13016512 -0.18929432
v -0.97340818 -0.06675628 -0.19362293
v -0.95694034 0 -0.29028468
v -0.94974259 0.06675628 -0.28810126
v -0.92851027 0.13016512 -0.28166051
v -0.89430806 0.18704694 -0.27128538
v -0.848851 0.23454944 -0.25749613
v -0.79441849 0.27029066 -0.24098421
v -0.73374001 0.29247837 -0.2225776
v -0.66985824 0.3 -0.20319927
v -0.60597646 0.29247837 -0.18382095
v -0.54529798 0.27029066 -0.16541433
v -0.49086547 0.23454944 -0.14890241
v -0.44540841 0.18704694 -0.13511316
v -0.4112062 0.13016512 -0.12473804
v -0.38997388 0.06675628 -0.11829728
v -0.38277613 0 -0.11611387
v -0.38997388 -0.06675628 -0.11829728
v -0.4112062 -0.13016512 -0.12473804
v -0.44540841 -0.18704694 -0.13511316
v -0.49086547 -0.23454944 -0.14890241
v -0.54529798 -0.27029066 -0.16541433
v -0.60597646 -0.29247837 -0.18382095
v -0.66985824 -0.3 -0.20319927
v -0.73374001 -0.29247837 -0.2225776
v -0.79441849 -0.27029066 -0.24098421
v -0.848851 -0.23454944 -0.25749613
v -0.89430806 -0.18704694 -0.27128538
v -0.92851027 -0.13016512 -0.28166051
v -0.94974259 -0.06675628 -0.28810126
v -0.92387953 0 -0.38268343
v -0.91693046 0.06675628 -0.37980503
v -0.89643168 0.13016512 -0.37131416
v -0.8634111 0.18704694 -0.35763659
v -0.81952451 0.23454944 -0.33945817
v -0.76697256 0.27029066 -0.31769044
v -0.70839043 0.29247837 -0.29342493
v -0.64671567 0.3 -0.2678784
v -0.58504091 0.29247837 -0.24233188
v -0.52645878 0.27029066 -0.21806637
v -0.47390683 0.23454944 -0.19629864
v -0.43002024 0.18704694 -0.17812022
v -0.39699966 0.13016512 -0.16444265
v -0.37650089 0.06675628 -0.15595177
v -0.36955181 0 -0.15307337
v -0.37650089 -0.06675628 -0.15595177
v -0.39699966 -0.13016512 -0.16444265
v -0.43002024 -0.18704694 -0.17812022
v -0.47390683 -0.23454944 -0.19629864
v -0.52645878 -0.27029066 -0.21806637
v -0.58504091 -0.29247837 -0.24233188
v -0.64671567 -0.3 -0.2678784
v -0.70839043 -0.29247837 -0.29342493
v -0.76697256 -0.27029066 -0.31769044
v -0.81952451 -0.23454944 -0.33945817
v -0.8634111 -0.18704694 -0.35763659
v -0.89643168 -0.13016512 -0.37131416
v -0.91693046 -0.06675628 -0.37980503
v -0.88192126 0 -0.47139674
v -0.87528778 0.06675628 -0.46785107
v -0.85571997 0.13016512 -0.45739185
v -0.82419903 0.18704694 -0.44054356
v -0.78230556 0.23454944 -0.41815103
v -0.73214027 0.27029066 -0.39133713
v -0.67621867 0.29247837 -0.36144641
v -0.61734489 0.3 -0.32997772
v -0.5584711 0.29247837 -0.29850902
v -0.5025495 0.27029066 -0.2686183
v -0.45238421 0.23454944 -0.2418044
v -0.41049074 0.18704694 -0.21941187
v -0.3789698 0.13016512 -0.20256358
v -0.35940199 0.06675628 -0.19210436
v -0.35276851 0 -0.18855869
v -0.35940199 -0.06675628 -0.19210436
v -0.3789698 -0.13016512 -0.20256358
v -0.41049074 -0.18704694 -0.21941187
v -0.45238421 -0.23454944 -0.2418044
v -0.5025495 -0.27029066 -0.2686183
v -0.5584711 -0.29247837 -0.29850902
v -0.61734489 -0.3 -0.32997772
v -0.67621867 -0.29247837 -0.36144641
v -0.73214027 -0.27029066 -0.39133713
v -0.78230556 -0.23454944 -0.41815103
v -0.82419903 -0.18704694 -0.44054356
v -0.85571997 -0.13016512 -0.45739185
v -0.87528778 -0.06675628 -0.46785107
v -0.83146961 0 -0.55557023
v -0.82521561 0.06675628 -0.55139144
v -0.8067672 0.13016512 -0.53906461
v -0.77704946 0.18704694 -0.51920785
v -0.73755258 0.23454944 -0.49281688
v -0.69025707 0.27029066 -0.46121503
v -0.63753455 0.29247837 -0.42598697
v -0.58202873 0.3 -0.38889916
v -0.52652291 0.29247837 -0.35181136
v -0.47380039 0.27029066 -0.3165833
v -0.42650488 0.23454944 -0.28498145
v -0.38700799 0.18704694 -0.25859047
v -0.35729026 0.13016512 -0.23873372
v -0.33884185 0.06675628 -0.22640688
v -0.33258784 0 -0.22222809
v -0.33884185 -0.06675628 -0.22640688
v -0.35729026 -0.13016512 -0.23873372
v -0.38700799 -0.18704694 -0.25859047
v -0.42650488 -0.23454944 -0.28498145
v -0.47380039 -0.27029066 -0.3165833
v -0.52652291 -0.29247837 -0.35181136
v -0.58202873 -0.3 -0.38889916
v -0.63753455 -0.29247837 -0.42598697
v -0.69025707 -0.27029066 -0.46121503
v -0.73755258 -0.23454944 -0.49281688
v -0.77704946 -0.18704694 -0.51920785
v -0.8067672 -0.13016512 -0.53906461
v -0.82521561 -0.06675628 -0.55139144
v -0.77301045 0 -0.63439328
v -0.76719616 0.06675628 -0.62962161
v -0.75004482 0.13016512 -0.61554588
v -0.72241649 0.18704694 -0.59287189
v -0.68569656 0.23454944 -0.56273662
v -0.64172632 0.27029066 -0.52665118
v -0.59271062 0.29247837 -0.48642503
v -0.54110732 0.3 -0.4440753
v -0.48950401 0.29247837 -0.40172556
v -0.44048832 0.27029066 -0.36149942
v -0.39651808 0.23454944 -0.32541398
v -0.35979814 0.18704694 -0.29527871
v -0.33216981 0.13016512 -0.27260472
v -0.31501848 0.06675628 -0.25852898
v -0.30920418 0 -0.25375731
v -0.31501848 -0.06675628 -0.25852898
v -0.33216981 -0.13016512 -0.27260472
v -0.35979814 -0.18704694 -0.29527871
v -0.39651808 -0.23454944 -0.32541398
v -0.44048832 -0.27029066 -0.36149942
v -0.48950401 -0.29247837 -0.40172556
v -0.54110732 -0.3 -0.4440753
v -0.59271062 -0.29247837 -0.48642503
v -0.64172632 -0.27029066 -0.52665118
v -0.68569656 -0.23454944 -0.56273662
v -0.72241649 -0.18704694 -0.59287189
v -0.75004482 -0.13016512 -0.61554588
v -0.76719616 -0.06675628 -0.62962161
v -0.70710678 0 -0.70710678
v -0.70178819 0.06675628 -0.70178819
v -0.68609911 0.13016512 -0.68609911
v -0.66082625 0.18704694 -0.66082625
v -0.62723691 0.23454944 -0.62723691
v -0.58701539 0.27029066 -0.58701539
v -0.54217857 0.29247837 -0.54217857
v -0.49497475 0.3 -0.49497475
v -0.44777093 0.29247837 -0.44777093
v -0.40293411 0.27029066 -0.40293411
v -0.36271259 0.23454944 -0.36271259
v -0.32912324 0.18704694 -0.32912324
v -0.30385039 0.13016512 -0.30385039
v -0.28816131 0.06675628 -0.28816131
v -0.28284271 0 -0.28284271
v -0.28816131 -0.06675628 -0.28816131
v -0.30385039 -0.13016512 -0.30385039
v -0.32912324 -0.18704694 -0.32912324
v -0.36271259 -0.23454944 -0.36271259
v -0.40293411 -0.27029066 -0.40293411
v -0.44777093 -0.29247837 -0.44777093
v -0.49497475 -0.3 -0.49497475
v -0.54217857 -0.29247837 -0.54217857
v -0.58701539 -0.27029066 -0.58701539
v -0.62723691 -0.23454944 -0.62723691
v -0.66082625 -0.18704694 -0.66082625
v -0.68609911 -0.13016512 -0.68609911
v -0.70178819 -0.06675628 -0.70178819
v -0.63439328 0 -0.77301045
v -0.62962161 0.06675628 -0.76719616
v -0.61554588 0.13016512 -0.75004482
v -0.59287189 0.18704694 -0.72241649
v -0.56273662 0.23454944 -0.68569656
v -0.52665118 0.27029066 -0.64172632
v -0.48642503 0.29247837 -0.59271062
v -0.4440753 0.3 -0.54110732
v -0.40172556 0.29247837 -0.48950401
v -0.36149942 0.27029066 -0.44048832
v -0.32541398 0.23454944 -0.39651808
v -0.29527871 0.18704694 -0.35979814
v -0.27260472 0.13016512 -0.33216981
v -0.25852898 0.06675628 -0.31501848
v -0.25375731 0 -0.30920418
v -0.25852898 -0.06675628 -0.31501848
v -0.27260472 -0.13016512 -0.33216981
v -0.29527871 -0.18704694 -0.35979814
v -0.32541398 -0.23454944 -0.39651808
v -0.36149942 -0.27029066 -0.44048832
v -0.40172556 -0.29247837 -0.48950401
v -0.4440753 -0.3 -0.54110732
v -0.48642503 -0.29247837 -0.59271062
v -0.52665118 -0.27029066 -0.64172632
v -0.56273662 -0.23454944 -0.68569656
v -0.59287189 -0.18704694 -0.72241649
v -0.61554588 -0.13016512 -0.75004482
v -0.62962161 -0.06675628 -0.76719616
v -0.55557023 0 -0.83146961
v -0.55139144 0.06675628 -0.82521561
v -0.53906461 0.13016512 -0.8067672
v -0.51920785 0.18704694 -0.77704946
v -0.49281688 0.23454944 -0.73755258
v -0.46121503 0.27029066 -0.69025707
v -0.42598697 0.29247837 -0.63753455
v -0.38889916 0.3 -0.58202873
v -0.35181136 0.29247837 -0.52652291
v -0.3165833 0.27029066 -0.47380039
v -0.28498145 0.23454944 -0.42650488
v -0.25859047 0.18704694 -0.38700799
v -0.23873372 0.13016512 -0.35729026
v -0.22640688 0.06675628 -0.33884185
v -0.22222809 0 -0.33258784
v -0.22640688 -0.06675628 -0.33884185
v -0.23873372 -0.13016512 -0.35729026
v -0.25859047 -0.18704694 -0.38700799
v -0.28498145 -0.23454944 -0.42650488
v -0.3165833 -0.27029066 -0.47380039
v -0.35181136 -0.29247837 -0.52652291
v -0.38889916 -0.3 -0.58202873
v -0.42598697 -0.29247837 -0.63753455
v -0.46121503 -0.27029066 -0.69025707
v -0.49281688 -0.23454944 -0.73755258
v -0.51920785 -0.18704694 -0.77704946
v -0.53906461 -0.13016512 -0.8067672
v -0.55139144 -0.06675628 -0.82521561
v -0.47139674 0 -0.88192126
v -0.46785107 0.06675628 -0.87528778
v -0.45739185 0.13016512 -0.85571997
v -0.44054356 0.18704694 -0.82419903
v -0.41815103 0.23454944 -0.78230556
v -0.39133713 0.27029066 -0.73214027
v -0.36144641 0.29247837 -0.67621867
v -0.32997772 0.3 -0.61734489
v -0.29850902 0.29247837 -0.5584711
v -0.2686183 0.27029066 -0.5025495
v -0.2418044 0.23454944 -0.45238421
v -0.21941187 0.18704694 -0.41049074
v -0.20256358 0.13016512 -0.3789698
v -0.19210436 0.06675628 -0.35940199
v -0.18855869 0 -0.35276851
v -0.19210436 -0.06675628 -0.35940199
v -0.20256358 -0.13016512 -0.3789698
v -0.21941187 -0.18704694 -0.41049074
v -0.2418044 -0.23454944 -0.45238421
v -0.2686183 -0.27029066 -0.5025495
v -0.29850902 -0.29247837 -0.5584711
v -0.32997772 -0.3 -0.61734489
v -0.36144641 -0.29247837 -0.67621867
v -0.39133713 -0.27029066 -0.73214027
v -0.41815103 -0.23454944 -0.78230556
v -0.44054356 -0.18704694 -0.82419903
v -0.45739185 -0.13016512 -0.85571997
v -0.46785107 -0.06675628 -0.87528778
v -0.38268343 0 -0.92387953
v -0.37980503 0.06675628 -0.91693046
v -0.37131416 0.13016512 -0.89643168
v -0.35763659 0.18704694 -0.8634111
v -0.33945817 0.23454944 -0.81952451
v -0.31769044 0.27029066 -0.76697256
v -0.29342493 0.29247837 -0.70839043
v -0.2678784 0.3 -0.64671567
v -0.24233188 0.29247837 -0.58504091
v -0.21806637 0.27029066 -0.52645878
v -0.19629864 0.23454944 -0.47390683
v -0.17812022 0.18704694 -0.43002024
v -0.16444265 0.13016512 -0.39699966
v -0.15595177 0.06675628 -0.37650089
v -0.15307337 0 -0.36955181
v -0.15595177 -0.06675628 -0.37650089
v -0.16444265 -0.13016512 -0.39699966
v -0.17812022 -0.18704694 -0.43002024
v -0.19629864 -0.23454944 -0.47390683
v -0.21806637 -0.27029066 -0.52645878
v -0.24233188 -0.29247837 -0.58504091
v -0.2678784 -0.3 -0.64671567
v -0.29342493 -0.29247837 -0.70839043
v -0.31769044 -0.27029066 -0.76697256
v -0.33945817 -0.23454944 -0.81952451
v -0.35763659 -0.18704694 -0.8634111
v -0.37131416 -0.13016512 -0.89643168
v -0.37980503 -0.06675628 -0.91693046
v -0.29028468 0 -0.95694034
v -0.28810126 0.06675628 -0.94974259
v -0.28166051 0.13016512 -0.92851027
v -0.27128538 0.18704694 -0.89430806
v -0.25749613 0.23454944 -0.848851
v -0.24098421 0.27029066 -0.79441849
v -0.2225776 0.29247837 -0.73374001
v -0.20319927 0.3 -0.66985824
v -0.18382095 0.29247837 -0.60597646
v -0.16541433 0.27029066 -0.54529798
v -0.14890241 0.23454944 -0.49086547
v -0.13511316 0.18704694 -0.44540841
v -0.12473804 0.13016512 -0.4112062
v -0.11829728 0.06675628 -0.38997388
v -0.11611387 0 -0.38277613
v -0.11829728 -0.06675628 -0.38997388
v -0.12473804 -0.13016512 -0.4112062
v -0.13511316 -0.18704694 -0.44540841
v -0.14890241 -0.23454944 -0.49086547
v -0.16541433 -0.27029066 -0.54529798
v -0.18382095 -0.29247837 -0.60597646
v -0.20319927 -0.3 -0.66985824
v -0.2225776 -0.29247837 -0.73374001
v -0.24098421 -0.27029066 -0.79441849
v -0.25749613 -0.23454944 -0.848851
v -0.27128538 -0.18704694 -0.89430806
v -0.28166051 -0.13016512 -0.92851027
v -0.28810126 -0.06675628 -0.94974259
v -0.19509032 0 -0.98078528
v -0.19362293 0.06675628 -0.97340818
v -0.18929432 0.13016512 -0.9516468
v -0.18232155 0.18704694 -0.91659234
v -0.17305427 0.23454944 -0.87000258
v -0.16195718 0.27029066 -0.81421373
v -0.14958673 0.29247837 -0.75202327
v -0.13656323 0.3 -0.6865497
v -0.12353972 0.29247837 -0.62107612
v -0.11116927 0.27029066 -0.55888566
v -0.10007218 0.23454944 -0.50309681
v -0.0908049 0.18704694 -0.45650705
v -0.08383213 0.13016512 -0.4214526
v -0.07950353 0.06675628 -0.39969121
v -0.07803613 0 -0.39231411
v -0.07950353 -0.06675628 -0.39969121
v -0.08383213 -0.13016512 -0.4214526
v -0.0908049 -0.18704694 -0.45650705
v -0.10007218 -0.23454944 -0.50309681
v -0.11116927 -0.27029066 -0.55888566
v -0.12353972 -0.29247837 -0.62107612
v -0.13656323 -0.3 -0.6865497
v -0.14958673 -0.29247837 -0.75202327
v -0.16195718 -0.27029066 -0.81421373
v -0.17305427 -0.23454944 -0.87000258
v -0.18232155 -0.18704694 -0.91659234
v -0.18929432 -0.13016512 -0.9516468
v -0.19362293 -0.06675628 -0.97340818
v -0.09801714 0 -0.99518473
v -0.09727989 0.06675628 -0.98769932
v -0.09510512 0.13016512 -0.96561845
v -0.09160186 0.18704694 -0.93004933
v -0.0869458 0.23454944 -0.88277557
v -0.08137041 0.27029066 -0.82616765
v -0.07515526 0.29247837 -0.76306414
v -0.068612 0.3 -0.69662931
v -0.06206874 0.29247837 -0.63019448
v -0.05585359 0.27029066 -0.56709097
v -0.05027819 0.23454944 -0.51048305
v -0.04562213 0.18704694 -0.46320928
v -0.04211888 0.13016512 -0.42764017
v -0.0399441 0.06675628 -0.4055593
v -0.03920686 0 -0.39807389
v -0.0399441 -0.06675628 -0.4055593
v -0.04211888 -0.13016512 -0.42764017
v -0.04562213 -0.18704694 -0.46320928
v -0.05027819 -0.23454944 -0.51048305
v -0.05585359 -0.27029066 -0.56709097
v -0.06206874 -0.29247837 -0.63019448
v -0.068612 -0.3 -0.69662931
v -0.07515526 -0.29247837 -0.76306414
v -0.08137041 -0.27029066 -0.82616765
v -0.0869458 -0.23454944 -0.88277557
v -0.09160186 -0.18704694 -0.93004933
v -0.09510512 -0.13016512 -0.96561845
v -0.09727989 -0.06675628 -0.98769932
v 0 0 -1
v 0 0.06675628 -0.99247837
v 0 0.13016512 -0.97029066
v 0 0.18704694 -0.93454944
v 0 0.23454944 -0.88704694
v 0 0.27029066 -0.83016512
v 0 0.29247837 -0.76675628
v 0 0.3 -0.7
v 0 0.29247837 -0.63324372
v 0 0.27029066 -0.56983488
v 0 0.23454944 -0.51295306
v 0 0.18704694 -0.46545056
v 0 0.13016512 -0.42970934
v 0 0.06675628 -0.40752163
v 0 0 -0.4
v 0 -0.06675628 -0.40752163
v 0 -0.13016512 -0.42970934
v 0 -0.18704694 -0.46545056
v 0 -0.23454944 -0.51295306
v 0 -0.27029066 -0.56983488
v 0 -0.29247837 -0.63324372
v 0 -0.3 -0.7
v 0 -0.29247837 -0.76675628
v 0 -0.27029066 -0.83016512
v 0 -0.23454944 -0.88704694
v 0 -0.18704694 -0.93454944
v 0 -0.13016512 -0.97029066
v 0 -0.06675628 -0.99247837
v 0.09801714 0 -0.99518473
v 0.09727989 0.06675628 -0.98769932
v 0.09510512 0.13016512 -0.96561845
v 0.09160186 0.18704694 -0.93004933
v 0.0869458 0.23454944 -0.88277557
v 0.08137041 0.27029066 -0.82616765
v 0.07515526 0.29247837 -0.76306414
v 0.068612 0.3 -0.69662931
v 0.06206874 0.29247837 -0.63019448
v 0.05585359 0.27029066 -0.56709097
v 0.05027819 0.23454944 -0.51048305
v 0.04562213 0.18704694 -0.46320928
v 0.04211888 0.13016512 -0.42764017
v 0.0399441 0.06675628 -0.4055593
v 0.03920686 0 -0.39807389
v 0.0399441 -0.06675628 -0.4055593
v 0.04211888 -0.13016512 -0.42764017
v 0.04562213 -0.18704694 -0.46320928
v 0.05027819 -0.23454944 -0.51048305
v 0.05585359 -0.27029066 -0.56709097
v 0.06206874 -0.29247837 -0.63019448
v 0.068612 -0.3 -0.69662931
v 0.07515526 -0.29247837 -0.76306414
v 0.08137041 -0.27029066 -0.82616765
v 0.0869458 -0.23454944 -0.88277557
v 0.09160186 -0.18704694 -0.93004933
v 0.09510512 -0.13016512 -0.96561845
v 0.09727989 -0.06675628 -0.98769932
v 0.19509032 0 -0.98078528
v 0.19362293 0.06675628 -0.97340818
v 0.18929432 0.13016512 -0.9516468
v 0.18232155 0.18704694 -0.91659234
v 0.17305427 0.23454944 -0.87000258
v 0.16195718 0.27029066 -0.81421373
v 0.14958673 0.29247837 -0.75202327
v 0.13656323 0.3 -0.6865497
v 0.12353972 0.29247837 -0.62107612
v 0.11116927 0.27029066 -0.55888566
v 0.10007218 0.23454944 -0.50309681
v 0.0908049 0.18704694 -0.45650705
v 0.08383213 0.13016512 -0.4214526
v 0.07950353 0.06675628 -0.39969121
v 0.07803613 0 -0.39231411
v 0.07950353 -0.06675628 -0.39969121
v 0.08383213 -0.13016512 -0.4214526
v 0.0908049 -0.18704694 -0.45650705
v 0.10007218 -0.23454944 -0.50309681
v 0.11116927 -0.27029066 -0.55888566
v 0.12353972 -0.29247837 -0.62107612
v 0.13656323 -0.3 -0.6865497
v 0.14958673 -0.29247837 -0.75202327
v 0.16195718 -0.27029066 -0.81421373
v 0.17305427 -0.23454944 -0.87000258
v 0.18232155 -0.18704694 -0.91659234
v 0.18929432 -0.13016512 -0.9516468
v 0.19362293 -0.06675628 -0.97340818
v 0.29028468 0 -0.95694034
v 0.28810126 0.06675628 -0.94974259
v 0.28166051 0.13016512 -0.92851027
v 0.27128538 0.18704694 -0.89430806
v 0.25749613 0.23454944 -0.848851
v 0.24098421 0.27029066 -0.79441849
v 0.2225776 0.29247837 -0.73374001
v 0.20319927 0.3 -0.66985824
v 0.18382095 0.29247837 -0.60597646
v 0.16541433 0.27029066 -0.54529798
v 0.14890241 0.23454944 -0.49086547
v 0.13511316 0.18704694 -0.44540841
v 0.12473804 0.13016512 -0.4112062
v 0.11829728 0.06675628 -0.38997388
v 0.11611387 0 -0.38277613
v 0.11829728 -0.06675628 -0.38997388
v 0.12473804 -0.13016512 -0.4112062
v 0.13511316 -0.18704694 -0.44540841
v 0.14890241 -0.23454944 -0.49086547
v 0.16541433 -0.27029066 -0.54529798
v 0.18382095 -0.29247837 -0.60597646
v 0.20319927 -0.3 -0.66985824
v 0.2225776 -0.29247837 -0.73374001
v 0.24098421 -0.27029066 -0.79441849
v 0.25749613 -0.23454944 -0.848851
v 0.27128538 -0.18704694 -0.89430806
v 0.28166051 -0.13016512 -0.92851027
v 0.28810126 -0.06675628 -0.94974259
v 0.38268343 0 -0.92387953
v 0.37980503 0.06675628 -0.91693046
v 0.37131416 0.13016512 -0.89643168
v 0.35763659 0.18704694 -0.8634111
v 0.33945817 0.23454944 -0.81952451
v 0.31769044 0.27029066 -0.76697256
v 0.29342493 0.29247837 -0.70839043
v 0.2678784 0.3 -0.64671567
v 0.24233188 0.29247837 -0.58504091
v 0.21806637 0.27029066 -0.52645878
v 0.19629864 0.23454944 -0.47390683
v 0.17812022 0.18704694 -0.43002024
v 0.16444265 0.13016512 -0.39699966
v 0.15595177 0.06675628 -0.37650089
v 0.15307337 0 -0.36955181
v 0.15595177 -0.06675628 -0.37650089
v 0.16444265 -0.13016512 -0.39699966
v 0.17812022 -0.18704694 -0.43002024
v 0.19629864 -0.23454944 -0.47390683
v 0.21806637 -0.27029066 -0.52645878
v 0.24233188 -0.29247837 -0.58504091
v 0.2678784 -0.3 -0.64671567
v 0.29342493 -0.29247837 -0.70839043
v 0.31769044 -0.27029066 -0.76697256
v 0.33945817 -0.23454944 -0.81952451
v 0.35763659 -0.18704694 -0.8634111
v 0.37131416 -0.13016512 -0.89643168
v 0.37980503 -0.06675628 -0.91693046
v 0.47139674 0 -0.88192126
v 0.46785107 0.06675628 -0.87528778
v 0.45739185 0.13016512 -0.85571997
v 0.44054356 0.18704694 -0.82419903
v 0.41815103 0.23454944 -0.78230556
v 0.39133713 0.27029066 -0.73214027
v 0.36144641 0.29247837 -0.67621867
v 0.32997772 0.3 -0.61734489
v 0.29850902 0.29247837 -0.5584711
v 0.2686183 0.27029066 -0.5025495
v 0.2418044 0.23454944 -0.45238421
v 0.21941187 0.18704694 -0.41049074
v 0.20256358 0.13016512 -0.3789698
v 0.19210436 0.06675628 -0.35940199
v 0.18855869 0 -0.35276851
v 0.19210436 -0.06675628 -0.35940199
v 0.20256358 -0.13016512 -0.3789698
v 0.21941187 -0.18704694 -0.41049074
v 0.2418044 -0.23454944 -0.45238421
v 0.2686183 -0.27029066 -0.5025495
v 0.29850902 -0.29247837 -0.5584711
v 0.32997772 -0.3 -0.61734489
v 0.36144641 -0.29247837 -0.67621867
v 0.39133713 -0.27029066 -0.73214027
v 0.41815103 -0.23454944 -0.78230556
v 0.44054356 -0.18704694 -0.82419903
v 0.45739185 -0.13016512 -0.85571997
v 0.46785107 -0.06675628 -0.87528778
v 0.55557023 0 -0.83146961
v 0.55139144 0.06675628 -0.82521561
v 0.53906461 0.13016512 -0.8067672
v 0.51920785 0.18704694 -0.77704946
v 0.49281688 0.23454944 -0.73755258
v 0.46121503 0.27029066 -0.69025707
v 0.42598697 0.29247837 -0.63753455
v 0.38889916 0.3 -0.58202873
v 0.35181136 0.29247837 -0.52652291
v 0.3165833 0.27029066 -0.47380039
v 0.28498145 0.23454944 -0.42650488
v 0.25859047 0.18704694 -0.38700799
v 0.23873372 0.13016512 -0.35729026
v 0.22640688 0.06675628 -0.33884185
v 0.22222809 0 -0.33258784
v 0.22640688 -0.06675628 -0.33884185
v 0.23873372 -0.13016512 -0.35729026
v 0.25859047 -0.18704694 -0.38700799
v 0.28498145 -0.23454944 -0.42650488
v 0.3165833 -0.27029066 -0.47380039
v 0.35181136 -0.29247837 -0.52652291
v 0.38889916 -0.3 -0.58202873
v 0.42598697 -0.29247837 -0.63753455
v 0.46121503 -0.27029066 -0.69025707
v 0.49281688 -0.23454944 -0.73755258
v 0.51920785 -0.18704694 -0.77704946
v 0.53906461 -0.13016512 -0.8067672
v 0.55139144 -0.06675628 -0.82521561
v 0.63439328 0 -0.77301045
v 0.62962161 0.06675628 -0.76719616
v 0.61554588 0.13016512 -0.75004482
v 0.59287189 0.18704694 -0.72241649
v 0.56273662 0.23454944 -0.68569656
v 0.52665118 0.27029066 -0.64172632
v 0.48642503 0.29247837 -0.59271062
v 0.4440753 0.3 -0.54110732
v 0.40172556 0.29247837 -0.48950401
v 0.36149942 0.27029066 -0.44048832
v 0.32541398 0.23454944 -0.39651808
v 0.29527871 0.18704694 -0.35979814
v 0.27260472 0.13016512 -0.33216981
v 0.25852898 0.06675628 -0.31501848
v 0.25375731 0 -0.30920418
v 0.25852898 -0.06675628 -0.31501848
v 0.27260472 -0.13016512 -0.33216981
v 0.29527871 -0.18704694 -0.35979814
v 0.32541398 -0.23454944 -0.39651808
v 0.36149942 -0.27029066 -0.44048832
v 0.40172556 -0.29247837 -0.48950401
v 0.4440753 -0.3 -0.54110732
v 0.48642503 -0.29247837 -0.59271062
v 0.52665118 -0.27029066 -0.64172632
v 0.56273662 -0.23454944 -0.68569656
v 0.59287189 -0.18704694 -0.72241649
v 0.61554588 -0.13016512 -0.75004482
v 0.62962161 -0.06675628 -0.76719616
v 0.70710678 0 -0.70710678
v 0.70178819 0.06675628 -0.70178819
v 0.68609911 0.13016512 -0.68609911
v 0.66082625 0.18704694 -0.66082625
v 0.62723691 0.23454944 -0.62723691
v 0.58701539 0.27029066 -0.58701539
v 0.54217857 0.29247837 -0.54217857
v 0.49497475 0.3 -0.49497475
v 0.44777093 0.29247837 -0.44777093
v 0.40293411 0.27029066 -0.40293411
v 0.36271259 0.23454944 -0.36271259
v 0.32912324 0.18704694 -0.32912324
v 0.30385039 0.13016512 -0.30385039
v 0.28816131 0.06675628 -0.28816131
v 0.28284271 0 -0.28284271
v 0.28816131 -0.06675628 -0.28816131
v 0.30385039 -0.13016512 -0.30385039
v 0.32912324 -0.18704694 -0.32912324
v 0.36271259 -0.23454944 -0.36271259
v 0.40293411 -0.27029066 -0.40293411
v 0.44777093 -0.29247837 -0.44777093
v 0.49497475 -0.3 -0.49497475
v 0.54217857 -0.29247837 -0.54217857
v 0.58701539 -0.27029066 -0.58701539
v 0.62723691 -0.23454944 -0.62723691
v 0.66082625 -0.18704694 -0.66082625
v 0.68609911 -0.13016512 -0.68609911
v 0.70178819 -0.06675628 -0.70178819
v 0.77301045 0 -0.63439328
v 0.76719616 0.06675628 -0.62962161
v 0.75004482 0.13016512 -0.61554588
v 0.72241649 0.18704694 -0.59287189
v 0.68569656 0.23454944 -0.56273662
v 0.64172632 0.27029066 -0.52665118
v 0.59271062 0.29247837 -0.48642503
v 0.54110732 0.3 -0.4440753
v 0.48950401 0.29247837 -0.40172556
v 0.44048832 0.27029066 -0.36149942
v 0.39651808 0.23454944 -0.32541398
v 0.35979814 0.18704694 -0.29527871
v 0.33216981 0.13016512 -0.27260472
v 0.31501848 0.06675628 -0.25852898
v 0.30920418 0 -0.25375731
v 0.31501848 -0.06675628 -0.25852898
v 0.33216981 -0.13016512 -0.27260472
v 0.35979814 -0.18704694 -0.29527871
v 0.39651808 -0.23454944 -0.32541398
v 0.44048832 -0.27029066 -0.36149942
v 0.48950401 -0.29247837 -0.40172556
v 0.54110732 -0.3 -0.4440753
v 0.59271062 -0.29247837 -0.48642503
v 0.64172632 -0.27029066 -0.52665118
v 0.68569656 -0.23454944 -0.56273662
v 0.72241649 -0.18704694 -0.59287189
v 0.75004482 -0.13016512 -0.61554588
v 0.76719616 -0.06675628 -0.62962161
v 0.83146961 0 -0.55557023
v 0.82521561 0.06675628 -0.55139144
v 0.8067672 0.13016512 -0.53906461
v 0.77704946 0.18704694 -0.51920785
v 0.73755258 0.23454944 -0.49281688
v 0.69025707 0.27029066 -0.46121503
v 0.63753455 0.29247837 -0.42598697
v 0.58202873 0.3 -0.38889916
v 0.52652291 0.29247837 -0.35181136
v 0.47380039 0.27029066 -0.3165833
v 0.42650488 0.23454944 -0.28498145
v 0.38700799 0.18704694 -0.25859047
v 0.35729026 0.13016512 -0.23873372
v 0.33884185 0.06675628 -0.22640688
v 0.33258784 0 -0.22222809
v 0.33884185 -0.06675628 -0.22640688
v 0.35729026 -0.13016512 -0.23873372
v 0.38700799 -0.18704694 -0.25859047
v 0.42650488 -0.23454944 -0.28498145
v 0.47380039 -0.27029066 -0.3165833
v 0.52652291 -0.29247837 -0.35181136
v 0.58202873 -0.3 -0.38889916
v 0.63753455 -0.29247837 -0.42598697
v 0.69025707 -0.27029066 -0.46121503
v 0.73755258 -0.23454944 -0.49281688
v 0.77704946 -0.18704694 -0.51920785
v 0.8067672 -0.13016512 -0.53906461
v 0.82521561 -0.06675628 -0.55139144
v 0.88192126 0 -0.47139674
v 0.87528778 0.06675628 -0.46785107
v 0.85571997 0.13016512 -0.45739185
v 0.82419903 0.18704694 -0.44054356
v 0.78230556 0.23454944 -0.41815103
v 0.73214027 0.27029066 -0.39133713
v 0.67621867 0.29247837 -0.36144641
v 0.61734489 0.3 -0.32997772
v 0.5584711 0.29247837 -0.29850902
v 0.5025495 0.27029066 -0.2686183
v 0.45238421 0.23454944 -0.2418044
v 0.41049074 0.18704694 -0.21941187
v 0.3789698 0.13016512 -0.20256358
v 0.35940199 0.06675628 -0.19210436
v 0.35276851 0 -0.18855869
v 0.35940199 -0.06675628 -0.19210436
v 0.3789698 -0.13016512 -0.20256358
v 0.41049074 -0.18704694 -0.21941187
v 0.45238421 -0.23454944 -0.2418044
v 0.5025495 -0.27029066 -0.2686183
v 0.5584711 -0.29247837 -0.29850902
v 0.61734489 -0.3 -0.32997772
v 0.67621867 -0.29247837 -0.36144641
v 0.73214027 -0.27029066 -0.39133713
v 0.78230556 -0.23454944 -0.41815103
v 0.82419903 -0.18704694 -0.44054356
v 0.85571997 -0.13016512 -0.45739185
v 0.87528778 -0.06675628 -0.46785107
v 0.92387953 0 -0.38268343
v 0.91693046 0.06675628 -0.37980503
v 0.89643168 0.13016512 -0.37131416
v 0.8634111 0.18704694 -0.35763659
v 0.81952451 0.23454944 -0.33945817
v 0.76697256 0.27029066 -0.31769044
v 0.70839043 0.29247837 -0.29342493
v 0.64671567 0.3 -0.2678784
v 0.58504091 0.29247837 -0.24233188
v 0.52645878 0.27029066 -0.21806637
v 0.47390683 0.23454944 -0.19629864
v 0.43002024 0.18704694 -0.17812022
v 0.39699966 0.13016512 -0.16444265
v 0.37650089 0.06675628 -0.15595177
v 0.36955181 0 -0.15307337
v 0.37650089 -0.06675628 -0.15595177
v 0.39699966 -0.13016512 -0.16444265
v 0.43002024 -0.18704694 -0.17812022
v 0.47390683 -0.23454944 -0.19629864
v 0.52645878 -0.27029066 -0.21806637
v 0.58504091 -0.29247837 -0.24233188
v 0.64671567 -0.3 -0.2678784
v 0.70839043 -0.29247837 -0.29342493
v 0.76697256 -0.27029066 -0.31769044
v 0.81952451 -0.23454944 -0.33945817
v 0.8634111 -0.18704694 -0.35763659
v 0.89643168 -0.13016512 -0.37131416
v 0.91693046 -0.06675628 -0.37980503
v 0.95694034 0 -0.29028468
v 0.94974259 0.06675628 -0.28810126
v 0.92851027 0.13016512 -0.28166051
v 0.89430806 0.18704694 -0.27128538
v 0.848851 0.23454944 -0.25749613
v 0.79441849 0.27029066 -0.24098421
v 0.73374001 0.29247837 -0.2225776
v 0.66985824 0.3 -0.20319927
v 0.60597646 0.29247837 -0.18382095
v 0.54529798 0.27029066 -0.16541433
v 0.49086547 0.23454944 -0.14890241
v 0.44540841 0.18704694 -0.13511316
v 0.4112062 0.13016512 -0.12473804
v 0.38997388 0.06675628 -0.11829728
v 0.38277613 0 -0.11611387
v 0.38997388 -0.06675628 -0.11829728
v 0.4112062 -0.13016512 -0.12473804
v 0.44540841 -0.18704694 -0.13511316
v 0.49086547 -0.23454944 -0.14890241
v 0.54529798 -0.27029066 -0.16541433
v 0.60597646 -0.29247837 -0.18382095
v 0.66985824 -0.3 -0.20319927
v 0.73374001 -0.29247837 -0.2225776
v 0.79441849 -0.27029066 -0.24098421
v 0.848851 -0.23454944 -0.25749613
v 0.89430806 -0.18704694 -0.27128538
v 0.92851027 -0.13016512 -0.28166051
v 0.94974259 -0.06675628 -0.28810126
v 0.98078528 0 -0.19509032
v 0.97340818 0.06675628 -0.19362293
v 0.9516468 0.13016512 -0.18929432
v 0.91659234 0.18704694 -0.18232155
v 0.87000258 0.23454944 -0.17305427
v 0.81421373 0.27029066 -0.16195718
v 0.75202327 0.29247837 -0.14958673
v 0.6865497 0.3 -0.13656323
v 0.62107612 0.29247837 -0.12353972
v 0.55888566 0.27029066 -0.11116927
v 0.50309681 0.23454944 -0.10007218
v 0.45650705 0.18704694 -0.0908049
v 0.4214526 0.13016512 -0.08383213
v 0.39969121 0.06675628 -0.07950353
v 0.39231411 0 -0.07803613
v 0.39969121 -0.06675628 -0.07950353
v 0.4214526 -0.13016512 -0.08383213
v 0.45650705 -0.18704694 -0.0908049
v 0.50309681 -0.23454944 -0.10007218
v 0.55888566 -0.27029066 -0.11116927
v 0.62107612 -0.29247837 -0.12353972
v 0.6865497 -0.3 -0.13656323
v 0.75202327 -0.29247837 -0.14958673
v 0.81421373 -0.27029066 -0.16195718
v 0.87000258 -0.23454944 -0.17305427
v 0.91659234 -0.18704694 -0.18232155
v 0.9516468 -0.13016512 -0.18929432
v 0.97340818 -0.06675628 -0.19362293
v 0.99518473 0 -0.09801714
v 0.98769932 0.06675628 -0.09727989
v 0.96561845 0.13016512 -0.09510512
v 0.93004933 0.18704694 -0.09160186
v 0.88277557 0.23454944 -0.0869458
v 0.82616765 0.27029066 -0.08137041
v 0.76306414 0.29247837 -0.07515526
v 0.69662931 0.3 -0.068612
v 0.63019448 0.29247837 -0.06206874
v 0.56709097 0.27029066 -0.05585359
v 0.51048305 0.23454944 -0.05027819
v 0.46320928 0.18704694 -0.04562213
v 0.42764017 0.13016512 -0.04211888
v 0.4055593 0.06675628 -0.0399441
v 0.39807389 0 -0.03920686
v 0.4055593 -0.06675628 -0.0399441
v 0.42764017 -0.13016512 -0.04211888
v 0.46320928 -0.18704694 -0.04562213
v 0.51048305 -0.23454944 -0.05027819
v 0.56709097 -0.27029066 -0.05585359
v 0.63019448 -0.29247837 -0.06206874
v 0.69662931 -0.3 -0.068612
v 0.76306414 -0.29247837 -0.07515526
v 0.82616765 -0.27029066 -0.08137041
v 0.88277557 -0.23454944 -0.0869458
v 0.93004933 -0.18704694 -0.09160186
v 0.96561845 -0.13016512 -0.09510512
v 0.98769932 -0.06675628 -0.09727989
f 1 29 2
f 29 30 2
f 2 30 3
f 30 31 3
f 3 31 4
f 31 32 4
f 4 32 5
f 32 33 5
f 5 33 6
f 33 34 6
f 6 34 7
f 34 35 7
f 7 35 8
f 35 36 8
f 8 36 9
f 36 37 9
f 9 37 10
f 37 38 10
f 10 38 11
f 38 39 11
f 11 39 12
f 39 40 12
f 12 40 13
f 40 41 13
f 13 41 14
f 41 42 14
f 14 42 15
f 42 43 15
f 15 43 16
f 43 44 16
f 16 44 17
f 44 45 17
f 17 45 18
f 45 46 18
f 18 46 19
f 46 47 19
f 19 47 20
f 47 48 20
f 20 48 21
f 48 49 21
f 21 49 22
f 49 50 22
f 22 50 23
f 50 51 23
f 23 51 24
f 51 52 24
f 24 52 25
f 52 53 25
f 25 53 26
f 53 54 26
f 26 54 27
f 54 55 27
f 27 55 28
f 55 56 28
f 28 56 1
f 56 29 1
f 29 57 30
f 57 58 30
f 30 58 31
f 58 59 31
f 31 59 32
f 59 60 32
f 32 60 33
f 60 61 33
f 33 61 34
f 61 62 34
f 34 62 35
f 62 63 35
f 35 63 36
f 63 64 36
f 36 64 37
f 64 65 37
f 37 65 38
f 65 66 38
f 38 66 39
f 66 67 39
f 39 67 40
f 67 68 40
f 40 68 41
f 68 69 41
f 41 69 42
f 69 70 42
f 42 70 43
f 70 71 43
f 43 71 44
f 71 72 44
f 44 72 45
f 72 73 45
f 45 73 46
f 73 74 46
f 46 74 47
f 74 75 47
f 47 75 48
f 75 76 48
f 48 76 49
f 76 77 49
f 49 77 50
f 77 78 50
f 50 78 51
f 78 79 51
f 51 79 52
f 79 80 52
f 52 80 53
f 80 81 53
f 53 81 54
f 81 82 54
f 54 82 55
f 82 83 55
f 55 83 56
f 83 84 56
f 56 84 29
f 84 57 29
f 57 85 58
f 85 86 58
f 58 86 59
f 86 87 59
f 59 87 60
f 87 88 60
f 60 88 61
f 88 89 61
f 61 89 62
f 89 90 62
f 62 90 63
f 90 91 63
f 63 91 64
f 91 92 64
f 64 92 65
f 92 93 65
f 65 93 66
f 93 94 66
f 66 94 67
f 94 95 67
f 67 95 68
f 95 96 68
f 68 96 69
f 96 97 69
f 69 97 70
f 97 98 70
f 70 98 71
f 98 99 71
f 71 99 72
f 99 100 72
f 72 100 73
f 100 101 73
f 73 101 74
f 101 102 74
f 74 102 75
f 102 103 75
f 75 103 76
f 103 104 76
f 76 104 77
f 104 105 77
f 77 105 78
f 105 106 78
f 78 106 79
f 106 107 79
f 79 107 80
f 107 108 80
f 80 108 81
f 108 109 81
f 81 109 82
f 109 110 82
f 82 110 83
f 110 111 83
f 83 111 84
f 111 112 84
f 84 112 57
f 112 85 57
f 85 113 86
f 113 114 86
f 86 114 87
f 114 115 87
f 87 115 88
f 115 116 88
f 88 116 89
f 116 117 89
f 89 117 90
f 117 118 90
f 90 118 91
f 118 119 91
f 91 119 92
f 119 120 92
f 92 120 93
f 120 121 93
f 93 121 94
f 121 122 94
f 94 122 95
f 122 123 95
f 95 123 96
f 123 124 96
f 96 124 97
f 124 125 97
f 97 125 98
f 125 126 98
f 98 126 99
f 126 127 99
f 99 127 100
f 127 128 100
f 100 128 101
f 128 129 101
f 101 129 102
f 129 130 102
f 102 130 103
f 130 131 103
f 103 131 104
f 131 132 104
f 104 132 105
f 132 133 105
f 105 133 106
f 133 134 106
f 106 134 107
f 134 135 107
f 107 135 108
f 135 136 108
f 108 136 109
f 136 137 109
f 109 137 110
f 137 138 110
f 110 138 111
f 138 139 111
f 111 139 112
f 139 140 112
f 112 140 85
f 140 113 85
f 113 141 114
f 141 142 114
f 114 142 115
f 142 143 115
f 115 143 116
f 143 144 116
f 116 144 117
f 144 145 117
f 117 145 118
f 145 146 118
f 118 146 119
f 146 147 119
f 119 147 120
f 147 148 120
f 120 148 121
f 148 149 121
f 121 149 122
f 149 150 122
f 122 150 123
f 150 151 123
f 123 151 124
f 151 152 124
f 124 152 125
f 152 153 125
f 125 153 126
f 153 154 126
f 126 154 127
f 154 155 127
f 127 155 128
f 155 156 128
f 128 156 129
f 156 157 129
f 129 157 130
f 157 158 130
f 130 158 131
f 158 159 131
f 131 159 132
f 159 160 132
f 132 160 133
f 160 161 133
f 133 161 134
f 161 162 134
f 134 162 135
f 162 163 135
f 135 163 136
f 163 164 136
f 136 164 137
f 164 165 137
f 137 165 138
f 165 166 138
f 138 166 139
f 166 167 139
f 139 167 140
f 167 168 140
f 140 168 113
f 168 141 113
f 141 169 142
f 169 170 142
f 142 170 143
f 170 171 143
f 143 171 144
f 171 172 144
f 144 172 145
f 172 173 145
f 145 173 146
f 173 174 146
f 146 174 147
f 174 175 147
f 147 175 148
f 175 176 148
f 148 176 149
f 176 177 149
f 149 177 150
f 177 178 150
f 150 178 151
f 178 179 151
f 151 179 152
f 179 180 152
f 152 180 153
f 180 181 153
f 153 181 154
f 181 182 154
f 154 182 155
f 182 183 155
f 155 183 156
f 183 184 156
f 156 184 157
f 184 185 157
f 157 185 158
f 185 186 158
f 158 186 159
f 186 187 159
f 159 187 160
f 187 188 160
f 160 188 161
f 188 189 161
f 161 189 162
f 189 190 162
f 162 190 163
f 190 191 163
f 163 191 164
f 191 192 164
f 164 192 165
f 192 193 165
f 165 193 166
f 193 194 166
f 166 194 167
f 194 195 167
f 167 195 168
f 195 196 168
f 168 196 141
f 196 169 141
f 169 197 170
f 197 198 170
f 170 198 171
f 198 199 171
f 171 199 172
f 199 200 172
f 172 200 173
f 200 201 173
f 173 201 174
f 201 202 174
f 174 202 175
f 202 203 175
f 175 203 176
f 203 204 176
f 176 204 177
f 204 205 177
f 177 205 178
f 205 206 178
f 178 206 179
f 206 207 179
f 179 207 180
f 207 208 180
f 180 208 181
f 208 209 181
f 181 209 182
f 209 210 182
f 182 210 183
f 210 211 183
f 183 211 184
f 211 212 184
f 184 212 185
f 212 213 185
f 185 213 186
f 213 214 186
f 186 214 187
f 214 215 187
f 187 215 188
f 215 216 188
f 188 216 189
f 216 217 189
f 189 217 190
f 217 218 190
f 190 218 191
f 218 219 191
f 191 219 192
f 219 220 192
f 192 220 193
f 220 221 193
f 193 221 194
f 221 222 194
f 194 222 195
f 222 223 195
f 195 223 196
f 223 224 196
f 196 224 169
f 224 197 169
f 197 225 198
f 225 226 198
f 198 226 199
f 226 227 199
f 199 227 200
f 227 228 200
f 200 228 201
f 228 229 201
f 201 229 202
f 229 230 202
f 202 230 203
f 230 231 203
f 203 231 204
f 231 232 204
f 204 232 205
f 232 233 205
f 205 233 206
f 233 234 206
f 206 234 207
f 234 235 207
f 207 235 208
f 235 236 208
f 208 236 209
f 236 237 209
f 209 237 210
f 237 238 210
f 210 238 211
f 238 239 211
f 211 239 212
f 239 240 212
f 212 240 213
f 240 241 213
f 213 241 214
f 241 242 214
f 214 242 215
f 242 243 215
f 215 243 216
f 243 244 216
f 216 244 217
f 244 245 217
f 217 245 218
f 245 246 218
f 218 246 219
f 246 247 219
f 219 247 220
f 247 248 220
f 220 248 221
f 248 249 221
f 221 249 222
f 249 250 222
f 222 250 223
f 250 251 223
f 223 251 224
f 251 252 224
f 224 252 197
f 252 225 197
f 225 253 226
f 253 254 226
f 226 254 227
f 254 255 227
f 227 255 228
f 255 256 228
f 228 256 229
f 256 257 229
f 229 257 230
f 257 258 230
f 230 258 231
f 258 259 231
f 231 259 232
f 259 260 232
f 232 260 233
f 260 261 233
f 233 261 234
f 261 262 234
f 234 262 235
f 262 263 235
f 235 263 236
f 263 264 236
f 236 264 237
f 264 265 237
f 237 265 238
f 265 266 238
f 238 266 239
f 266 267 239
f 239 267 240
f 267 268 240
f 240 268 241
f 268 269 241
f 241 269 242
f 269 270 242
f 242 270 243
f 270 271 243
f 243 271 244
f 271 272 244
f 244 272 245
f 272 273 245
f 245 273 246
f 273 274 246
f 246 274 247
f 274 275 247
f 247 275 248
f 275 276 248
f 248 276 249
f 276 277 249
f 249 277 250
f 277 278 250
f 250 278 251
f 278 279 251
f 251 279 252
f 279 280 252
f 252 280 225
f 280 253 225
f 253 281 254
f 281 282 254
f 254 282 255
f 282 283 255
f 255 283 256
f 283 284 256
f 256 284 257
f 284 285 257
f 257 285 258
f 285 286 258
f 258 286 259
f 286 287 259
f 259 287 260
f 287 288 260
f 260 288 261
f 288 289 261
f 261 289 262
f 289 290 262
f 262 290 263
f 290 291 263
f 263 291 264
f 291 292 264
f 264 292 265
f 292 293 265
f 265 293 266
f 293 294 266
f 266 294 267
f 294 295 267
f 267 295 268
f 295 296 268
f 268 296 269
f 296 297 269
f 269 297 270
f 297 298 270
f 270 298 271
f 298 299 271
f 271 299 272
f 299 300 272
f 272 300 273
f 300 301 273
f 273 301 274
f 301 302 274
f 274 302 275
f 302 303 275
f 275 303 276
f 303 304 276
f 276 304 277
f 304 305 277
f 277 305 278
f 305 306 278
f 278 306 279
f 306 307 279
f 279 307 280
f 307 308 280
f 280 308 253
f 308 281 253
f 281 309 282
f 309 310 282
f 282 310 283
f 310 311 283
f 283 311 284
f 311 312 284
f 284 312 285
f 312 313 285
f 285 313 286
f 313 314 286
f 286 314 287
f 314 315 287
f 287 315 288
f 315 316 288
f 288 316 289
f 316 317 289
f 289 317 290
f 317 318 290
f 290 318 291
f 318 319 291
f 291 319 292
f 319 320 292
f 292 320 293
f 320 321 293
f 293 321 294
f 321 322 294
f 294 322 295
f 322 323 295
f 295 323 296
f 323 324 296
f 296 324 297
f 324 325 297
f 297 325 298
f 325 326 298
f 298 326 299
f 326 327 299
f 299 327 300
f 327 328 300
f 300 328 301
f 328 329 301
f 301 329 302
f 329 330 302
f 302 330 303
f 330 331 303
f 303 331 304
f 331 332 304
f 304 332 305
f 332 333 305
f 305 333 306
f 333 334 306
f 306 334 307
f 334 335 307
f 307 335 308
f 335 336 308
f 308 336 281
f 336 309 281
f 309 337 310
f 337 338 310
f 310 338 311
f 338 339 311
f 311 339 312
f 339 340 312
f 312 340 313
f 340 341 313
f 313 341 314
f 341 342 314
f 314 342 315
f 342 343 315
f 315 343 316
f 343 344 316
f 316 344 317
f 344 345 317
f 317 345 318
f 345 346 318
f 318 346 319
f 346 347 319
f 319 347 320
f 347 348 320
f 320 348 321
f 348 349 321
f 321 349 322
f 349 350 322
f 322 350 323
f 350 351 323
f 323 351 324
f 351 352 324
f 324 352 325
f 352 353 325
f 325 353 326
f 353 354 326
f 326 354 327
f 354 355 327
f 327 355 328
f 355 356 328
f 328 356 329
f 356 357 329
f 329 357 330
f 357 358 330
f 330 358 331
f 358 359 331
f 331 359 332
f 359 360 332
f 332 360 333
f 360 361 333
f 333 361 334
f 361 362 334
f 334 362 335
f 362 363 335
f 335 363 336
f 363 364 336
f 336 364 309
f 364 337 309
f 337 365 338
f 365 366 338
f 338 366 339
f 366 367 339
f 339 367 340
f 367 368 340
f 340 368 341
f 368 369 341
f 341 369 342
f 369 370 342
f 342 370 343
f 370 371 343
f 343 371 344
f 371 372 344
f 344 372 345
f 372 373 345
f 345 373 346
f 373 374 346
f 346 374 347
f 374 375 347
f 347 375 348
f 375 376 348
f 348 376 349
f 376 377 349
f 349 377 350
f 377 378 350
f 350 378 351
f 378 379 351
f 351 379 352
f 379 380 352
f 352 380 353
f 380 381 353
f 353 381 354
f 381 382 354
f 354 382 355
f 382 383 355
f 355 383 356
f 383 384 356
f 356 384 357
f 384 385 357
f 357 385 358
f 385 386 358
f 358 386 359
f 386 387 359
f 359 387 360
f 387 388 360
f 360 388 361
f 388 389 361
f 361 389 362
f 389 390 362
f 362 390 363
f 390 391 363
f 363 391 364
f 391 392 364
f 364 392 337
f 392 365 337
f 365 393 366
f 393 394 366
f 366 394 367
f 394 395 367
f 367 395 368
f 395 396 368
f 368 396 369
f 396 397 369
f 369 397 370
f 397 398 370
f 370 398 371
f 398 399 371
f 371 399 372
f 399 400 372
f 372 400 373
f 400 401 373
f 373 401 374
f 401 402 374
f 374 402 375
f 402 403 375
f 375 403 376
f 403 404 376
f 376 404 377
f 404 405 377
f 377 405 378
f 405 406 378
f 378 406 379
f 406 407 379
f 379 407 380
f 407 408 380
f 380 408 381
f 408 409 381
f 381 409 382
f 409 410 382
f 382 410 383
f 410 411 383
f 383 411 384
f 411 412 384
f 384 412 385
f 412 413 385
f 385 413 386
f 413 414 386
f 386 414 387
f 414 415 387
f 387 415 388
f 415 416 388
f 388 416 389
f 416 417 389
f 389 417 390
f 417 418 390
f 390 418 391
f 418 419 391
f 391 419 392
f 419 420 392
f 392 420 365
f 420 393 365
f 393 421 394
f 421 422 394
f 394 422 395
f 422 423 395
f 395 423 396
f 423 424 396
f 396 424 397
f 424 425 397
f 397 425 398
f 425 426 398
f 398 426 399
f 426 427 399
f 399 427 400
f 427 428 400
f 400 428 401
f 428 429 401
f 401 429 402
f 429 430 402
f 402 430 403
f 430 431 403
f 403 431 404
f 431 432 404
f 404 432 405
f 432 433 405
f 405 433 406
f 433 434 406
f 406 434 407
f 434 435 407
f 407 435 408
f 435 436 408
f 408 436 409
f 436 437 409
f 409 437 410
f 437 438 410
f 410 438 411
f 438 439 411
f 411 439 412
f 439 440 412
f 412 440 413
f 440 441 413
f 413 441 414
f 441 442 414
f 414 442 415
f 442 443 415
f 415 443 416
f 443 444 416
f 416 444 417
f 444 445 417
f 417 445 418
f 445 446 418
f 418 446 419
f 446 447 419
f 419 447 420
f 447 448 420
f 420 448 393
f 448 421 393
f 421 449 422
f 449 450 422
f 422 450 423
f 450 451 423
f 423 451 424
f 451 452 424
f 424 452 425
f 452 453 425
f 425 453 426
f 453 454 426
f 426 454 427
f 454 455 427
f 427 455 428
f 455 456 428
f 428 456 429
f 456 457 429
f 429 457 430
f 457 458 430
f 430 458 431
f 458 459 431
f 431 459 432
f 459 460 432
f 432 460 433
f 460 461 433
f 433 461 434
f 461 462 434
f 434 462 435
f 462 463 435
f 435 463 436
f 463 464 436
f 436 464 437
f 464 465 437
f 437 465 438
f 465 466 438
f 438 466 439
f 466 467 439
f 439 467 440
f 467 468 440
f 440 468 441
f 468 469 441
f 441 469 442
f 469 470 442
f 442 470 443
f 470 471 443
f 443 471 444
f 471 472 444
f 444 472 445
f 472 473 445
f 445 473 446
f 473 474 446
f 446 474 447
f 474 475 447
f 447 475 448
f 475 476 448
f 448 476 421
f 476 449 421
f 449 477 450
f 477 478 450
f 450 478 451
f 478 479 451
f 451 479 452
f 479 480 452
f 452 480 453
f 480 481 453
f 453 481 454
f 481 482 454
f 454 482 455
f 482 483 455
f 455 483 456
f 483 484 456
f 456 484 457
f 484 485 457
f 457 485 458
f 485 486 458
f 458 486 459
f 486 487 459
f 459 487 460
f 487 488 460
f 460 488 461
f 488 489 461
f 461 489 462
f 489 490 462
f 462 490 463
f 490 491 463
f 463 491 464
f 491 492 464
f 464 492 465
f 492 493 465
f 465 493 466
f 493 494 466
f 466 494 467
f 494 495 467
f 467 495 468
f 495 496 468
f 468 496 469
f 496 497 469
f 469 497 470
f 497 498 470
f 470 498 471
f 498 499 471
f 471 499 472
f 499 500 472
f 472 500 473
f 500 501 473
f 473 501 474
f 501 502 474
f 474 502 475
f 502 503 475
f 475 503 476
f 503 504 476
f 476 504 449
f 504 477 449
f 477 505 478
f 505 506 478
f 478 506 479
f 506 507 479
f 479 507 480
f 507 508 480
f 480 508 481
f 508 509 481
f 481 509 482
f 509 510 482
f 482 510 483
f 510 511 483
f 483 511 484
f 511 512 484
f 484 512 485
f 512 513 485
f 485 513 486
f 513 514 486
f 486 514 487
f 514 515 487
f 487 515 488
f 515 516 488
f 488 516 489
f 516 517 489
f 489 517 490
f 517 518 490
f 490 518 491
f 518 519 491
f 491 519 492
f 519 520 492
f 492 520 493
f 520 521 493
f 493 521 494
f 521 522 494
f 494 522 495
f 522 523 495
f 495 523 496
f 523 524 496
f 496 524 497
f 524 525 497
f 497 525 498
f 525 526 498
f 498 526 499
f 526 527 499
f 499 527 500
f 527 528 500
f 500 528 501
f 528 529 501
f 501 529 502
f 529 530 502
f 502 530 503
f 530 531 503
f 503 531 504
f 531 532 504
f 504 532 477
f 532 505 477
f 505 533 506
f 533 534 506
f 506 534 507
f 534 535 507
f 507 535 508
f 535 536 508
f 508 536 509
f 536 537 509
f 509 537 510
f 537 538 510
f 510 538 511
f 538 539 511
f 511 539 512
f 539 540 512
f 512 540 513
f 540 541 513
f 513 541 514
f 541 542 514
f 514 542 515
f 542 543 515
f 515 543 516
f 543 544 516
f 516 544 517
f 544 545 517
f 517 545 518
f 545 546 518
f 518 546 519
f 546 547 519
f 519 547 520
f 547 548 520
f 520 548 521
f 548 549 521
f 521 549 522
f 549 550 522
f 522 550 523
f 550 551 523
f 523 551 524
f 551 552 524
f 524 552 525
f 552 553 525
f 525 553 526
f 553 554 526
f 526 554 527
f 554 555 527
f 527 555 528
f 555 556 528
f 528 556 529
f 556 557 529
f 529 557 530
f 557 558 530
f 530 558 531
f 558 559 531
f 531 559 532
f 559 560 532
f 532 560 505
f 560 533 505
f 533 561 534
f 561 562 534
f 534 562 535
f 562 563 535
f 535 563 536
f 563 564 536
f 536 564 537
f 564 565 537
f 537 565 538
f 565 566 538
f 538 566 539
f 566 567 539
f 539 567 540
f 567 568 540
f 540 568 541
f 568 569 541
f 541 569 542
f 569 570 542
f 542 570 543
f 570 571 543
f 543 571 544
f 571 572 544
f 544 572 545
f 572 573 545
f 545 573 546
f 573 574 546
f 546 574 547
f 574 575 547
f 547 575 548
f 575 576 548
f 548 576 549
f 576 577 549
f 549 577 550
f 577 578 550
f 550 578 551
f 578 579 551
f 551 579 552
f 579 580 552
f 552 580 553
f 580 581 553
f 553 581 554
f 581 582 554
f 554 582 555
f 582 583 555
f 555 583 556
f 583 584 556
f 556 584 557
f 584 585 557
f 557 585 558
f 585 586 558
f 558 586 559
f 586 587 559
f 559 587 560
f 587 588 560
f 560 588 533
f 588 561 533
f 561 589 562
f 589 590 562
f 562 590 563
f 590 591 563
f 563 591 564
f 591 592 564
f 564 592 565
f 592 593 565
f 565 593 566
f 593 594 566
f 566 594 567
f 594 595 567
f 567 595 568
f 595 596 568
f 568 596 569
f 596 597 569
f 569 597 570
f 597 598 570
f 570 598 571
f 598 599 571
f 571 599 572
f 599 600 572
f 572 600 573
f 600 601 573
f 573 601 574
f 601 602 574
f 574 602 575
f 602 603 575
f 575 603 576
f 603 604 576
f 576 604 577
f 604 605 577
f 577 605 578
f 605 606 578
f 578 606 579
f 606 607 579
f 579 607 580
f 607 608 580
f 580 608 581
f 608 609 581
f 581 609 582
f 609 610 582
f 582 610 583
f 610 611 583
f 583 611 584
f 611 612 584
f 584 612 585
f 612 613 585
f 585 613 586
f 613 614 586
f 586 614 587
f 614 615 587
f 587 615 588
f 615 616 588
f 588 616 561
f 616 589 561
f 589 617 590
f 617 618 590
f 590 618 591
f 618 619 591
f 591 619 592
f 619 620 592
f 592 620 593
f 620 621 593
f 593 621 594
f 621 622 594
f 594 622 595
f 622 623 595
f 595 623 596
f 623 624 596
f 596 624 597
f 624 625 597
f 597 625 598
f 625 626 598
f 598 626 599
f 626 627 599
f 599 627 600
f 627 628 600
f 600 628 601
f 628 629 601
f 601 629 602
f 629 630 602
f 602 630 603
f 630 631 603
f 603 631 604
f 631 632 604
f 604 632 605
f 632 633 605
f 605 633 606
f 633 634 606
f 606 634 607
f 634 635 607
f 607 635 608
f 635 636 608
f 608 636 609
f 636 637 609
f 609 637 610
f 637 638 610
f 610 638 611
f 638 639 611
f 611 639 612
f 639 640 612
f 612 640 613
f 640 641 613
f 613 641 614
f 641 642 614
f 614 642 615
f 642 643 615
f 615 643 616
f 643 644 616
f 616 644 589
f 644 617 589
f 617 645 618
f 645 646 618
f 618 646 619
f 646 647 619
f 619 647 620
f 647 648 620
f 620 648 621
f 648 649 621
f 621 649 622
f 649 650 622
f 622 650 623
f 650 651 623
f 623 651 624
f 651 652 624
f 624 652 625
f 652 653 625
f 625 653 626
f 653 654 626
f 626 654 627
f 654 655 627
f 627 655 628
f 655 656 628
f 628 656 629
f 656 657 629
f 629 657 630
f 657 658 630
f 630 658 631
f 658 659 631
f 631 659 632
f 659 660 632
f 632 660 633
f 660 661 633
f 633 661 634
f 661 662 634
f 634 662 635
f 662 663 635
f 635 663 636
f 663 664 636
f 636 664 637
f 664 665 637
f 637 665 638
f 665 666 638
f 638 666 639
f 666 667 639
f 639 667 640
f 667 668 640
f 640 668 641
f 668 669 641
f 641 669 642
f 669 670 642
f 642 670 643
f 670 671 643
f 643 671 644
f 671 672 644
f 644 672 617
f 672 645 617
f 645 673 646
f 673 674 646
f 646 674 647
f 674 675 647
f 647 675 648
f 675 676 648
f 648 676 649
f 676 677 649
f 649 677 650
f 677 678 650
f 650 678 651
f 678 679 651
f 651 679 652
f 679 680 652
f 652 680 653
f 680 681 653
f 653 681 654
f 681 682 654
f 654 682 655
f 682 683 655
f 655 683 656
f 683 684 656
f 656 684 657
f 684 685 657
f 657 685 658
f 685 686 658
f 658 686 659
f 686 687 659
f 659 687 660
f 687 688 660
f 660 688 661
f 688 689 661
f 661 689 662
f 689 690 662
f 662 690 663
f 690 691 663
f 663 691 664
f 691 692 664
f 664 692 665
f 692 693 665
f 665 693 666
f 693 694 666
f 666 694 667
f 694 695 667
f 667 695 668
f 695 696 668
f 668 696 669
f 696 697 669
f 669 697 670
f 697 698 670
f 670 698 671
f 698 699 671
f 671 699 672
f 699 700 672
f 672 700 645
f 700 673 645
f 673 701 674
f 701 702 674
f 674 702 675
f 702 703 675
f 675 703 676
f 703 704 676
f 676 704 677
f 704 705 677
f 677 705 678
f 705 706 678
f 678 706 679
f 706 707 679
f 679 707 680
f 707 708 680
f 680 708 681
f 708 709 681
f 681 709 682
f 709 710 682
f 682 710 683
f 710 711 683
f 683 711 684
f 711 712 684
f 684 712 685
f 712 713 685
f 685 713 686
f 713 714 686
f 686 714 687
f 714 715 687
f 687 715 688
f 715 716 688
f 688 716 689
f 716 717 689
f 689 717 690
f 717 718 690
f 690 718 691
f 718 719 691
f 691 719 692
f 719 720 692
f 692 720 693
f 720 721 693
f 693 721 694
f 721 722 694
f 694 722 695
f 722 723 695
f 695 723 696
f 723 724 696
f 696 724 697
f 724 725 697
f 697 725 698
f 725 726 698
f 698 726 699
f 726 727 699
f 699 727 700
f 727 728 700
f 700 728 673
f 728 701 673
f 701 729 702
f 729 730 702
f 702 730 703
f 730 731 703
f 703 731 704
f 731 732 704
f 704 732 705
f 732 733 705
f 705 733 706
f 733 734 706
f 706 734 707
f 734 735 707
f 707 735 708
f 735 736 708
f 708 736 709
f 736 737 709
f 709 737 710
f 737 738 710
f 710 738 711
f 738 739 711
f 711 739 712
f 739 740 712
f 712 740 713
f 740 741 713
f 713 741 714
f 741 742 714
f 714 742 715
f 742 743 715
f 715 743 716
f 743 744 716
f 716 744 717
f 744 745 717
f 717 745 718
f 745 746 718
f 718 746 719
f 746 747 719
f 719 747 720
f 747 748 720
f 720 748 721
f 748 749 721
f 721 749 722
f 749 750 722
f 722 750 723
f 750 751 723
f 723 751 724
f 751 752 724
f 724 752 725
f 752 753 725
f 725 753 726
f 753 754 726
f 726 754 727
f 754 755 727
f 727 755 728
f 755 756 728
f 728 756 701
f 756 729 701
f 729 757 730
f 757 758 730
f 730 758 731
f 758 759 731
f 731 759 732
f 759 760 732
f 732 760 733
f 760 761 733
f 733 761 734
f 761 762 734
f 734 762 735
f 762 763 735
f 735 763 736
f 763 764 736
f 736 764 737
f 764 765 737
f 737 765 738
f 765 766 738
f 738 766 739
f 766 767 739
f 739 767 740
f 767 768 740
f 740 768 741
f 768 769 741
f 741 769 742
f 769 770 742
f 742 770 743
f 770 771 743
f 743 771 744
f 771 772 744
f 744 772 745
f 772 773 745
f 745 773 746
f 773 774 746
f 746 774 747
f 774 775 747
f 747 775 748
f 775 776 748
f 748 776 749
f 776 777 749
f 749 777 750
f 777 778 750
f 750 778 751
f 778 779 751
f 751 779 752
f 779 780 752
f 752 780 753
f 780 781 753
f 753 781 754
f 781 782 754
f 754 782 755
f 782 783 755
f 755 783 756
f 783 784 756
f 756 784 729
f 784 757 729
f 757 785 758
f 785 786 758
f 758 786 759
f 786 787 759
f 759 787 760
f 787 788 760
f 760 788 761
f 788 789 761
f 761 789 762
f 789 790 762
f 762 790 763
f 790 791 763
f 763 791 764
f 791 792 764
f 764 792 765
f 792 793 765
f 765 793 766
f 793 794 766
f 766 794 767
f 794 795 767
f 767 795 768
f 795 796 768
f 768 796 769
f 796 797 769
f 769 797 770
f 797 798 770
f 770 798 771
f 798 799 771
f 771 799 772
f 799 800 772
f 772 800 773
f 800 801 773
f 773 801 774
f 801 802 774
f 774 802 775
f 802 803 775
f 775 803 776
f 803 804 776
f 776 804 777
f 804 805 777
f 777 805 778
f 805 806 778
f 778 806 779
f 806 807 779
f 779 807 780
f 807 808 780
f 780 808 781
f 808 809 781
f 781 809 782
f 809 810 782
f 782 810 783
f 810 811 783
f 783 811 784
f 811 812 784
f 784 812 757
f 812 785 757
f 785 813 786
f 813 814 786
f 786 814 787
f 814 815 787
f 787 815 788
f 815 816 788
f 788 816 789
f 816 817 789
f 789 817 790
f 817 818 790
f 790 818 791
f 818 819 791
f 791 819 792
f 819 820 792
f 792 820 793
f 820 821 793
f 793 821 794
f 821 822 794
f 794 822 795
f 822 823 795
f 795 823 796
f 823 824 796
f 796 824 797
f 824 825 797
f 797 825 798
f 825 826 798
f 798 826 799
f 826 827 799
f 799 827 800
f 827 828 800
f 800 828 801
f 828 829 801
f 801 829 802
f 829 830 802
f 802 830 803
f 830 831 803
f 803 831 804
f 831 832 804
f 804 832 805
f 832 833 805
f 805 833 806
f 833 834 806
f 806 834 807
f 834 835 807
f 807 835 808
f 835 836 808
f 808 836 809
f 836 837 809
f 809 837 810
f 837 838 810
f 810 838 811
f 838 839 811
f 811 839 812
f 839 840 812
f 812 840 785
f 840 813 785
f 813 841 814
f 841 842 814
f 814 842 815
f 842 843 815
f 815 843 816
f 843 844 816
f 816 844 817
f 844 845 817
f 817 845 818
f 845 846 818
f 818 846 819
f 846 847 819
f 819 847 820
f 847 848 820
f 820 848 821
f 848 849 821
f 821 849 822
f 849 850 822
f 822 850 823
f 850 851 823
f 823 851 824
f 851 852 824
f 824 852 825
f 852 853 825
f 825 853 826
f 853 854 826
f 826 854 827
f 854 855 827
f 827 855 828
f 855 856 828
f 828 856 829
f 856 857 829
f 829 857 830
f 857 858 830
f 830 858 831
f 858 859 831
f 831 859 832
f 859 860 832
f 832 860 833
f 860 861 833
f 833 861 834
f 861 862 834
f 834 862 835
f 862 863 835
f 835 863 836
f 863 864 836
f 836 864 837
f 864 865 837
f 837 865 838
f 865 866 838
f 838 866 839
f 866 867 839
f 839 867 840
f 867 868 840
f 840 868 813
f 868 841 813
f 841 869 842
f 869 870 842
f 842 870 843
f 870 871 843
f 843 871 844
f 871 872 844
f 844 872 845
f 872 873 845
f 845 873 846
f 873 874 846
f 846 874 847
f 874 875 847
f 847 875 848
f 875 876 848
f 848 876 849
f 876 877 849
f 849 877 850
f 877 878 850
f 850 878 851
f 878 879 851
f 851 879 852
f 879 880 852
f 852 880 853
f 880 881 853
f 853 881 854
f 881 882 854
f 854 882 855
f 882 883 855
f 855 883 856
f 883 884 856
f 856 884 857
f 884 885 857
f 857 885 858
f 885 886 858
f 858 886 859
f 886 887 859
f 859 887 860
f 887 888 860
f 860 888 861
f 888 889 861
f 861 889 862
f 889 890 862
f 862 890 863
f 890 891 863
f 863 891 864
f 891 892 864
f 864 892 865
f 892 893 865
f 865 893 866
f 893 894 866
f 866 894 867
f 894 895 867
f 867 895 868
f 895 896 868
f 868 896 841
f 896 869 841
f 869 897 870
f 897 898 870
f 870 898 871
f 898 899 871
f 871 899 872
f 899 900 872
f 872 900 873
f 900 901 873
f 873 901 874
f 901 902 874
f 874 902 875
f 902 903 875
f 875 903 876
f 903 904 876
f 876 904 877
f 904 905 877
f 877 905 878
f 905 906 878
f 878 906 879
f 906 907 879
f 879 907 880
f 907 908 880
f 880 908 881
f 908 909 881
f 881 909 882
f 909 910 882
f 882 910 883
f 910 911 883
f 883 911 884
f 911 912 884
f 884 912 885
f 912 913 885
f 885 913 886
f 913 914 886
f 886 914 887
f 914 915 887
f 887 915 888
f 915 916 888
f 888 916 889
f 916 917 889
f 889 917 890
f 917 918 890
f 890 918 891
f 918 919 891
f 891 919 892
f 919 920 892
f 892 920 893
f 920 921 893
f 893 921 894
f 921 922 894
f 894 922 895
f 922 923 895
f 895 923 896
f 923 924 896
f 896 924 869
f 924 897 869
f 897 925 898
f 925 926 898
f 898 926 899
f 926 927 899
f 899 927 900
f 927 928 900
f 900 928 901
f 928 929 901
f 901 929 902
f 929 930 902
f 902 930 903
f 930 931 903
f 903 931 904
f 931 932 904
f 904 932 905
f 932 933 905
f 905 933 906
f 933 934 906
f 906 934 907
f 934 935 907
f 907 935 908
f 935 936 908
f 908 936 909
f 936 937 909
f 909 937 910
f 937 938 910
f 910 938 911
f 938 939 911
f 911 939 912
f 939 940 912
f 912 940 913
f 940 941 913
f 913 941 914
f 941 942 914
f 914 942 915
f 942 943 915
f 915 943 916
f 943 944 916
f 916 944 917
f 944 945 917
f 917 945 918
f 945 946 918
f 918 946 919
f 946 947 919
f 919 947 920
f 947 948 920
f 920 948 921
f 948 949 921
f 921 949 922
f 949 950 922
f 922 950 923
f 950 951 923
f 923 951 924
f 951 952 924
f 924 952 897
f 952 925 897
f 925 953 926
f 953 954 926
f 926 954 927
f 954 955 927
f 927 955 928
f 955 956 928
f 928 956 929
f 956 957 929
f 929 957 930
f 957 958 930
f 930 958 931
f 958 959 931
f 931 959 932
f 959 960 932
f 932 960 933
f 960 961 933
f 933 961 934
f 961 962 934
f 934 962 935
f 962 963 935
f 935 963 936
f 963 964 936
f 936 964 937
f 964 965 937
f 937 965 938
f 965 966 938
f 938 966 939
f 966 967 939
f 939 967 940
f 967 968 940
f 940 968 941
f 968 969 941
f 941 969 942
f 969 970 942
f 942 970 943
f 970 971 943
f 943 971 944
f 971 972 944
f 944 972 945
f 972 973 945
f 945 973 946
f 973 974 946
f 946 974 947
f 974 975 947
f 947 975 948
f 975 976 948
f 948 976 949
f 976 977 949
f 949 977 950
f 977 978 950
f 950 978 951
f 978 979 951
f 951 979 952
f 979 980 952
f 952 980 925
f 980 953 925
f 953 981 954
f 981 982 954
f 954 982 955
f 982 983 955
f 955 983 956
f 983 984 956
f 956 984 957
f 984 985 957
f 957 985 958
f 985 986 958
f 958 986 959
f 986 987 959
f 959 987 960
f 987 988 960
f 960 988 961
f 988 989 961
f 961 989 962
f 989 990 962
f 962 990 963
f 990 991 963
f 963 991 964
f 991 992 964
f 964 992 965
f 992 993 965
f 965 993 966
f 993 994 966
f 966 994 967
f 994 995 967
f 967 995 968
f 995 996 968
f 968 996 969
f 996 997 969
f 969 997 970
f 997 998 970
f 970 998 971
f 998 999 971
f 971 999 972
f 999 1000 972
f 972 1000 973
f 1000 1001 973
f 973 1001 974
f 1001 1002 974
f 974 1002 975
f 1002 1003 975
f 975 1003 976
f 1003 1004 976
f 976 1004 977
f 1004 1005 977
f 977 1005 978
f 1005 1006 978
f 978 1006 979
f 1006 1007 979
f 979 1007 980
f 1007 1008 980
f 980 1008 953
f 1008 981 953
f 981 1009 982
f 1009 1010 982
f 982 1010 983
f 1010 1011 983
f 983 1011 984
f 1011 1012 984
f 984 1012 985
f 1012 1013 985
f 985 1013 986
f 1013 1014 986
f 986 1014 987
f 1014 1015 987
f 987 1015 988
f 1015 1016 988
f 988 1016 989
f 1016 1017 989
f 989 1017 990
f 1017 1018 990
f 990 1018 991
f 1018 1019 991
f 991 1019 992
f 1019 1020 992
f 992 1020 993
f 1020 1021 993
f 993 1021 994
f 1021 1022 994
f 994 1022 995
f 1022 1023 995
f 995 1023 996
f 1023 1024 996
f 996 1024 997
f 1024 1025 997
f 997 1025 998
f 1025 1026 998
f 998 1026 999
f 1026 1027 999
f 999 1027 1000
f 1027 1028 1000
f 1000 1028 1001
f 1028 1029 1001
f 1001 1029 1002
f 1029 1030 1002
f 1002 1030 1003
f 1030 1031 1003
f 1003 1031 1004
f 1031 1032 1004
f 1004 1032 1005
f 1032 1033 1005
f 1005 1033 1006
f 1033 1034 1006
f 1006 1034 1007
f 1034 1035 1007
f 1007 1035 1008
f 1035 1036 1008
f 1008 1036 981
f 1036 1009 981
f 1009 1037 1010
f 1037 1038 1010
f 1010 1038 1011
f 1038 1039 1011
f 1011 1039 1012
f 1039 1040 1012
f 1012 1040 1013
f 1040 1041 1013
f 1013 1041 1014
f 1041 1042 1014
f 1014 1042 1015
f 1042 1043 1015
f 1015 1043 1016
f 1043 1044 1016
f 1016 1044 1017
f 1044 1045 1017
f 1017 1045 1018
f 1045 1046 1018
f 1018 1046 1019
f 1046 1047 1019
f 1019 1047 1020
f 1047 1048 1020
f 1020 1048 1021
f 1048 1049 1021
f 1021 1049 1022
f 1049 1050 1022
f 1022 1050 1023
f 1050 1051 1023
f 1023 1051 1024
f 1051 1052 1024
f 1024 1052 1025
f 1052 1053 1025
f 1025 1053 1026
f 1053 1054 1026
f 1026 1054 1027
f 1054 1055 1027
f 1027 1055 1028
f 1055 1056 1028
f 1028 1056 1029
f 1056 1057 1029
f 1029 1057 1030
f 1057 1058 1030
f 1030 1058 1031
f 1058 1059 1031
f 1031 1059 1032
f 1059 1060 1032
f 1032 1060 1033
f 1060 1061 1033
f 1033 1061 1034
f 1061 1062 1034
f 1034 1062 1035
f 1062 1063 1035
f 1035 1063 1036
f 1063 1064 1036
f 1036 1064 1009
f 1064 1037 1009
f 1037 1065 1038
f 1065 1066 1038
f 1038 1066 1039
f 1066 1067 1039
f 1039 1067 1040
f 1067 1068 1040
f 1040 1068 1041
f 1068 1069 1041
f 1041 1069 1042
f 1069 1070 1042
f 1042 1070 1043
f 1070 1071 1043
f 1043 1071 1044
f 1071 1072 1044
f 1044 1072 1045
f 1072 1073 1045
f 1045 1073 1046
f 1073 1074 1046
f 1046 1074 1047
f 1074 1075 1047
f 1047 1075 1048
f 1075 1076 1048
f 1048 1076 1049
f 1076 1077 1049
f 1049 1077 1050
f 1077 1078 1050
f 1050 1078 1051
f 1078 1079 1051
f 1051 1079 1052
f 1079 1080 1052
f 1052 1080 1053
f 1080 1081 1053
f 1053 1081 1054
f 1081 1082 1054
f 1054 1082 1055
f 1082 1083 1055
f 1055 1083 1056
f 1083 1084 1056
f 1056 1084 1057
f 1084 1085 1057
f 1057 1085 1058
f 1085 1086 1058
f 1058 1086 1059
f 1086 1087 1059
f 1059 1087 1060
f 1087 1088 1060
f 1060 1088 1061
f 1088 1089 1061
f 1061 1089 1062
f 1089 1090 1062
f 1062 1090 1063
f 1090 1091 1063
f 1063 1091 1064
f 1091 1092 1064
f 1064 1092 1037
f 1092 1065 1037
f 1065 1093 1066
f 1093 1094 1066
f 1066 1094 1067
f 1094 1095 1067
f 1067 1095 1068
f 1095 1096 1068
f 1068 1096 1069
f 1096 1097 1069
f 1069 1097 1070
f 1097 1098 1070
f 1070 1098 1071
f 1098 1099 1071
f 1071 1099 1072
f 1099 1100 1072
f 1072 1100 1073
f 1100 1101 1073
f 1073 1101 1074
f 1101 1102 1074
f 1074 1102 1075
f 1102 1103 1075
f 1075 1103 1076
f 1103 1104 1076
f 1076 1104 1077
f 1104 1105 1077
f 1077 1105 1078
f 1105 1106 1078
f 1078 1106 1079
f 1106 1107 1079
f 1079 1107 1080
f 1107 1108 1080
f 1080 1108 1081
f 1108 1109 1081
f 1081 1109 1082
f 1109 1110 1082
f 1082 1110 1083
f 1110 1111 1083
f 1083 1111 1084
f 1111 1112 1084
f 1084 1112 1085
f 1112 1113 1085
f 1085 1113 1086
f 1113 1114 1086
f 1086 1114 1087
f 1114 1115 1087
f 1087 1115 1088
f 1115 1116 1088
f 1088 1116 1089
f 1116 1117 1089
f 1089 1117 1090
f 1117 1118 1090
f 1090 1118 1091
f 1118 1119 1091
f 1091 1119 1092
f 1119 1120 1092
f 1092 1120 1065
f 1120 1093 1065
f 1093 1121 1094
f 1121 1122 1094
f 1094 1122 1095
f 1122 1123 1095
f 1095 1123 1096
f 1123 1124 1096
f 1096 1124 1097
f 1124 1125 1097
f 1097 1125 1098
f 1125 1126 1098
f 1098 1126 1099
f 1126 1127 1099
f 1099 1127 1100
f 1127 1128 1100
f 1100 1128 1101
f 1128 1129 1101
f 1101 1129 1102
f 1129 1130 1102
f 1102 1130 1103
f 1130 1131 1103
f 1103 1131 1104
f 1131 1132 1104
f 1104 1132 1105
f 1132 1133 1105
f 1105 1133 1106
f 1133 1134 1106
f 1106 1134 1107
f 1134 1135 1107
f 1107 1135 1108
f 1135 1136 1108
f 1108 1136 1109
f 1136 1137 1109
f 1109 1137 1110
f 1137 1138 1110
f 1110 1138 1111
f 1138 1139 1111
f 1111 1139 1112
f 1139 1140 1112
f 1112 1140 1113
f 1140 1141 1113
f 1113 1141 1114
f 1141 1142 1114
f 1114 1142 1115
f 1142 1143 1115
f 1115 1143 1116
f 1143 1144 1116
f 1116 1144 1117
f 1144 1145 1117
f 1117 1145 1118
f 1145 1146 1118
f 1118 1146 1119
f 1146 1147 1119
f 1119 1147 1120
f 1147 1148 1120
f 1120 1148 1093
f 1148 1121 1093
f 1121 1149 1122
f 1149 1150 1122
f 1122 1150 1123
f 1150 1151 1123
f 1123 1151 1124
f 1151 1152 1124
f 1124 1152 1125
f 1152 1153 1125
f 1125 1153 1126
f 1153 1154 1126
f 1126 1154 1127
f 1154 1155 1127
f 1127 1155 1128
f 1155 1156 1128
f 1128 1156 1129
f 1156 1157 1129
f 1129 1157 1130
f 1157 1158 1130
f 1130 1158 1131
f 1158 1159 1131
f 1131 1159 1132
f 1159 1160 1132
f 1132 1160 1133
f 1160 1161 1133
f 1133 1161 1134
f 1161 1162 1134
f 1134 1162 1135
f 1162 1163 1135
f 1135 1163 1136
f 1163 1164 1136
f 1136 1164 1137
f 1164 1165 1137
f 1137 1165 1138
f 1165 1166 1138
f 1138 1166 1139
f 1166 1167 1139
f 1139 1167 1140
f 1167 1168 1140
f 1140 1168 1141
f 1168 1169 1141
f 1141 1169 1142
f 1169 1170 1142
f 1142 1170 1143
f 1170 1171 1143
f 1143 1171 1144
f 1171 1172 1144
f 1144 1172 1145
f 1172 1173 1145
f 1145 1173 1146
f 1173 1174 1146
f 1146 1174 1147
f 1174 1175 1147
f 1147 1175 1148
f 1175 1176 1148
f 1148 1176 1121
f 1176 1149 1121
f 1149 1177 1150
f 1177 1178 1150
f 1150 1178 1151
f 1178 1179 1151
f 1151 1179 1152
f 1179 1180 1152
f 1152 1180 1153
f 1180 1181 1153
f 1153 1181 1154
f 1181 1182 1154
f 1154 1182 1155
f 1182 1183 1155
f 1155 1183 1156
f 1183 1184 1156
f 1156 1184 1157
f 1184 1185 1157
f 1157 1185 1158
f 1185 1186 1158
f 1158 1186 1159
f 1186 1187 1159
f 1159 1187 1160
f 1187 1188 1160
f 1160 1188 1161
f 1188 1189 1161
f 1161 1189 1162
f 1189 1190 1162
f 1162 1190 1163
f 1190 1191 1163
f 1163 1191 1164
f 1191 1192 1164
f 1164 1192 1165
f 1192 1193 1165
f 1165 1193 1166
f 1193 1194 1166
f 1166 1194 1167
f 1194 1195 1167
f 1167 1195 1168
f 1195 1196 1168
f 1168 1196 1169
f 1196 1197 1169
f 1169 1197 1170
f 1197 1198 1170
f 1170 1198 1171
f 1198 1199 1171
f 1171 1199 1172
f 1199 1200 1172
f 1172 1200 1173
f 1200 1201 1173
f 1173 1201 1174
f 1201 1202 1174
f 1174 1202 1175
f 1202 1203 1175
f 1175 1203 1176
f 1203 1204 1176
f 1176 1204 1149
f 1204 1177 1149
f 1177 1205 1178
f 1205 1206 1178
f 1178 1206 1179
f 1206 1207 1179
f 1179 1207 1180
f 1207 1208 1180
f 1180 1208 1181
f 1208 1209 1181
f 1181 1209 1182
f 1209 1210 1182
f 1182 1210 1183
f 1210 1211 1183
f 1183 1211 1184
f 1211 1212 1184
f 1184 1212 1185
f 1212 1213 1185
f 1185 1213 1186
f 1213 1214 1186
f 1186 1214 1187
f 1214 1215 1187
f 1187 1215 1188
f 1215 1216 1188
f 1188 1216 1189
f 1216 1217 1189
f 1189 1217 1190
f 1217 1218 1190
f 1190 1218 1191
f 1218 1219 1191
f 1191 1219 1192
f 1219 1220 1192
f 1192 1220 1193
f 1220 1221 1193
f 1193 1221 1194
f 1221 1222 1194
f 1194 1222 1195
f 1222 1223 1195
f 1195 1223 1196
f 1223 1224 1196
f 1196 1224 1197
f 1224 1225 1197
f 1197 1225 1198
f 1225 1226 1198
f 1198 1226 1199
f 1226 1227 1199
f 1199 1227 1200
f 1227 1228 1200
f 1200 1228 1201
f 1228 1229 1201
f 1201 1229 1202
f 1229 1230 1202
f 1202 1230 1203
f 1230 1231 1203
f 1203 1231 1204
f 1231 1232 1204
f 1204 1232 1177
f 1232 1205 1177
f 1205 1233 1206
f 1233 1234 1206
f 1206 1234 1207
f 1234 1235 1207
f 1207 1235 1208
f 1235 1236 1208
f 1208 1236 1209
f 1236 1237 1209
f 1209 1237 1210
f 1237 1238 1210
f 1210 1238 1211
f 1238 1239 1211
f 1211 1239 1212
f 1239 1240 1212
f 1212 1240 1213
f 1240 1241 1213
f 1213 1241 1214
f 1241 1242 1214
f 1214 1242 1215
f 1242 1243 1215
f 1215 1243 1216
f 1243 1244 1216
f 1216 1244 1217
f 1244 1245 1217
f 1217 1245 1218
f 1245 1246 1218
f 1218 1246 1219
f 1246 1247 1219
f 1219 1247 1220
f 1247 1248 1220
f 1220 1248 1221
f 1248 1249 1221
f 1221 1249 1222
f 1249 1250 1222
f 1222 1250 1223
f 1250 1251 1223
f 1223 1251 1224
f 1251 1252 1224
f 1224 1252 1225
f 1252 1253 1225
f 1225 1253 1226
f 1253 1254 1226
f 1226 1254 1227
f 1254 1255 1227
f 1227 1255 1228
f 1255 1256 1228
f 1228 1256 1229
f 1256 1257 1229
f 1229 1257 1230
f 1257 1258 1230
f 1230 1258 1231
f 1258 1259 1231
f 1231 1259 1232
f 1259 1260 1232
f 1232 1260 1205
f 1260 1233 1205
f 1233 1261 1234
f 1261 1262 1234
f 1234 1262 1235
f 1262 1263 1235
f 1235 1263 1236
f 1263 1264 1236
f 1236 1264 1237
f 1264 1265 1237
f 1237 1265 1238
f 1265 1266 1238
f 1238 1266 1239
f 1266 1267 1239
f 1239 1267 1240
f 1267 1268 1240
f 1240 1268 1241
f 1268 1269 1241
f 1241 1269 1242
f 1269 1270 1242
f 1242 1270 1243
f 1270 1271 1243
f 1243 1271 1244
f 1271 1272 1244
f 1244 1272 1245
f 1272 1273 1245
f 1245 1273 1246
f 1273 1274 1246
f 1246 1274 1247
f 1274 1275 1247
f 1247 1275 1248
f 1275 1276 1248
f 1248 1276 1249
f 1276 1277 1249
f 1249 1277 1250
f 1277 1278 1250
f 1250 1278 1251
f 1278 1279 1251
f 1251 1279 1252
f 1279 1280 1252
f 1252 1280 1253
f 1280 1281 1253
f 1253 1281 1254
f 1281 1282 1254
f 1254 1282 1255
f 1282 1283 1255
f 1255 1283 1256
f 1283 1284 1256
f 1256 1284 1257
f 1284 1285 1257
f 1257 1285 1258
f 1285 1286 1258
f 1258 1286 1259
f 1286 1287 1259
f 1259 1287 1260
f 1287 1288 1260
f 1260 1288 1233
f 1288 1261 1233
f 1261 1289 1262
f 1289 1290 1262
f 1262 1290 1263
f 1290 1291 1263
f 1263 1291 1264
f 1291 1292 1264
f 1264 1292 1265
f 1292 1293 1265
f 1265 1293 1266
f 1293 1294 1266
f 1266 1294 1267
f 1294 1295 1267
f 1267 1295 1268
f 1295 1296 1268
f 1268 1296 1269
f 1296 1297 1269
f 1269 1297 1270
f 1297 1298 1270
f 1270 1298 1271
f 1298 1299 1271
f 1271 1299 1272
f 1299 1300 1272
f 1272 1300 1273
f 1300 1301 1273
f 1273 1301 1274
f 1301 1302 1274
f 1274 1302 1275
f 1302 1303 1275
f 1275 1303 1276
f 1303 1304 1276
f 1276 1304 1277
f 1304 1305 1277
f 1277 1305 1278
f 1305 1306 1278
f 1278 1306 1279
f 1306 1307 1279
f 1279 1307 1280
f 1307 1308 1280
f 1280 1308 1281
f 1308 1309 1281
f 1281 1309 1282
f 1309 1310 1282
f 1282 1310 1283
f 1310 1311 1283
f 1283 1311 1284
f 1311 1312 1284
f 1284 1312 1285
f 1312 1313 1285
f 1285 1313 1286
f 1313 1314 1286
f 1286 1314 1287
f 1314 1315 1287
f 1287 1315 1288
f 1315 1316 1288
f 1288 1316 1261
f 1316 1289 1261
f 1289 1317 1290
f 1317 1318 1290
f 1290 1318 1291
f 1318 1319 1291
f 1291 1319 1292
f 1319 1320 1292
f 1292 1320 1293
f 1320 1321 1293
f 1293 1321 1294
f 1321 1322 1294
f 1294 1322 1295
f 1322 1323 1295
f 1295 1323 1296
f 1323 1324 1296
f 1296 1324 1297
f 1324 1325 1297
f 1297 1325 1298
f 1325 1326 1298
f 1298 1326 1299
f 1326 1327 1299
f 1299 1327 1300
f 1327 1328 1300
f 1300 1328 1301
f 1328 1329 1301
f 1301 1329 1302
f 1329 1330 1302
f 1302 1330 1303
f 1330 1331 1303
f 1303 1331 1304
f 1331 1332 1304
f 1304 1332 1305
f 1332 1333 1305
f 1305 1333 1306
f 1333 1334 1306
f 1306 1334 1307
f 1334 1335 1307
f 1307 1335 1308
f 1335 1336 1308
f 1308 1336 1309
f 1336 1337 1309
f 1309 1337 1310
f 1337 1338 1310
f 1310 1338 1311
f 1338 1339 1311
f 1311 1339 1312
f 1339 1340 1312
f 1312 1340 1313
f 1340 1341 1313
f 1313 1341 1314
f 1341 1342 1314
f 1314 1342 1315
f 1342 1343 1315
f 1315 1343 1316
f 1343 1344 1316
f 1316 1344 1289
f 1344 1317 1289
f 1317 1345 1318
f 1345 1346 1318
f 1318 1346 1319
f 1346 1347 1319
f 1319 1347 1320
f 1347 1348 1320
f 1320 1348 1321
f 1348 1349 1321
f 1321 1349 1322
f 1349 1350 1322
f 1322 1350 1323
f 1350 1351 1323
f 1323 1351 1324
f 1351 1352 1324
f 1324 1352 1325
f 1352 1353 1325
f 1325 1353 1326
f 1353 1354 1326
f 1326 1354 1327
f 1354 1355 1327
f 1327 1355 1328
f 1355 1356 1328
f 1328 1356 1329
f 1356 1357 1329
f 1329 1357 1330
f 1357 1358 1330
f 1330 1358 1331
f 1358 1359 1331
f 1331 1359 1332
f 1359 1360 1332
f 1332 1360 1333
f 1360 1361 1333
f 1333 1361 1334
f 1361 1362 1334
f 1334 1362 1335
f 1362 1363 1335
f 1335 1363 1336
f 1363 1364 1336
f 1336 1364 1337
f 1364 1365 1337
f 1337 1365 1338
f 1365 1366 1338
f 1338 1366 1339
f 1366 1367 1339
f 1339 1367 1340
f 1367 1368 1340
f 1340 1368 1341
f 1368 1369 1341
f 1341 1369 1342
f 1369 1370 1342
f 1342 1370 1343
f 1370 1371 1343
f 1343 1371 1344
f 1371 1372 1344
f 1344 1372 1317
f 1372 1345 1317
f 1345 1373 1346
f 1373 1374 1346
f 1346 1374 1347
f 1374 1375 1347
f 1347 1375 1348
f 1375 1376 1348
f 1348 1376 1349
f 1376 1377 1349
f 1349 1377 1350
f 1377 1378 1350
f 1350 1378 1351
f 1378 1379 1351
f 1351 1379 1352
f 1379 1380 1352
f 1352 1380 1353
f 1380 1381 1353
f 1353 1381 1354
f 1381 1382 1354
f 1354 1382 1355
f 1382 1383 1355
f 1355 1383 1356
f 1383 1384 1356
f 1356 1384 1357
f 1384 1385 1357
f 1357 1385 1358
f 1385 1386 1358
f 1358 1386 1359
f 1386 1387 1359
f 1359 1387 1360
f 1387 1388 1360
f 1360 1388 1361
f 1388 1389 1361
f 1361 1389 1362
f 1389 1390 1362
f 1362 1390 1363
f 1390 1391 1363
f 1363 1391 1364
f 1391 1392 1364
f 1364 1392 1365
f 1392 1393 1365
f 1365 1393 1366
f 1393 1394 1366
f 1366 1394 1367
f 1394 1395 1367
f 1367 1395 1368
f 1395 1396 1368
f 1368 1396 1369
f 1396 1397 1369
f 1369 1397 1370
f 1397 1398 1370
f 1370 1398 1371
f 1398 1399 1371
f 1371 1399 1372
f 1399 1400 1372
f 1372 1400 1345
f 1400 1373 1345
f 1373 1401 1374
f 1401 1402 1374
f 1374 1402 1375
f 1402 1403 1375
f 1375 1403 1376
f 1403 1404 1376
f 1376 1404 1377
f 1404 1405 1377
f 1377 1405 1378
f 1405 1406 1378
f 1378 1406 1379
f 1406 1407 1379
f 1379 1407 1380
f 1407 1408 1380
f 1380 1408 1381
f 1408 1409 1381
f 1381 1409 1382
f 1409 1410 1382
f 1382 1410 1383
f 1410 1411 1383
f 1383 1411 1384
f 1411 1412 1384
f 1384 1412 1385
f 1412 1413 1385
f 1385 1413 1386
f 1413 1414 1386
f 1386 1414 1387
f 1414 1415 1387
f 1387 1415 1388
f 1415 1416 1388
f 1388 1416 1389
f 1416 1417 1389
f 1389 1417 1390
f 1417 1418 1390
f 1390 1418 1391
f 1418 1419 1391
f 1391 1419 1392
f 1419 1420 1392
f 1392 1420 1393
f 1420 1421 1393
f 1393 1421 1394
f 1421 1422 1394
f 1394 1422 1395
f 1422 1423 1395
f 1395 1423 1396
f 1423 1424 1396
f 1396 1424 1397
f 1424 1425 1397
f 1397 1425 1398
f 1425 1426 1398
f 1398 1426 1399
f 1426 1427 1399
f 1399 1427 1400
f 1427 1428 1400
f 1400 1428 1373
f 1428 1401 1373
f 1401 1429 1402
f 1429 1430 1402
f 1402 1430 1403
f 1430 1431 1403
f 1403 1431 1404
f 1431 1432 1404
f 1404 1432 1405
f 1432 1433 1405
f 1405 1433 1406
f 1433 1434 1406
f 1406 1434 1407
f 1434 1435 1407
f 1407 1435 1408
f 1435 1436 1408
f 1408 1436 1409
f 1436 1437 1409
f 1409 1437 1410
f 1437 1438 1410
f 1410 1438 1411
f 1438 1439 1411
f 1411 1439 1412
f 1439 1440 1412
f 1412 1440 1413
f 1440 1441 1413
f 1413 1441 1414
f 1441 1442 1414
f 1414 1442 1415
f 1442 1443 1415
f 1415 1443 1416
f 1443 1444 1416
f 1416 1444 1417
f 1444 1445 1417
f 1417 1445 1418
f 1445 1446 1418
f 1418 1446 1419
f 1446 1447 1419
f 1419 1447 1420
f 1447 1448 1420
f 1420 1448 1421
f 1448 1449 1421
f 1421 1449 1422
f 1449 1450 1422
f 1422 1450 1423
f 1450 1451 1423
f 1423 1451 1424
f 1451 1452 1424
f 1424 1452 1425
f 1452 1453 1425
f 1425 1453 1426
f 1453 1454 1426
f 1426 1454 1427
f 1454 1455 1427
f 1427 1455 1428
f 1455 1456 1428
f 1428 1456 1401
f 1456 1429 1401
f 1429 1457 1430
f 1457 1458 1430
f 1430 1458 1431
f 1458 1459 1431
f 1431 1459 1432
f 1459 1460 1432
f 1432 1460 1433
f 1460 1461 1433
f 1433 1461 1434
f 1461 1462 1434
f 1434 1462 1435
f 1462 1463 1435
f 1435 1463 1436
f 1463 1464 1436
f 1436 1464 1437
f 1464 1465 1437
f 1437 1465 1438
f 1465 1466 1438
f 1438 1466 1439
f 1466 1467 1439
f 1439 1467 1440
f 1467 1468 1440
f 1440 1468 1441
f 1468 1469 1441
f 1441 1469 1442
f 1469 1470 1442
f 1442 1470 1443
f 1470 1471 1443
f 1443 1471 1444
f 1471 1472 1444
f 1444 1472 1445
f 1472 1473 1445
f 1445 1473 1446
f 1473 1474 1446
f 1446 1474 1447
f 1474 1475 1447
f 1447 1475 1448
f 1475 1476 1448
f 1448 1476 1449
f 1476 1477 1449
f 1449 1477 1450
f 1477 1478 1450
f 1450 1478 1451
f 1478 1479 1451
f 1451 1479 1452
f 1479 1480 1452
f 1452 1480 1453
f 1480 1481 1453
f 1453 1481 1454
f 1481 1482 1454
f 1454 1482 1455
f 1482 1483 1455
f 1455 1483 1456
f 1483 1484 1456
f 1456 1484 1429
f 1484 1457 1429
f 1457 1485 1458
f 1485 1486 1458
f 1458 1486 1459
f 1486 1487 1459
f 1459 1487 1460
f 1487 1488 1460
f 1460 1488 1461
f 1488 1489 1461
f 1461 1489 1462
f 1489 1490 1462
f 1462 1490 1463
f 1490 1491 1463
f 1463 1491 1464
f 1491 1492 1464
f 1464 1492 1465
f 1492 1493 1465
f 1465 1493 1466
f 1493 1494 1466
f 1466 1494 1467
f 1494 1495 1467
f 1467 1495 1468
f 1495 1496 1468
f 1468 1496 1469
f 1496 1497 1469
f 1469 1497 1470
f 1497 1498 1470
f 1470 1498 1471
f 1498 1499 1471
f 1471 1499 1472
f 1499 1500 1472
f 1472 1500 1473
f 1500 1501 1473
f 1473 1501 1474
f 1501 1502 1474
f 1474 1502 1475
f 1502 1503 1475
f 1475 1503 1476
f 1503 1504 1476
f 1476 1504 1477
f 1504 1505 1477
f 1477 1505 1478
f 1505 1506 1478
f 1478 1506 1479
f 1506 1507 1479
f 1479 1507 1480
f 1507 1508 1480
f 1480 1508 1481
f 1508 1509 1481
f 1481 1509 1482
f 1509 1510 1482
f 1482 1510 1483
f 1510 1511 1483
f 1483 1511 1484
f 1511 1512 1484
f 1484 1512 1457
f 1512 1485 1457
f 1485 1513 1486
f 1513 1514 1486
f 1486 1514 1487
f 1514 1515 1487
f 1487 1515 1488
f 1515 1516 1488
f 1488 1516 1489
f 1516 1517 1489
f 1489 1517 1490
f 1517 1518 1490
f 1490 1518 1491
f 1518 1519 1491
f 1491 1519 1492
f 1519 1520 1492
f 1492 1520 1493
f 1520 1521 1493
f 1493 1521 1494
f 1521 1522 1494
f 1494 1522 1495
f 1522 1523 1495
f 1495 1523 1496
f 1523 1524 1496
f 1496 1524 1497
f 1524 1525 1497
f 1497 1525 1498
f 1525 1526 1498
f 1498 1526 1499
f 1526 1527 1499
f 1499 1527 1500
f 1527 1528 1500
f 1500 1528 1501
f 1528 1529 1501
f 1501 1529 1502
f 1529 1530 1502
f 1502 1530 1503
f 1530 1531 1503
f 1503 1531 1504
f 1531 1532 1504
f 1504 1532 1505
f 1532 1533 1505
f 1505 1533 1506
f 1533 1534 1506
f 1506 1534 1507
f 1534 1535 1507
f 1507 1535 1508
f 1535 1536 1508
f 1508 1536 1509
f 1536 1537 1509
f 1509 1537 1510
f 1537 1538 1510
f 1510 1538 1511
f 1538 1539 1511
f 1511 1539 1512
f 1539 1540 1512
f 1512 1540 1485
f 1540 1513 1485
f 1513 1541 1514
f 1541 1542 1514
f 1514 1542 1515
f 1542 1543 1515
f 1515 1543 1516
f 1543 1544 1516
f 1516 1544 1517
f 1544 1545 1517
f 1517 1545 1518
f 1545 1546 1518
f 1518 1546 1519
f 1546 1547 1519
f 1519 1547 1520
f 1547 1548 1520
f 1520 1548 1521
f 1548 1549 1521
f 1521 1549 1522
f 1549 1550 1522
f 1522 1550 1523
f 1550 1551 1523
f 1523 1551 1524
f 1551 1552 1524
f 1524 1552 1525
f 1552 1553 1525
f 1525 1553 1526
f 1553 1554 1526
f 1526 1554 1527
f 1554 1555 1527
f 1527 1555 1528
f 1555 1556 1528
f 1528 1556 1529
f 1556 1557 1529
f 1529 1557 1530
f 1557 1558 1530
f 1530 1558 1531
f 1558 1559 1531
f 1531 1559 1532
f 1559 1560 1532
f 1532 1560 1533
f 1560 1561 1533
f 1533 1561 1534
f 1561 1562 1534
f 1534 1562 1535
f 1562 1563 1535
f 1535 1563 1536
f 1563 1564 1536
f 1536 1564 1537
f 1564 1565 1537
f 1537 1565 1538
f 1565 1566 1538
f 1538 1566 1539
f 1566 1567 1539
f 1539 1567 1540
f 1567 1568 1540
f 1540 1568 1513
f 1568 1541 1513
f 1541 1569 1542
f 1569 1570 1542
f 1542 1570 1543
f 1570 1571 1543
f 1543 1571 1544
f 1571 1572 1544
f 1544 1572 1545
f 1572 1573 1545
f 1545 1573 1546
f 1573 1574 1546
f 1546 1574 1547
f 1574 1575 1547
f 1547 1575 1548
f 1575 1576 1548
f 1548 1576 1549
f 1576 1577 1549
f 1549 1577 1550
f 1577 1578 1550
f 1550 1578 1551
f 1578 1579 1551
f 1551 1579 1552
f 1579 1580 1552
f 1552 1580 1553
f 1580 1581 1553
f 1553 1581 1554
f 1581 1582 1554
f 1554 1582 1555
f 1582 1583 1555
f 1555 1583 1556
f 1583 1584 1556
f 1556 1584 1557
f 1584 1585 1557
f 1557 1585 1558
f 1585 1586 1558
f 1558 1586 1559
f 1586 1587 1559
f 1559 1587 1560
f 1587 1588 1560
f 1560 1588 1561
f 1588 1589 1561
f 1561 1589 1562
f 1589 1590 1562
f 1562 1590 1563
f 1590 1591 1563
f 1563 1591 1564
f 1591 1592 1564
f 1564 1592 1565
f 1592 1593 1565
f 1565 1593 1566
f 1593 1594 1566
f 1566 1594 1567
f 1594 1595 1567
f 1567 1595 1568
f 1595 1596 1568
f 1568 1596 1541
f 1596 1569 1541
f 1569 1597 1570
f 1597 1598 1570
f 1570 1598 1571
f 1598 1599 1571
f 1571 1599 1572
f 1599 1600 1572
f 1572 1600 1573
f 1600 1601 1573
f 1573 1601 1574
f 1601 1602 1574
f 1574 1602 1575
f 1602 1603 1575
f 1575 1603 1576
f 1603 1604 1576
f 1576 1604 1577
f 1604 1605 1577
f 1577 1605 1578
f 1605 1606 1578
f 1578 1606 1579
f 1606 1607 1579
f 1579 1607 1580
f 1607 1608 1580
f 1580 1608 1581
f 1608 1609 1581
f 1581 1609 1582
f 1609 1610 1582
f 1582 1610 1583
f 1610 1611 1583
f 1583 1611 1584
f 1611 1612 1584
f 1584 1612 1585
f 1612 1613 1585
f 1585 1613 1586
f 1613 1614 1586
f 1586 1614 1587
f 1614 1615 1587
f 1587 1615 1588
f 1615 1616 1588
f 1588 1616 1589
f 1616 1617 1589
f 1589 1617 1590
f 1617 1618 1590
f 1590 1618 1591
f 1618 1619 1591
f 1591 1619 1592
f 1619 1620 1592
f 1592 1620 1593
f 1620 1621 1593
f 1593 1621 1594
f 1621 1622 1594
f 1594 1622 1595
f 1622 1623 1595
f 1595 1623 1596
f 1623 1624 1596
f 1596 1624 1569
f 1624 1597 1569
f 1597 1625 1598
f 1625 1626 1598
f 1598 1626 1599
f 1626 1627 1599
f 1599 1627 1600
f 1627 1628 1600
f 1600 1628 1601
f 1628 1629 1601
f 1601 1629 1602
f 1629 1630 1602
f 1602 1630 1603
f 1630 1631 1603
f 1603 1631 1604
f 1631 1632 1604
f 1604 1632 1605
f 1632 1633 1605
f 1605 1633 1606
f 1633 1634 1606
f 1606 1634 1607
f 1634 1635 1607
f 1607 1635 1608
f 1635 1636 1608
f 1608 1636 1609
f 1636 1637 1609
f 1609 1637 1610
f 1637 1638 1610
f 1610 1638 1611
f 1638 1639 1611
f 1611 1639 1612
f 1639 1640 1612
f 1612 1640 1613
f 1640 1641 1613
f 1613 1641 1614
f 1641 1642 1614
f 1614 1642 1615
f 1642 1643 1615
f 1615 1643 1616
f 1643 1644 1616
f 1616 1644 1617
f 1644 1645 1617
f 1617 1645 1618
f 1645 1646 1618
f 1618 1646 1619
f 1646 1647 1619
f 1619 1647 1620
f 1647 1648 1620
f 1620 1648 1621
f 1648 1649 1621
f 1621 1649 1622
f 1649 1650 1622
f 1622 1650 1623
f 1650 1651 1623
f 1623 1651 1624
f 1651 1652 1624
f 1624 1652 1597
f 1652 1625 1597
f 1625 1653 1626
f 1653 1654 1626
f 1626 1654 1627
f 1654 1655 1627
f 1627 1655 1628
f 1655 1656 1628
f 1628 1656 1629
f 1656 1657 1629
f 1629 1657 1630
f 1657 1658 1630
f 1630 1658 1631
f 1658 1659 1631
f 1631 1659 1632
f 1659 1660 1632
f 1632 1660 1633
f 1660 1661 1633
f 1633 1661 1634
f 1661 1662 1634
f 1634 1662 1635
f 1662 1663 1635
f 1635 1663 1636
f 1663 1664 1636
f 1636 1664 1637
f 1664 1665 1637
f 1637 1665 1638
f 1665 1666 1638
f 1638 1666 1639
f 1666 1667 1639
f 1639 1667 1640
f 1667 1668 1640
f 1640 1668 1641
f 1668 1669 1641
f 1641 1669 1642
f 1669 1670 1642
f 1642 1670 1643
f 1670 1671 1643
f 1643 1671 1644
f 1671 1672 1644
f 1644 1672 1645
f 1672 1673 1645
f 1645 1673 1646
f 1673 1674 1646
f 1646 1674 1647
f 1674 1675 1647
f 1647 1675 1648
f 1675 1676 1648
f 1648 1676 1649
f 1676 1677 1649
f 1649 1677 1650
f 1677 1678 1650
f 1650 1678 1651
f 1678 1679 1651
f 1651 1679 1652
f 1679 1680 1652
f 1652 1680 1625
f 1680 1653 1625
f 1653 1681 1654
f 1681 1682 1654
f 1654 1682 1655
f 1682 1683 1655
f 1655 1683 1656
f 1683 1684 1656
f 1656 1684 1657
f 1684 1685 1657
f 1657 1685 1658
f 1685 1686 1658
f 1658 1686 1659
f 1686 1687 1659
f 1659 1687 1660
f 1687 1688 1660
f 1660 1688 1661
f 1688 1689 1661
f 1661 1689 1662
f 1689 1690 1662
f 1662 1690 1663
f 1690 1691 1663
f 1663 1691 1664
f 1691 1692 1664
f 1664 1692 1665
f 1692 1693 1665
f 1665 1693 1666
f 1693 1694 1666
f 1666 1694 1667
f 1694 1695 1667
f 1667 1695 1668
f 1695 1696 1668
f 1668 1696 1669
f 1696 1697 1669
f 1669 1697 1670
f 1697 1698 1670
f 1670 1698 1671
f 1698 1699 1671
f 1671 1699 1672
f 1699 1700 1672
f 1672 1700 1673
f 1700 1701 1673
f 1673 1701 1674
f 1701 1702 1674
f 1674 1702 1675
f 1702 1703 1675
f 1675 1703 1676
f 1703 1704 1676
f 1676 1704 1677
f 1704 1705 1677
f 1677 1705 1678
f 1705 1706 1678
f 1678 1706 1679
f 1706 1707 1679
f 1679 1707 1680
f 1707 1708 1680
f 1680 1708 1653
f 1708 1681 1653
f 1681 1709 1682
f 1709 1710 1682
f 1682 1710 1683
f 1710 1711 1683
f 1683 1711 1684
f 1711 1712 1684
f 1684 1712 1685
f 1712 1713 1685
f 1685 1713 1686
f 1713 1714 1686
f 1686 1714 1687
f 1714 1715 1687
f 1687 1715 1688
f 1715 1716 1688
f 1688 1716 1689
f 1716 1717 1689
f 1689 1717 1690
f 1717 1718 1690
f 1690 1718 1691
f 1718 1719 1691
f 1691 1719 1692
f 1719 1720 1692
f 1692 1720 1693
f 1720 1721 1693
f 1693 1721 1694
f 1721 1722 1694
f 1694 1722 1695
f 1722 1723 1695
f 1695 1723 1696
f 1723 1724 1696
f 1696 1724 1697
f 1724 1725 1697
f 1697 1725 1698
f 1725 1726 1698
f 1698 1726 1699
f 1726 1727 1699
f 1699 1727 1700
f 1727 1728 1700
f 1700 1728 1701
f 1728 1729 1701
f 1701 1729 1702
f 1729 1730 1702
f 1702 1730 1703
f 1730 1731 1703
f 1703 1731 1704
f 1731 1732 1704
f 1704 1732 1705
f 1732 1733 1705
f 1705 1733 1706
f 1733 1734 1706
f 1706 1734 1707
f 1734 1735 1707
f 1707 1735 1708
f 1735 1736 1708
f 1708 1736 1681
f 1736 1709 1681
f 1709 1737 1710
f 1737 1738 1710
f 1710 1738 1711
f 1738 1739 1711
f 1711 1739 1712
f 1739 1740 1712
f 1712 1740 1713
f 1740 1741 1713
f 1713 1741 1714
f 1741 1742 1714
f 1714 1742 1715
f 1742 1743 1715
f 1715 1743 1716
f 1743 1744 1716
f 1716 1744 1717
f 1744 1745 1717
f 1717 1745 1718
f 1745 1746 1718
f 1718 1746 1719
f 1746 1747 1719
f 1719 1747 1720
f 1747 1748 1720
f 1720 1748 1721
f 1748 1749 1721
f 1721 1749 1722
f 1749 1750 1722
f 1722 1750 1723
f 1750 1751 1723
f 1723 1751 1724
f 1751 1752 1724
f 1724 1752 1725
f 1752 1753 1725
f 1725 1753 1726
f 1753 1754 1726
f 1726 1754 1727
f 1754 1755 1727
f 1727 1755 1728
f 1755 1756 1728
f 1728 1756 1729
f 1756 1757 1729
f 1729 1757 1730
f 1757 1758 1730
f 1730 1758 1731
f 1758 1759 1731
f 1731 1759 1732
f 1759 1760 1732
f 1732 1760 1733
f 1760 1761 1733
f 1733 1761 1734
f 1761 1762 1734
f 1734 1762 1735
f 1762 1763 1735
f 1735 1763 1736
f 1763 1764 1736
f 1736 1764 1709
f 1764 1737 1709
f 1737 1765 1738
f 1765 1766 1738
f 1738 1766 1739
f 1766 1767 1739
f 1739 1767 1740
f 1767 1768 1740
f 1740 1768 1741
f 1768 1769 1741
f 1741 1769 1742
f 1769 1770 1742
f 1742 1770 1743
f 1770 1771 1743
f 1743 1771 1744
f 1771 1772 1744
f 1744 1772 1745
f 1772 1773 1745
f 1745 1773 1746
f 1773 1774 1746
f 1746 1774 1747
f 1774 1775 1747
f 1747 1775 1748
f 1775 1776 1748
f 1748 1776 1749
f 1776 1777 1749
f 1749 1777 1750
f 1777 1778 1750
f 1750 1778 1751
f 1778 1779 1751
f 1751 1779 1752
f 1779 1780 1752
f 1752 1780 1753
f 1780 1781 1753
f 1753 1781 1754
f 1781 1782 1754
f 1754 1782 1755
f 1782 1783 1755
f 1755 1783 1756
f 1783 1784 1756
f 1756 1784 1757
f 1784 1785 1757
f 1757 1785 1758
f 1785 1786 1758
f 1758 1786 1759
f 1786 1787 1759
f 1759 1787 1760
f 1787 1788 1760
f 1760 1788 1761
f 1788 1789 1761
f 1761 1789 1762
f 1789 1790 1762
f 1762 1790 1763
f 1790 1791 1763
f 1763 1791 1764
f 1791 1792 1764
f 1764 1792 1737
f 1792 1765 1737
f 1765 1 1766
f 1 2 1766
f 1766 2 1767
f 2 3 1767
f 1767 3 1768
f 3 4 1768
f 1768 4 1769
f 4 5 1769
f 1769 5 1770
f 5 6 1770
f 1770 6 1771
f 6 7 1771
f 1771 7 1772
f 7 8 1772
f 1772 8 1773
f 8 9 1773
f 1773 9 1774
f 9 10 1774
f 1774 10 1775
f 10 11 1775
f 1775 11 1776
f 11 12 1776
f 1776 12 1777
f 12 13 1777
f 1777 13 1778
f 13 14 1778
f 1778 14 1779
f 14 15 1779
f 1779 15 1780
f 15 16 1780
f 1780 16 1781
f 16 17 1781
f 1781 17 1782
f 17 18 1782
f 1782 18 1783
f 18 19 1783
f 1783 19 1784
f 19 20 1784
f 1784 20 1785
f 20 21 1785
f 1785 21 1786
f 21 22 1786
f 1786 22 1787
f 22 23 1787
f 1787 23 1788
f 23 24 1788
f 1788 24 1789
f 24 25 1789
f 1789 25 1790
f 25 26 1790
f 1790 26 1791
f 26 27 1791
f 1791 27 1792
f 27 28 1792
f 1792 28 1765
f 28 1 1765
